1322126110,70.2,31,31.8,31.8,31.9,98,28.1,NW,315,0,0,0,0,0,0
1322126208,70.2,32,31.8,31.8,31.8,98,28.1,NW,315,0,0,315,0,0,0
1322126410,70,32,31.8,31.8,31.8,98,28.1,NW,315,0,0,0,0,0,0
1322126470,70,32,31.8,31.8,31.8,98,28.1,NW,315,0,0,315,0,0,0
1322126530,70,32,31.8,31.8,31.8,98,28.1,NW,315,0,0,315,0,0,0
1322126590,70,32,31.8,31.8,31.8,98,28.1,NW,315,0,0,315,0,0,0
1322126650,70,32,31.6,31.6,31.8,98,27.9,NW,315,0,0,315,0,0,0
1322126710,70,32,31.6,31.6,31.8,98,27.9,NW,315,0,0,0,0,0,0
1322126770,70,32,31.6,31.6,31.8,98,27.9,NW,315,0,0,315,0,0,0
1322126830,70,32,31.6,31.6,31.8,98,27.9,NW,315,0,0,315,0,0,0
1322126890,69.8,32,31.6,31.6,31.8,98,27.9,NW,315,0,0,315,0,0,0
1322126950,69.8,32,31.6,31.6,31.8,98,27.9,W,270,0,0,315,0,0,0
1322127010,69.8,32,31.6,31.6,31.6,98,27.9,W,270,0,0,0,0,0,0
1322127070,69.8,32,31.6,31.6,31.6,98,27.9,W,270,0,0,270,0,0,0
1322127130,69.8,32,31.6,31.6,31.6,98,27.9,W,270,0,0,270,0,0,0
1322127190,69.8,32,31.6,31.6,31.6,98,27.9,W,270,0,0,270,0,0,0
1322127250,69.8,32,31.6,31.6,31.6,98,27.9,W,270,0,0,270,0,0,0
1322127310,69.6,32,31.6,31.6,31.6,98,27.9,W,270,0,0,0,0,0,0
1322127370,69.6,32,31.6,31.6,31.6,98,27.9,W,270,0,0,270,0,0,0
1322127430,69.6,32,31.6,31.6,31.6,98,27.9,W,270,0,0,270,0,0,0
1322127490,69.6,32,31.5,31.5,31.6,98,27.7,W,270,0,0,270,0,0,0
1322127550,69.6,32,31.5,31.5,31.6,98,27.7,W,270,0,0,270,0,0,0
1322127610,69.6,32,31.5,31.5,31.5,98,27.7,W,270,0,0,0,0,0,0
1322127670,69.6,32,31.5,31.5,31.5,98,27.7,W,270,0,0,270,0,0,0
1322127730,69.4,32,31.5,31.5,31.5,98,27.7,W,270,0,0,270,0,0,0
1322127790,69.4,32,31.5,31.5,31.5,98,27.7,W,270,0,0,270,0,0,0
1322127850,69.4,32,31.5,31.5,31.5,98,27.7,W,270,0,0,270,0,0,0
1322127910,69.4,32,31.5,31.5,31.5,98,27.7,W,270,0,0,0,0,0,0
1322127970,69.4,32,31.5,31.5,31.5,98,27.7,W,270,0,0,270,0,0,0
1322128030,69.4,32,31.5,31.5,31.5,98,27.7,W,270,0,0,270,0,0,0
1322128090,69.4,32,31.5,31.5,31.5,98,27.7,W,270,0,0,270,0,0,0
1322128150,69.4,32,31.5,31.5,31.5,98,27.7,W,270,0,0,270,0,0,0
1322128210,69.4,32,31.5,31.5,31.5,98,27.7,W,270,0,0,0,0,0,0
1322128270,69.4,32,31.3,31.3,31.5,98,27.5,W,270,0,0,270,0,0,0
1322128330,69.3,32,31.3,31.3,31.5,98,27.5,W,270,0,0,270,0,0,0
1322128390,69.3,32,31.3,31.3,31.5,98,27.5,W,270,0,0,270,0,0,0
1322128450,69.3,32,31.3,31.3,31.5,98,27.5,W,270,0,0,270,0,0,0
1322128510,69.3,32,31.3,31.3,31.3,98,27.5,W,270,0,0,0,0,0,0
1322128570,69.3,32,31.3,31.3,31.3,98,27.5,W,270,0,0,270,0,0,0
1322128630,69.3,32,31.3,31.3,31.3,98,27.5,W,270,0,0,270,0,0,0
1322128690,69.3,32,31.3,31.3,31.3,98,27.5,W,270,0,0,270,0,0,0
1322128750,69.1,32,31.3,31.3,31.3,98,27.5,W,270,0,0,270,0,0,0
1322128810,69.1,32,31.3,31.3,31.3,98,27.5,W,270,0,0,0,0,0,0
1322128870,69.1,32,31.3,31.3,31.3,98,27.5,W,270,0,0,270,0,0,0
1322128930,69.1,32,31.3,31.3,31.3,98,27.5,W,270,0,0,270,0,0,0
1322128990,69.1,32,31.3,31.3,31.3,98,27.5,W,270,0,0,270,0,0,0
1322129050,69.1,32,31.3,31.3,31.3,98,27.5,W,270,0,0,270,0,0,0
1322129110,69.1,32,31.3,31.3,31.3,98,27.5,W,270,0,0,0,0,0,0
1322129170,69.1,32,31.3,31.3,31.3,98,27.5,W,270,0,0,270,0,0,0
1322129230,69.1,32,31.3,31.3,31.3,98,27.5,W,270,0,0,270,0,0,0
1322129290,69.1,32,31.3,31.3,31.3,98,27.5,W,270,0,0,270,0,0,0
1322129350,68.9,32,31.3,31.3,31.3,98,27.5,W,270,0,0,270,0,0,0
1322129410,68.9,32,31.1,31.1,31.3,98,27.3,W,270,0,0,0,0,0,0
1322129470,68.9,32,31.1,31.1,31.3,98,27.3,W,270,0,0,270,0,0,0
1322129530,68.9,32,31.1,31.1,31.3,98,27.3,W,270,0,0,270,0,0,0
1322129590,68.9,32,31.1,31.1,31.3,98,27.3,W,270,0,0,270,0,0,0
1322129650,68.9,32,31.1,31.1,31.3,98,27.3,W,270,0,0,270,0,0,0
1322129710,68.9,32,31.1,31.1,31.1,98,27.3,W,270,0,0,0,0,0,0
1322129770,68.9,32,31.1,31.1,31.1,98,27.3,W,270,0,0,270,0,0,0
1322129830,68.9,32,31.1,31.1,31.1,98,27.3,W,270,0,0,270,0,0,0
1322129890,68.9,32,31.1,31.1,31.1,98,27.3,W,270,0,0,270,0,0,0
1322129950,68.9,32,31.1,31.1,31.1,98,27.3,W,270,0,0,270,0,0,0
1322130010,68.9,32,31.1,31.1,31.1,98,27.3,W,270,0,0,0,0,0,0
1322130070,68.7,32,31.1,31.1,31.1,98,27.3,W,270,0,0,270,0,0,0
1322130130,68.7,32,31.1,31.1,31.1,98,27.3,W,270,0,0,270,0,0,0
1322130190,68.7,32,31.1,31.1,31.1,98,27.3,W,270,0,0,270,0,0,0
1322130250,68.7,32,31.1,31.1,31.1,98,27.3,W,270,0,0,270,0,0,0
1322130310,68.7,32,31.1,31.1,31.1,98,27.3,W,270,0,0,0,0,0,0
1322130370,68.7,32,31.1,31.1,31.1,98,27.3,W,270,0,0,270,0,0,0
1322130430,68.7,32,31.1,31.1,31.1,98,27.3,W,270,0,0,270,0,0,0
1322130490,68.7,32,31.1,31.1,31.1,98,27.3,W,270,0,0,270,0,0,0
1322130550,68.5,32,31.1,31.1,31.1,98,27.3,W,270,0,0,270,0,0,0
1322130610,68.5,32,31.1,31.1,31.1,98,27.3,W,270,0,0,0,0,0,0
1322130670,68.5,32,31.1,31.1,31.1,98,27.3,W,270,0,0,270,0,0,0
1322130730,68.5,32,31.1,31.1,31.1,98,27.3,W,270,0,0,270,0,0,0
1322130790,68.5,32,31.1,31.1,31.1,98,27.3,W,270,0,0,270,0,0,0
1322130850,68.5,32,31.1,31.1,31.1,98,27.3,W,270,0,0,270,0,0,0
1322130910,68.5,32,31.1,31.1,31.1,98,27.3,W,270,0,0,0,0,0,0
1322130970,68.5,32,31.1,31.1,31.1,98,27.3,W,270,0,0,270,0,0,0
1322131030,68.5,32,31.1,31.1,31.1,98,27.3,W,270,0,0,270,0,0,0
1322131090,68.5,32,31.1,31.1,31.1,98,27.3,W,270,0,0,270,0,0,0
1322131150,68.4,32,31.1,31.1,31.1,98,27.3,W,270,0,0,270,0,0,0
1322131210,68.5,32,31.1,31.1,31.1,98,27.3,W,270,0,0,0,0,0,0
1322131270,68.4,32,31.1,31.1,31.1,98,27.3,W,270,0,0,270,0,0,0
1322131330,68.4,32,31.1,31.1,31.1,98,27.3,W,270,0,0,270,0,0,0
1322131390,68.4,32,31.1,31.1,31.1,98,27.3,W,270,0,0,270,0,0,0
1322131450,68.4,32,31.1,31.1,31.1,98,27.3,W,270,0,0,270,0,0,0
1322131510,68.4,32,31.1,31.1,31.1,98,27.3,W,270,0,0,0,0,0,0
1322131570,68.4,32,31.1,31.1,31.1,98,27.3,W,270,0,0,270,0,0,0
1322131630,68.4,32,31.1,31.1,31.1,98,27.3,W,270,0,0,270,0,0,0
1322131690,68.4,32,31.1,31.1,31.1,98,27.3,W,270,0,0,270,0,0,0
1322131750,68.4,32,31.1,31.1,31.1,98,27.3,W,270,0,0,270,0,0,0
1322131810,68.4,32,31.1,31.1,31.1,98,27.3,W,270,0,0,0,0,0,0
1322131870,68.4,32,31.1,31.1,31.1,98,27.3,W,270,0,0,270,0,0,0
1322131930,68.4,32,31.1,31.1,31.1,98,27.3,W,270,0,0,270,0,0,0
1322131990,68.2,32,30.9,30.9,31.1,98,27.1,W,270,0,0,270,0,0,0
1322132050,68.2,32,30.9,30.9,31.1,98,27.1,W,270,0,0,270,0,0,0
1322132110,68.2,32,30.9,30.9,31,98,27.1,W,270,0,0,0,0,0,0
1322132170,68.2,32,30.9,30.9,31,98,27.1,W,270,0,0,270,0,0,0
1322132230,68.2,32,30.9,30.9,31,98,27.1,W,270,0,0,270,0,0,0
1322132290,68.2,32,30.9,30.9,31,98,27.1,W,270,0,0,270,0,0,0
1322132350,68.2,32,30.9,30.9,31,98,27.1,W,270,0,0,270,0,0,0
1322132410,68.2,32,30.9,30.9,30.9,98,27.1,W,270,0,0,0,0,0,0
1322132470,68.2,32,30.9,30.9,30.9,98,27.1,W,270,0,0,270,0,0,0
1322132530,68,32,30.9,30.9,30.9,98,27.1,W,270,0,0,270,0,0,0
1322132590,68,32,30.9,30.9,30.9,98,27.1,W,270,0,0,270,0,0,0
1322132650,68,32,30.9,30.9,30.9,98,27.1,W,270,0,0,270,0,0,0
1322132710,68,32,30.9,30.9,30.9,98,27.1,W,270,0,0,0,0,0,0
1322132770,68,32,30.9,30.9,30.9,98,27.1,W,270,0,0,270,0,0,0
1322132830,68,32,30.9,30.9,30.9,98,27.1,W,270,0,0,270,0,0,0
1322132890,68,32,30.9,30.9,30.9,98,27.1,W,270,0,0,270,0,0,0
1322132950,68,32,30.9,30.9,30.9,98,27.1,W,270,0,0,270,0,0,0
1322133010,68,32,30.9,30.9,30.9,98,27.1,W,270,0,0,0,0,0,0
1322133070,68,32,30.9,30.9,30.9,98,27.1,W,270,0,0,270,0,0,0
1322133130,68,32,30.9,30.9,30.9,98,27.1,W,270,0,0,270,0,0,0
1322133190,68,32,30.9,30.9,30.9,98,27.1,W,270,0,0,270,0,0,0
1322133250,68,32,30.9,30.9,30.9,98,27.1,W,270,0,0,270,0,0,0
1322133310,68,32,30.9,30.9,30.9,98,27.1,W,270,0,0,0,0,0,0
1322133370,68,32,30.9,30.9,30.9,98,27.1,W,270,0,0,270,0,0,0
1322133430,68,32,30.9,30.9,30.9,98,27.1,W,270,0,0,270,0,0,0
1322133490,67.8,32,30.9,30.9,30.9,98,27.1,W,270,0,0,270,0,0,0
1322133550,67.8,32,30.9,30.9,30.9,98,27.1,W,270,0,0,270,0,0,0
1322133610,67.8,32,30.9,30.9,30.9,98,27.1,W,270,0,0,0,0,0,0
1322133670,67.8,32,30.9,30.9,30.9,98,27.1,W,270,0,0,270,0,0,0
1322133730,67.8,32,30.9,30.9,30.9,98,27.1,W,270,0,0,270,0,0,0
1322133790,67.8,32,30.9,30.9,30.9,98,27.1,W,270,0,0,270,0,0,0
1322133850,67.8,32,30.9,30.9,30.9,98,27.1,W,270,0,0,270,0,0,0
1322133910,67.8,32,30.9,30.9,30.9,98,27.1,W,270,0,0,0,0,0,0
1322133970,67.8,32,30.9,30.9,30.9,98,27.1,W,270,0,0,270,0,0,0
1322134030,67.8,32,30.9,30.9,30.9,98,27.1,W,270,0,0,270,0,0,0
1322134090,67.8,32,30.9,30.9,30.9,98,27.1,W,270,0,0,270,0,0,0
1322134150,67.6,32,30.9,30.9,30.9,98,27.1,W,270,0,0,270,0,0,0
1322134210,67.6,32,30.9,30.9,30.9,98,27.1,W,270,0,0,0,0,0,0
1322134270,67.6,32,30.9,30.9,30.9,98,27.1,W,270,0,0,270,0,0,0
1322134330,67.6,32,30.9,30.9,30.9,98,27.1,W,270,0,0,270,0,0,0
1322134390,67.6,32,30.9,30.9,30.9,98,27.1,W,270,0,0,270,0,0,0
1322134450,67.6,32,30.9,30.9,30.9,98,27.1,W,270,0,0,270,0,0,0
1322134510,67.6,32,30.9,30.9,30.9,98,27.1,W,270,0,0,0,0,0,0
1322134570,67.6,32,30.9,30.9,30.9,98,27.1,W,270,0,0,270,0,0,0
1322134630,67.6,32,30.9,30.9,30.9,98,27.1,W,270,0,0,270,0,0,0
1322134690,67.6,32,30.9,30.9,30.9,98,27.1,W,270,0,0,270,0,0,0
1322134750,67.6,32,30.9,30.9,30.9,98,27.1,SSW,203,0,0,270,0,0,0
1322134810,67.6,32,30.9,30.9,30.9,98,27.1,SSW,203,0,0,0,0,0,0
1322134870,67.6,32,30.9,30.9,30.9,98,27.1,SSW,203,0,0,203,0,0,0
1322134930,67.6,32,31.1,31.1,30.9,98,27.3,SSW,203,0,0,203,0,0,0
1322134990,67.6,32,31.1,31.1,30.9,98,27.3,SSW,203,0,0,203,0,0,0
1322135050,67.5,32,31.1,31.1,30.9,98,27.3,SSW,203,0,0,203,0,0,0
1322135110,67.5,32,31.1,31.1,31,98,27.3,SSW,203,0,0,0,0,0,0
1322135170,67.5,32,31.1,31.1,31,98,27.3,SSW,203,0,0,203,0,0,0
1322135230,67.5,32,31.1,31.1,31,98,27.3,SSW,203,0,0,203,0,0,0
1322135290,67.5,32,31.1,31.1,31,98,27.3,SSW,203,0,0,203,0,0,0
1322135350,67.5,32,31.1,31.1,31,98,27.3,SSW,203,0,0,203,0,0,0
1322135410,67.5,32,31.1,31.1,31.1,98,27.3,SSW,203,0,0,0,0,0,0
1322135470,67.5,32,31.1,31.1,31.1,98,27.3,SSW,203,0,0,203,0,0,0
1322135530,67.5,32,31.1,31.1,31.1,98,27.3,SSW,203,0,0,203,0,0,0
1322135590,67.5,32,31.1,31.1,31.1,98,27.3,SSW,203,0,0,203,0,0,0
1322135650,67.5,32,31.3,31.3,31.1,98,27.5,SSW,203,0,0,203,0,0,0
1322135710,67.5,32,31.3,31.3,31.2,98,27.5,SSW,203,0,0,0,0,0,0
1322135770,67.5,32,31.3,31.3,31.2,98,27.5,SSW,203,0,0,203,0,0,0
1322135830,67.5,32,31.3,31.3,31.2,98,27.5,SSW,203,0,0,203,0,0,0
1322135890,67.5,32,31.3,31.3,31.2,98,27.5,SSW,203,0,0,203,0,0,0
1322135950,67.5,32,31.3,31.3,31.2,98,27.5,SSW,203,0,0,203,0,0,0
1322136010,67.5,32,31.3,31.3,31.3,98,27.5,SSW,203,0,0,0,0,0,0
1322136070,67.5,33,31.3,31.3,31.3,98,27.5,SSW,203,0,0,203,0,0,0
1322136130,67.5,33,31.5,31.5,31.3,98,27.7,SSW,203,0,0,203,0,0,0
1322136190,67.3,33,31.5,31.5,31.3,98,27.7,SSW,203,0,0,203,0,0,0
1322136250,67.3,33,31.5,31.5,31.3,98,27.7,SSW,203,0,0,203,0,0,0
1322136310,67.3,33,31.5,31.5,31.4,98,27.7,SSW,203,0,0,0,0,0,0
1322136370,67.3,33,31.5,31.5,31.4,98,27.7,SSW,203,0,0,203,0,0,0
1322136430,67.3,33,31.5,31.5,31.4,98,27.7,SSW,203,0,0,203,0,0,0
1322136490,67.3,33,31.6,31.6,31.4,98,27.9,SSW,203,0,0,203,0,0,0
1322136550,67.3,33,31.6,31.6,31.4,98,27.9,SSW,203,0,0,203,0,0,0
1322136610,67.3,33,31.6,31.6,31.6,98,27.9,SSW,203,0,0,0,0,0,0
1322136670,67.3,33,31.6,31.6,31.6,98,27.9,SSW,203,0,0,203,0,0,0
1322136730,67.3,33,31.6,31.6,31.6,98,27.9,SSW,203,0,0,203,0,0,0
1322136790,67.3,33,31.8,31.8,31.6,98,28.1,SSW,203,0,0,203,0,0,0
1322136850,67.3,33,31.8,31.8,31.6,98,28.1,SSW,203,0,0,203,0,0,0
1322136910,67.3,33,31.8,31.8,31.7,98,28.1,SSW,203,0,0,0,0,0,0
1322136970,67.1,33,31.8,31.8,31.7,98,28.1,SSW,203,0,0,203,0,0,0
1322137030,67.1,33,32,32,31.7,98,28.4,SSW,203,0,0,203,0,0,0
1322137090,67.1,33,32,32,31.7,98,28.4,SSW,203,0,0,203,0,0,0
1322137150,67.1,33,32,32,31.7,98,28.4,SSW,203,0,0,203,0,0,0
1322137210,67.1,33,32,32,32,98,28.4,SSW,203,0,0,0,0,0,0
1322137270,67.1,33,32,32,32,98,28.4,SSW,203,0,0,203,0,0,0
1322137330,67.1,33,32.2,32.2,32,98,28.6,SSW,203,0,0,203,0,0,0
1322137390,67.1,33,32.2,32.2,32,98,28.6,SSW,203,0,0,203,0,0,0
1322137450,67.1,33,32.2,32.2,32,98,28.6,SSW,203,0,0,203,0,0,0
1322137510,67.1,33,32.4,32.4,32.2,98,28.8,SSW,203,0,0,0,0,0,0
1322137570,67.1,33,32.4,32.4,32.2,98,28.8,SSW,203,0,0,203,0,0,0
1322137630,67.1,33,32.4,32.4,32.2,98,28.8,SSW,203,0,0,203,0,0,0
1322137690,67.1,33,32.4,32.4,32.2,98,28.8,SSW,203,0,0,203,0,0,0
1322137750,67.1,33,32.4,32.4,32.2,98,28.8,SSW,203,0,0,203,0,0,0
1322137810,67.1,33,32.4,32.4,32.4,98,28.8,SSW,203,0,0,0,0,0,0
1322137870,66.9,33,32.5,32.5,32.4,98,29,SSW,203,0,0,203,0,0,0
1322137930,66.9,33,32.5,32.5,32.4,98,29,SSW,203,0,0,203,0,0,0
1322137990,66.9,33,32.5,32.5,32.4,98,29,SSW,203,0,0,203,0,0,0
1322138050,67.1,33,32.7,32.7,32.4,98,29.2,SSW,203,0,0,203,0,0,0
1322138110,67.1,33,32.7,32.7,32.6,98,29.2,SSW,203,0,0,0,0,0,0
1322138170,66.9,33,32.7,32.7,32.6,98,29.2,SSW,203,0,0,203,0,0,0
1322138230,66.9,33,32.7,32.7,32.6,98,29.2,SSW,203,0,0,203,0,0,0
1322138290,66.9,33,32.7,32.7,32.6,98,29.2,SSW,203,0,0,203,0,0,0
1322138350,66.9,33,32.7,32.7,32.6,98,29.2,SSW,203,0,0,203,0,0,0
1322138410,66.9,33,32.9,32.9,32.8,98,29.4,SSW,203,0,0,0,0,0,0
1322138470,66.9,33,32.9,32.9,32.8,98,29.4,SSW,203,0,0,203,0,0,0
1322138530,66.9,33,32.9,32.9,32.8,98,29.4,SSW,203,0,0,203,0,0,0
1322138590,66.9,33,33.1,33.1,32.8,98,29.6,SSW,203,0,0,203,0,0,0
1322138650,66.9,33,33.1,33.1,32.8,98,29.6,SSW,203,0,0,203,0,0,0
1322138710,66.9,33,33.1,33.1,33,98,29.6,SSW,203,0,0,0,0,0,0
1322138770,66.9,33,33.1,33.1,33,98,29.6,SSW,203,0,0,203,0,0,0
1322138830,66.9,33,33.3,33.3,33,98,29.8,SSW,203,0,0,203,0,0,0
1322138890,66.9,33,33.3,33.3,33,98,29.8,SSW,203,0,0,203,0,0,0
1322138950,66.9,33,33.3,33.3,33,98,29.8,SSW,203,0,0,203,0,0,0
1322139010,66.9,33,33.3,33.3,33.2,98,29.8,SSW,203,0,0,0,0,0,0
1322139070,66.9,33,33.3,33.3,33.2,98,29.8,SSW,203,0,0,203,0,0,0
1322139130,66.9,33,33.4,33.4,33.2,98,30,SSW,203,0,0,203,0,0,0
1322139190,66.9,33,33.4,33.4,33.2,98,30,SSW,203,0,0,203,0,0,0
1322139250,66.9,33,33.4,33.4,33.2,98,30,SSW,203,0,0,203,0,0,0
1322139310,66.9,33,33.6,33.6,33.4,97,30.2,SSW,203,0,0,0,0,0,0
1322139370,66.7,33,33.6,33.6,33.4,97,30.2,SSW,203,0,0,203,0,0,0
1322139430,66.7,33,33.6,33.6,33.4,97,30.2,SSW,203,0,0,203,0,0,0
1322139490,66.7,33,33.6,33.6,33.4,97,30.2,SSW,203,0,0,203,0,0,0
1322139550,66.7,33,33.6,33.6,33.4,97,30.2,SSW,203,0,0,203,0,0,0
1322139610,66.7,33,33.6,33.6,33.6,97,30.2,SW,225,0,0,0,0,0,0
1322139670,66.7,33,33.6,33.6,33.6,97,30.2,SW,225,0,0,225,0,0,0
1322139730,66.7,33,33.8,33.8,33.6,97,30.4,SW,225,0,0,225,0,0,0
1322139790,66.7,33,33.8,33.8,33.6,97,30.4,SSW,203,0,0,225,0,0,0
1322139850,66.7,33,33.8,33.8,33.6,97,30.4,SSW,203,0,0,225,0,0,0
1322139910,66.7,33,33.8,33.8,33.7,97,30.4,SSW,203,0,0,0,0,0,0
1322139970,66.7,33,34,34,33.7,97,30.6,SSW,203,0,0,203,0,0,0
1322140030,66.7,33,34,34,33.7,97,30.6,SSW,203,0,0,203,0,0,0
1322140090,66.7,33,34,34,33.7,97,30.6,SSW,203,0,0,203,0,0,0
1322140150,66.7,33,34,34,33.7,97,30.6,SSW,203,0,0,203,0,0,0
1322140210,66.7,33,34,34,34,97,30.6,SSW,203,0,0,0,0,0,0
1322140270,66.7,33,34.2,34.2,34,97,30.8,SSW,203,0,0,203,0,0,0
1322140330,66.7,33,34.2,34.2,34,97,30.8,SSW,203,0,0,203,0,0,0
1322140390,66.7,33,34.2,34.2,34,97,30.8,S,180,0,0,203,0,0,0
1322140450,66.7,33,34.2,34.2,34,97,30.8,S,180,0,0,203,0,0,0
1322140510,66.7,33,34.3,34.3,34.2,97,31,SSW,203,0,0,0,0,0,0
1322140570,66.7,33,34.3,34.3,34.2,97,31,SE,135,0,0,203,0,0,0
1322140630,66.7,33,34.3,34.3,34.2,97,31,SE,135,0,0,203,0,0,0
1322140690,66.7,33,34.5,34.5,34.2,97,31.2,SE,135,0,0,203,0,0,0
1322140750,66.7,33,34.5,34.5,34.2,97,31.2,SSE,158,0,0,203,0,0,0
1322140810,66.7,33,34.5,34.5,34.4,97,31.2,S,180,0,0,0,0,0,0
1322140870,66.6,33,34.5,34.5,34.4,97,31.2,SSE,158,0,0,158,0,0,0
1322140930,66.6,33,34.7,34.7,34.4,97,31.4,SSE,158,0,0,158,0,0,0
1322140990,66.6,33,34.7,34.7,34.4,97,31.4,SSE,158,0,0,158,0,0,0
1322141050,66.6,33,34.7,34.7,34.4,97,31.4,SSE,158,0,0,158,0,0,0
1322141110,66.6,33,34.9,34.9,34.7,97,31.6,S,180,0,0,0,0,0,0
1322141170,66.6,33,34.9,34.9,34.7,97,31.1,W,270,1,0,270,0,0,0
1322141230,66.6,33,35.1,35.1,34.7,97,31.8,SW,225,0,0,270,0,0,0
1322141290,66.6,33,35.1,35.1,34.7,97,31.3,SW,225,1,0,270,0,0,0
1322141350,66.6,33,35.1,35.1,34.7,97,31.8,W,270,0,0,270,0,0,0
1322141410,66.6,33,35.1,35.1,35,97,31.8,SSW,203,0,0,0,0,0,0
1322141470,66.6,33,35.2,35.2,35,97,31.5,SSE,158,1,0,158,0,0,0
1322141530,66.6,33,35.2,35.2,35,97,32,SSE,158,0,0,158,0,0,0
1322141590,66.6,33,35.4,35.4,35,97,32.3,SSW,203,0,0,158,0,0,0
1322141650,66.6,33,35.6,35.6,35,96,32.4,S,180,0,0,158,0,0,0
1322141710,66.6,33,35.6,35.6,35.4,96,32.4,S,180,0,0,0,0,0,0
1322141770,66.6,33,35.6,35.6,35.4,96,32.4,S,180,0,0,180,0,0,0
1322141830,66.6,33,35.6,35.6,35.4,96,31.3,SSW,203,2,0,203,0,0,0
1322141890,66.6,33,35.6,35.6,35.4,96,32.4,SW,225,0,0,203,0,0,0
1322141950,66.6,33,35.6,35.6,35.4,96,32.4,SW,225,0,0,203,0,0,0
1322142010,66.6,33,35.8,35.8,35.6,96,32.6,S,180,0,0,0,0,0,0
1322142070,66.6,33,35.8,35.8,35.6,96,32.6,S,180,0,0,180,0,0,0
1322142130,66.6,33,35.8,35.8,35.6,96,32.6,S,180,0,0,180,0,0,0
1322142190,66.6,33,35.8,35.8,35.6,96,32.1,S,180,1,0,180,0,0,0
1322142250,66.6,33,35.8,35.8,35.6,96,32.1,SSE,158,1,0,180,0,0,0
1322142310,66.6,33,36,36,35.8,96,32.3,SSE,158,1,0,0,0,0,0
1322142370,66.6,33,36,36,35.8,96,32.8,S,180,0,0,158,0,0,0
1322142430,66.4,33,36,36,35.8,96,32.8,SSE,158,0,0,158,0,0,0
1322142490,66.4,33,36.1,36.1,35.8,96,33,NE,45,0,0,158,0,0,0
1322142550,66.4,33,36.1,36.1,35.8,96,33,SE,135,0,0,158,0,0,0
1322142610,66.6,33,36.1,36.1,36,96,33,S,180,0,0,0,0,0,0
1322142670,66.4,33,36.1,36.1,36,96,32.5,SSW,203,1,0,203,0,0,0
1322142730,66.4,33,36.1,36.1,36,96,33,S,180,0,0,203,0,0,0
1322142790,66.4,33,36.1,36.1,36,96,33,S,180,0,0,203,0,0,0
1322142850,66.4,33,36.3,36.3,36,96,33.3,S,180,0,0,203,0,0,0
1322142910,66.4,33,36.3,36.3,36.2,96,32.7,S,180,1,0,0,0,0,0
1322142970,66.4,33,36.3,36.3,36.2,96,33.3,SSW,203,0,0,180,0,0,0
1322143030,66.4,33,36.3,36.3,36.2,96,33.3,SW,225,0,0,180,0,0,0
1322143090,66.4,33,36.3,36.3,36.2,96,33.3,SW,225,0,0,180,0,0,0
1322143150,66.4,33,36.3,36.3,36.2,96,33.3,SW,225,0,0,180,0,0,0
1322143210,66.4,33,36.3,36.3,36.3,96,31.6,SW,225,3,0,0,0,0,0
1322143270,66.4,33,36.5,36.5,36.3,96,32.9,W,270,1,0,225,0,0,0
1322143330,66.4,33,36.5,36.5,36.3,96,32.3,SW,225,2,0,225,0,0,0
1322143390,66.4,33,36.5,36.5,36.3,96,31.8,SW,225,3,0,225,0,0,0
1322143450,66.4,33,36.7,36.7,36.3,96,32.6,W,270,2,0,225,0,0,0
1322143510,66.4,33,36.7,36.7,36.6,96,32.6,W,270,2,2,0,0,0,0
1322143570,66.4,33,36.7,36.7,36.6,96,33.7,ENE,68,0,2,68,0,0,0
1322143630,66.4,33,36.7,36.7,36.6,96,33.7,ENE,68,0,2,68,0,0,0
1322143690,66.4,33,36.7,36.7,36.6,96,33.7,ENE,68,0,2,68,0,0,0
1322143750,66.4,33,36.7,36.7,36.6,96,33.1,S,180,1,2,225,0,0,0
1322143810,66.4,33,36.7,36.7,36.7,96,33.7,SSW,203,0,0,0,0,0,0
1322143870,66.4,33,36.9,36.9,36.7,96,33.9,SSE,158,0,0,203,0,0,0
1322143930,66.4,33,36.9,36.9,36.7,96,33.9,S,180,0,0,203,0,0,0
1322143990,66.4,33,36.9,36.9,36.7,96,33.9,S,180,0,0,203,0,0,0
1322144050,66.4,33,36.9,36.9,36.7,96,33.3,SSE,158,1,0,158,0,0,0
1322144110,66.2,33,36.9,36.9,36.8,96,33.9,S,180,0,0,0,0,0,0
1322144170,66.2,33,36.9,36.9,36.8,96,33.9,S,180,0,0,180,0,0,0
1322144230,66.2,33,36.9,36.9,36.8,96,33.9,SSW,203,0,0,180,0,0,0
1322144290,66.2,33,37,37,36.8,96,34.1,S,180,0,0,180,0,0,0
1322144350,66.2,33,37,37,36.8,96,34.1,S,180,0,0,180,0,0,0
1322144410,66.2,33,37,37,37,96,34.1,SSE,158,0,0,0,0,0,0
1322144470,66.2,33,37,37,37,96,34.1,SE,135,0,0,135,0,0,0
1322144530,66.2,33,37.2,37.2,37,96,34.3,SSE,158,0,0,180,0,0,0
1322144590,66.2,33,37.2,37.2,37,96,34.3,E,90,0,0,180,0,0,0
1322144650,66.2,33,37.2,37.2,37,96,33.7,SSE,158,1,0,180,0,0,0
1322144710,66.2,33,37.2,37.2,37.2,96,34.3,NE,45,0,0,0,0,0,0
1322144770,66.2,33,37.4,37.4,37.2,96,34.5,ENE,68,0,0,45,0,0,0
1322144830,66.2,33,37.4,37.4,37.2,96,33.4,SSW,203,2,0,203,0,0,0
1322144890,66.2,33,37.4,37.4,37.2,96,34.5,S,180,0,0,203,0,0,0
1322144950,66.2,33,37.6,37.6,37.2,96,34.7,S,180,0,0,203,0,0,0
1322145010,66.2,33,37.6,37.6,37.5,96,33,N,0,3,1,0,0,0,0
1322145070,66.2,33,37.8,37.8,37.5,96,34.9,NNE,23,0,1,23,0,0,0
1322145130,66.2,33,37.8,37.8,37.5,96,34.4,NE,45,1,1,45,0,0,0
1322145190,66.2,33,37.9,37.9,37.5,96,35.2,SSE,158,0,1,45,0,0,0
1322145250,66.2,33,38.1,38.1,37.5,96,35.4,SSE,158,0,1,45,0,0,0
1322145310,66.2,33,38.1,38.1,37.9,96,35.4,SSE,158,0,0,0,0,0,0
1322145370,66.2,33,38.1,38.1,37.9,96,35.4,E,90,0,0,158,0,0,0
1322145430,66.2,33,38.1,38.1,37.9,96,35.4,E,90,0,0,158,0,0,0
1322145490,66.2,33,38.3,38.3,37.9,96,35.6,E,90,0,0,158,0,0,0
1322145550,66.2,33,38.3,35.4,37.9,96,33.3,WSW,248,4,0,248,0,0,0
1322145610,66.2,33,38.5,38.5,38.3,95,35.7,S,180,0,0,0,0,0,0
1322145670,66.2,33,38.5,38.5,38.3,95,35.7,S,180,0,0,180,0,0,0
1322145730,66.2,33,38.5,35.6,38.3,95,33.5,W,270,4,0,270,0,0,0
1322145790,66.2,33,38.7,38.7,38.3,95,35.9,N,0,0,0,270,0,0,0
1322145850,66.2,33,38.7,38.7,38.3,95,35.9,E,90,0,0,270,0,0,0
1322145910,66.2,33,38.8,38.8,38.6,95,36.2,E,90,0,0,0,0,0,0
1322145970,66.2,33,38.8,38.8,38.6,95,34.5,S,180,3,0,180,0,0,0
1322146030,66.2,33,38.8,38.8,38.6,95,36.2,SSW,203,0,0,180,0,0,0
1322146090,66.2,33,38.8,38.8,38.6,95,36.2,SSW,203,0,0,180,0,0,0
1322146150,66.2,33,38.8,38.8,38.6,95,36.2,SSW,203,0,0,180,0,0,0
1322146210,66.2,33,38.8,38.8,38.8,95,35.6,SW,225,1,0,0,0,0,0
1322146270,66.2,33,38.8,38.8,38.8,95,36.2,SE,135,0,0,203,0,0,0
1322146330,66,33,39,39,38.8,95,35.8,S,180,1,0,180,0,0,0
1322146390,66,33,39,39,38.8,95,36.4,S,180,0,0,180,0,0,0
1322146450,66,33,39,39,38.8,95,36.4,SSE,158,0,0,180,0,0,0
1322146510,66,33,39,39,39,95,36.4,SSE,158,0,0,0,0,0,0
1322146570,66,33,39,39,39,95,36.4,ESE,113,0,0,158,0,0,0
1322146630,66,33,39,39,39,95,36.4,ESE,113,0,0,158,0,0,0
1322146690,66,33,39,39,39,95,36.4,SE,135,0,0,158,0,0,0
1322146750,66,33,39.2,39.2,39,95,36,ESE,113,1,0,113,0,0,0
1322146810,66,33,39.2,39.2,39.1,95,36,NE,45,1,0,0,0,0,0
1322146870,66,33,39,39,39.1,95,36.4,S,180,0,0,180,0,0,0
1322146930,66,33,39,39,39.1,95,36.4,SW,225,0,0,180,0,0,0
1322146990,66,33,39.2,39.2,39.1,95,36.6,SW,225,0,0,180,0,0,0
1322147050,66,33,39.2,39.2,39.1,95,36.6,SE,135,0,0,180,0,0,0
1322147110,66,33,39.2,39.2,39.1,95,36,ESE,113,1,0,0,0,0,0
1322147170,66,33,39.2,39.2,39.1,95,36,N,0,1,0,113,0,0,0
1322147230,66,33,39.2,39.2,39.1,95,36.6,S,180,0,0,113,0,0,0
1322147290,66,33,39.2,39.2,39.1,95,36.6,E,90,0,0,113,0,0,0
1322147350,66,33,39.2,39.2,39.1,95,36,S,180,1,0,113,0,0,0
1322147410,66,33,39.2,39.2,39.2,95,36,SSW,203,1,0,0,0,0,0
1322147470,66,33,39.2,39.2,39.2,95,36,NNE,23,1,0,23,0,0,0
1322147530,66,33,39.2,39.2,39.2,95,35.5,S,180,2,0,180,0,0,0
1322147590,66,33,39.2,39.2,39.2,95,36.6,SE,135,0,0,180,0,0,0
1322147650,66,33,39.2,39.2,39.2,95,36.6,SE,135,0,0,180,0,0,0
1322147710,66,33,39.2,39.2,39.2,95,36.6,N,0,0,0,0,0,0,0
1322147770,66,33,39.2,39.2,39.2,95,35.5,SSW,203,2,0,203,0,0,0
1322147830,66,33,39.2,39.2,39.2,95,36.6,NE,45,0,0,203,0,0,0
1322147890,66,33,39.2,39.2,39.2,95,36,S,180,1,0,203,0,0,0
1322147950,66,33,39.4,39.4,39.2,95,35.7,WSW,248,2,0,203,0,0,0
1322148010,66,33,39.4,39.4,39.3,95,35.1,WSW,248,3,1,0,0,0,0
1322148070,66,33,39.4,39.4,39.3,95,36.8,WSW,248,0,1,248,0,0,0
1322148130,66,33,39.4,39.4,39.3,95,36.8,WSW,248,0,1,248,0,0,0
1322148190,66,33,39.4,39.4,39.3,95,35.7,NE,45,2,1,248,0,0,0
1322148250,66,33,39.4,39.4,39.3,95,36.8,NE,45,0,1,248,0,0,0
1322148310,66,33,39.4,39.4,39.4,95,36.2,SW,225,1,0,0,0,0,0
1322148370,66,33,39.4,39.4,39.4,95,36.8,SSW,203,0,0,203,0,0,0
1322148430,66,33,39.4,39.4,39.4,95,36.8,SSW,203,0,0,203,0,0,0
1322148490,66,33,39.4,39.4,39.4,95,36.2,S,180,1,0,180,0,0,0
1322148550,66,33,39.6,39.6,39.4,94,37,S,180,0,0,180,0,0,0
1322148610,66,33,39.6,39.6,39.4,94,37,S,180,0,0,0,0,0,0
1322148670,66,33,39.6,39.6,39.4,94,35.8,NNE,23,2,0,23,0,0,0
1322148730,66,33,39.6,39.6,39.4,94,35.8,NNE,23,2,0,23,0,0,0
1322148790,66,33,39.7,39.7,39.4,94,37.2,SSE,158,0,0,23,0,0,0
1322148850,66,33,39.7,39.7,39.4,94,37.2,SSE,158,0,0,23,0,0,0
1322148910,66,33,39.7,39.7,39.7,94,37.2,WSW,248,0,0,0,0,0,0
1322148970,66,33,39.7,39.7,39.7,94,37.2,S,180,0,0,248,0,0,0
1322149030,66,33,39.7,39.7,39.7,94,36,WSW,248,2,0,248,0,0,0
1322149090,66,33,39.7,39.7,39.7,94,37.2,W,270,0,0,248,0,0,0
1322149150,66,33,39.7,39.7,39.7,94,37.2,SSW,203,0,0,248,0,0,0
1322149210,66,33,39.9,39.9,39.8,94,37.4,WSW,248,0,0,0,0,0,0
1322149270,66,33,39.9,39.9,39.8,94,37.4,SSE,158,0,0,158,0,0,0
1322149330,66,33,39.9,39.9,39.8,94,37.4,S,180,0,0,158,0,0,0
1322149390,66,34,39.9,39.9,39.8,94,37.4,S,180,0,0,158,0,0,0
1322149450,66,34,39.9,39.9,39.8,94,37.4,SSW,203,0,0,158,0,0,0
1322149510,66,34,40.1,40.1,40,94,37.6,S,180,0,0,0,0,0,0
1322149570,66,34,40.1,40.1,40,94,37.6,S,180,0,0,180,0,0,0
1322149630,66,34,40.1,40.1,40,94,37.6,ENE,68,0,0,180,0,0,0
1322149690,66,34,40.1,40.1,40,94,37.6,ENE,68,0,0,180,0,0,0
1322149750,66,34,40.3,40.3,40,94,37.8,S,180,0,0,180,0,0,0
1322149810,66,34,40.3,40.3,40.2,94,37.8,ESE,113,0,0,0,0,0,0
1322149870,66,34,40.3,40.3,40.2,94,37.2,SSE,158,1,0,158,0,0,0
1322149930,66,34,40.5,40.5,40.2,93,37.4,NE,45,1,0,158,0,0,0
1322149990,66,34,40.5,40.5,40.2,93,38,SW,225,0,0,158,0,0,0
1322150050,66,34,40.5,40.5,40.2,93,38,SW,225,0,0,158,0,0,0
1322150110,66,34,40.5,40.5,40.4,93,38,S,180,0,0,0,0,0,0
1322150170,66,34,40.5,40.5,40.4,93,36.8,SW,225,2,0,225,0,0,0
1322150230,66,34,40.5,40.5,40.4,93,38,SW,225,0,0,225,0,0,0
1322150290,66,34,40.5,40.5,40.4,93,38,SSW,203,0,0,225,0,0,0
1322150350,66,34,40.6,40.6,40.4,93,38.2,S,180,0,0,225,0,0,0
1322150410,66,34,40.6,40.6,40.5,93,38.2,SSW,203,0,0,0,0,0,0
1322150470,66,34,40.6,40.6,40.5,93,38.2,SSW,203,0,0,203,0,0,0
1322150530,66,34,40.6,40.6,40.5,93,37.1,W,270,2,0,270,0,0,0
1322150590,66,34,40.8,40.8,40.5,93,38.4,S,180,0,0,270,0,0,0
1322150650,66,34,41,41,40.5,93,37.5,SE,135,2,0,270,0,0,0
1322150710,66,34,41,41,40.8,93,38.1,SW,225,1,0,0,0,0,0
1322150770,66,34,41,41,40.8,93,38.1,SSW,203,1,0,225,0,0,0
1322150830,66,34,41,41,40.8,93,38.6,S,180,0,0,225,0,0,0
1322150890,66,34,41,41,40.8,92,38.6,SW,225,0,0,225,0,0,0
1322150950,66,34,41,41,40.8,92,37.4,SSW,203,2,0,203,0,0,0
1322151010,66,34,41.2,41.2,41,92,38.8,S,180,0,0,0,0,0,0
1322151070,66,34,41.2,41.2,41,92,38.8,S,180,0,0,180,0,0,0
1322151130,66,34,41.4,41.4,41,92,39,SSW,203,0,0,180,0,0,0
1322151190,66,34,41.4,41.4,41,92,39,S,180,0,0,180,0,0,0
1322151250,66,34,41.4,41.4,41,92,39,S,180,0,0,180,0,0,0
1322151310,66,34,41.5,41.5,41.3,92,38.6,W,270,1,0,0,0,0,0
1322151370,66,34,41.5,41.5,41.3,92,39.2,N,0,0,0,270,0,0,0
1322151430,66,34,41.5,41.5,41.3,92,39.2,SW,225,0,0,270,0,0,0
1322151490,66,34,41.5,41.5,41.3,92,38.6,SW,225,1,0,270,0,0,0
1322151550,66,34,41.5,41.5,41.3,92,39.2,SW,225,0,0,270,0,0,0
1322151610,66,34,41.7,41.7,41.6,92,39.4,SSE,158,0,0,0,0,0,0
1322151670,66,34,41.7,41.7,41.6,92,39.4,S,180,0,0,158,0,0,0
1322151730,66,34,41.7,41.7,41.6,91,39.4,SW,225,0,0,158,0,0,0
1322151790,66,34,41.7,41.7,41.6,91,39.4,SW,225,0,0,158,0,0,0
1322151850,66,34,41.9,41.9,41.6,91,39.6,SW,225,0,0,158,0,0,0
1322151910,66,34,41.9,41.9,41.8,91,39.6,SW,225,0,0,0,0,0,0
1322151970,66,34,41.9,41.9,41.8,91,39.6,S,180,0,0,180,0,0,0
1322152030,66,34,42.1,42.1,41.8,91,39.8,S,180,0,0,180,0,0,0
1322152090,66,34,42.1,42.1,41.8,91,39.8,SSW,203,0,0,180,0,0,0
1322152150,66,34,42.1,42.1,41.8,91,39.8,SSW,203,0,0,180,0,0,0
1322152210,66,34,42.1,42.1,42,91,39.8,SW,225,0,0,0,0,0,0
1322152270,66,34,42.3,42.3,42,91,39.4,SW,225,1,0,225,0,0,0
1322152330,66,34,42.3,42.3,42,91,38.9,SW,225,2,0,225,0,0,0
1322152390,66,34,42.3,42.3,42,91,40,SW,225,0,0,225,0,0,0
1322152450,66,34,42.3,42.3,42,91,40,SSW,203,0,0,225,0,0,0
1322152510,66,34,42.3,42.3,42.3,91,38.3,S,180,3,1,0,0,0,0
1322152570,66,34,42.4,42.4,42.3,90,39.6,N,0,1,1,270,0,0,0
1322152630,66,34,42.4,42.4,42.3,90,40.2,W,270,0,1,270,0,0,0
1322152690,66,34,42.4,42.4,42.3,90,39,WSW,248,2,1,270,0,0,0
1322152750,66,34,42.4,42.4,42.3,90,39,WSW,248,2,1,270,0,0,0
1322152810,66,34,42.4,42.4,42.4,90,40.2,SSW,203,0,1,0,0,0,0
1322152870,66,34,42.4,42.4,42.4,90,40.2,SSW,203,0,1,203,0,0,0
1322152930,66,34,42.4,42.4,42.4,90,40.2,N,0,0,1,203,0,0,0
1322152990,66,34,42.6,42.6,42.4,90,40.4,N,0,0,1,203,0,0,0
1322153050,66,34,42.6,42.6,42.4,90,40.4,N,0,0,1,203,0,0,0
1322153110,66,34,42.6,42.6,42.5,89,40.3,SSW,203,0,0,0,0,0,0
1322153170,66,34,42.6,42.6,42.5,89,39.8,W,270,1,0,270,0,0,0
1322153230,66,34,42.8,40.6,42.5,89,38.3,SSW,203,4,0,203,0,0,0
1322153290,66,34,42.8,42.8,42.5,89,40.5,SW,225,0,0,203,0,0,0
1322153350,66,34,42.8,42.8,42.5,88,40.5,E,90,0,0,203,0,0,0
1322153410,66,34,43,43,42.8,88,40.1,SSW,203,1,1,0,0,0,0
1322153470,66,34,43,43,42.8,88,40.1,SW,225,1,1,203,0,0,0
1322153530,66,34,43,43,42.8,88,40.7,S,180,0,1,203,0,0,0
1322153590,66,34,43,43,42.8,88,40.7,SW,225,0,1,203,0,0,0
1322153650,66,34,43,43,42.8,88,40.7,NNE,23,0,1,203,0,0,0
1322153710,66,34,43,43,43,88,40.7,NNE,23,0,0,0,0,0,0
1322153770,66,34,43.2,43.2,43,88,40.9,W,270,0,0,23,0,0,0
1322153830,66,34,43.2,43.2,43,88,40.9,SW,225,0,0,23,0,0,0
1322153890,66,34,43.2,43.2,43,88,40.3,ESE,113,1,0,113,0,0,0
1322153950,66,34,43.3,43.3,43,87,41.1,N,0,0,0,113,0,0,0
1322154010,66,34,43.3,43.3,43.2,87,41.1,NE,45,0,0,0,0,0,0
1322154070,66,34,43.3,43.3,43.2,87,41.1,SSW,203,0,0,203,0,0,0
1322154130,66,34,43.3,43.3,43.2,87,41.1,SE,135,0,0,203,0,0,0
1322154190,66,34,43.5,43.5,43.2,87,40.7,S,180,1,0,225,0,0,0
1322154250,66,34,43.5,43.5,43.2,87,41.3,S,180,0,0,225,0,0,0
1322154310,66,34,43.5,43.5,43.4,87,40.7,S,180,1,0,0,0,0,0
1322154370,65.8,34,43.5,43.5,43.4,87,41.3,S,180,0,0,180,0,0,0
1322154430,65.8,34,43.5,43.5,43.4,87,40.7,SSE,158,1,0,180,0,0,0
1322154490,65.8,34,43.5,43.5,43.4,87,40.2,S,180,2,0,180,0,0,0
1322154550,65.8,34,43.5,43.5,43.4,87,40.7,S,180,1,0,180,0,0,0
1322154610,65.8,34,43.5,43.5,43.5,87,41.3,S,180,0,0,0,0,0,0
1322154670,65.8,34,43.5,43.5,43.5,87,41.3,SW,225,0,0,225,0,0,0
1322154730,65.8,34,43.5,43.5,43.5,86,40.7,SE,135,1,0,135,0,0,0
1322154790,65.8,34,43.3,43.3,43.5,86,40.4,SE,135,1,0,135,0,0,0
1322154850,65.8,34,43.3,43.3,43.5,86,41,SW,225,0,0,135,0,0,0
1322154910,65.8,34,43.3,43.3,43.4,86,40.4,SW,225,1,0,0,0,0,0
1322154970,65.8,34,43.3,43.3,43.4,86,41,SW,225,0,0,225,0,0,0
1322155030,65.8,34,43.3,43.3,43.4,86,41,SSW,203,0,0,225,0,0,0
1322155090,65.8,34,43.3,43.3,43.4,86,41,SW,225,0,0,225,0,0,0
1322155150,65.8,34,43.3,43.3,43.4,86,40.4,SW,225,1,0,225,0,0,0
1322155210,65.8,34,43.3,43.3,43.3,86,41,SW,225,0,0,0,0,0,0
1322155270,65.8,34,43.3,43.3,43.3,86,40.4,S,180,1,0,180,0,0,0
1322155330,65.8,34,43.3,43.3,43.3,86,39.9,S,180,2,0,180,0,0,0
1322155390,65.8,34,43.3,43.3,43.3,86,41,S,180,0,0,180,0,0,0
1322155450,65.8,34,43.3,43.3,43.3,85,41,SW,225,0,0,180,0,0,0
1322155510,65.8,34,43.3,43.3,43.3,85,41,SW,225,0,0,0,0,0,0
1322155570,65.8,34,43.3,43.3,43.3,85,39.3,SSE,158,3,0,158,0,0,0
1322155630,65.8,34,43.3,43.3,43.3,85,41,SSW,203,0,0,158,0,0,0
1322155690,65.8,34,43.3,43.3,43.3,85,41,SSW,203,0,0,158,0,0,0
1322155750,65.8,34,43.2,43.2,43.3,85,40.7,W,270,0,0,158,0,0,0
1322155810,65.8,34,43.2,43.2,43.3,85,39.6,W,270,2,1,0,0,0,0
1322155870,65.8,34,43.2,43.2,43.3,85,40.7,SSW,203,0,1,203,0,0,0
1322155930,65.8,34,43.2,43.2,43.3,85,40.7,S,180,0,1,203,0,0,0
1322155990,65.8,34,43.2,43.2,43.3,84,40.7,S,180,0,1,203,0,0,0
1322156050,65.8,34,43.2,43.2,43.3,84,40.7,S,180,0,1,203,0,0,0
1322156110,65.8,34,43.2,43.2,43.2,84,40.7,S,180,0,0,0,0,0,0
1322156170,65.8,34,43.2,43.2,43.2,84,40.1,SSW,203,1,0,203,0,0,0
1322156230,65.8,34,43.2,43.2,43.2,84,40.7,SSW,203,0,0,203,0,0,0
1322156290,65.8,34,43.3,43.3,43.2,84,40.9,SSW,203,0,0,203,0,0,0
1322156350,65.8,34,43.3,43.3,43.2,84,40.9,SSW,203,0,0,203,0,0,0
1322156410,65.8,34,43.3,43.3,43.2,84,40.9,SSE,158,0,0,0,0,0,0
1322156470,65.8,34,43.3,43.3,43.2,84,40.9,SSE,158,0,0,158,0,0,0
1322156530,65.8,34,43.5,43.5,43.2,83,41.1,SSE,158,0,0,158,0,0,0
1322156590,65.8,34,43.5,43.5,43.2,83,41.1,S,180,0,0,158,0,0,0
1322156650,65.8,34,43.5,43.5,43.2,83,41.1,S,180,0,0,158,0,0,0
1322156710,65.8,34,43.7,43.7,43.5,83,41.3,S,180,0,0,0,0,0,0
1322156770,65.8,34,43.7,43.7,43.5,83,41.3,SSE,158,0,0,158,0,0,0
1322156830,65.8,34,43.9,43.9,43.5,83,41.5,S,180,0,0,158,0,0,0
1322156890,65.8,34,43.9,43.9,43.5,83,41.5,S,180,0,0,158,0,0,0
1322156950,65.8,34,43.9,43.9,43.5,82,41.4,SE,135,0,0,158,0,0,0
1322157010,65.8,34,44.1,44.1,43.9,82,41.6,ENE,68,0,0,0,0,0,0
1322157070,65.8,34,44.1,44.1,43.9,82,41.6,ENE,68,0,0,68,0,0,0
1322157130,65.8,34,44.2,44.2,43.9,82,41.8,ENE,68,0,0,68,0,0,0
1322157190,65.8,34,44.2,44.2,43.9,82,41.8,ENE,68,0,0,68,0,0,0
1322157250,65.8,34,44.4,44.4,43.9,82,42.1,SSE,158,0,0,68,0,0,0
1322157310,65.8,34,44.4,44.4,44.3,82,42.1,SSE,158,0,0,0,0,0,0
1322157370,65.8,34,44.4,44.4,44.3,82,42.1,SSE,158,0,0,158,0,0,0
1322157430,65.8,34,44.4,44.4,44.3,82,42.1,SSE,158,0,0,158,0,0,0
1322157490,65.8,34,44.8,44.8,44.3,81,41.9,SW,225,1,0,225,0,0,0
1322157550,65.8,34,45,45,44.3,81,42.6,SSW,203,0,0,225,0,0,0
1322157610,65.8,34,45,45,44.7,81,42.1,SW,225,1,0,0,0,0,0
1322157670,65.8,34,45,45,44.7,81,42.1,N,0,1,0,225,0,0,0
1322157730,65.8,34,45,45,44.7,81,42.6,NNE,23,0,0,225,0,0,0
1322157790,65.8,34,45.1,45.1,44.7,80,42.8,NNE,23,0,0,225,0,0,0
1322157850,65.8,34,45.1,45.1,44.7,80,42.8,ESE,113,0,0,225,0,0,0
1322157910,65.8,34,45.3,45.3,45.1,80,43,NE,45,0,0,0,0,0,0
1322157970,65.8,34,45.5,45.5,45.1,80,43.2,NE,45,0,0,45,0,0,0
1322158030,65.8,34,45.5,45.5,45.1,80,43.2,WNW,293,0,0,45,0,0,0
1322158090,65.8,34,45.5,45.5,45.1,80,43.2,E,90,0,0,45,0,0,0
1322158150,65.8,34,45.5,45.5,45.1,80,43.2,E,90,0,0,45,0,0,0
1322158210,65.8,34,45.7,45.7,45.5,80,43.4,E,90,0,0,0,0,0,0
1322158270,65.8,34,45.7,45.7,45.5,80,43.4,E,90,0,0,90,0,0,0
1322158330,65.8,34,45.7,45.7,45.5,80,43.4,SSE,158,0,0,90,0,0,0
1322158390,65.8,34,45.7,45.7,45.5,80,43.4,S,180,0,0,90,0,0,0
1322158450,65.8,34,45.7,45.7,45.5,80,43.4,S,180,0,0,90,0,0,0
1322158510,65.8,34,45.9,45.9,45.7,79,43.6,S,180,0,0,0,0,0,0
1322158570,65.8,34,45.9,45.9,45.7,79,43.6,SW,225,0,0,180,0,0,0
1322158630,65.8,34,45.9,45.9,45.7,79,43.6,S,180,0,0,180,0,0,0
1322158690,65.8,34,45.9,45.9,45.7,79,43.6,S,180,0,0,180,0,0,0
1322158750,65.8,34,45.9,45.9,45.7,79,43,NE,45,1,0,45,0,0,0
1322158810,65.8,34,46,46,45.9,79,43.2,ENE,68,1,0,0,0,0,0
1322158870,65.8,34,46,46,45.9,79,43.2,NNE,23,1,0,23,0,0,0
1322158930,65.7,34,46,46,45.9,78,43.7,SSE,158,0,0,23,0,0,0
1322158990,65.7,34,46,46,45.9,78,42.6,WNW,293,2,0,293,0,0,0
1322159050,65.7,34,46,46,45.9,77,42.5,WSW,248,2,0,293,0,0,0
1322159110,65.7,34,46,46,46,77,43.7,NNW,338,0,1,0,0,0,0
1322159170,65.7,34,46,46,46,77,43.1,NNW,338,1,1,338,0,0,0
1322159230,65.7,34,46,46,46,77,43.7,NE,45,0,1,338,0,0,0
1322159290,65.7,34,46,46,46,77,43.7,ENE,68,0,1,338,0,0,0
1322159350,65.7,34,46,46,46,77,43.7,NE,45,0,1,338,0,0,0
1322159410,65.7,34,46,46,46,77,43.7,SSE,158,0,0,0,0,0,0
1322159470,65.7,34,46,46,46,77,43.7,SSE,158,0,0,158,0,0,0
1322159530,65.7,34,46,46,46,77,43.7,SSE,158,0,0,158,0,0,0
1322159590,65.7,34,46,46,46,77,43.7,SSE,158,0,0,158,0,0,0
1322159650,65.7,34,46,46,46,77,42.5,NNW,338,2,0,338,0,0,0
1322159710,65.7,34,46,46,46,77,43.7,W,270,0,0,0,0,0,0
1322159770,65.7,34,46.2,46.2,46,77,43.9,SW,225,0,0,225,0,0,0
1322159830,65.7,34,46.2,46.2,46,77,43.9,SSW,203,0,0,225,0,0,0
1322159890,65.7,34,46.2,46.2,46,77,43.3,NW,315,1,0,315,0,0,0
1322159950,65.7,34,46.2,46.2,46,77,43.3,NE,45,1,0,315,0,0,0
1322160010,65.7,34,46.2,46.2,46.2,77,43.3,NE,45,1,0,0,0,0,0
1322160070,65.7,34,46.2,46.2,46.2,77,43.3,SW,225,1,0,225,0,0,0
1322160130,65.7,34,46.2,46.2,46.2,76,43.3,N,0,1,0,225,0,0,0
1322160190,65.7,34,46.2,46.2,46.2,76,43.8,N,0,0,0,225,0,0,0
1322160250,65.7,34,46.2,46.2,46.2,76,43.8,N,0,0,0,225,0,0,0
1322160310,65.7,34,46.2,46.2,46.2,76,43.8,NE,45,0,0,0,0,0,0
1322160370,65.7,34,46.2,46.2,46.2,76,43.8,NE,45,0,0,45,0,0,0
1322160430,65.7,34,46.2,46.2,46.2,77,43.9,S,180,0,0,45,0,0,0
1322160490,65.7,34,46.2,46.2,46.2,77,43.3,S,180,1,0,180,0,0,0
1322160550,65.7,34,46.2,46.2,46.2,77,43.9,S,180,0,0,180,0,0,0
1322160610,65.7,34,46.2,46.2,46.2,77,43.9,S,180,0,0,0,0,0,0
1322160670,65.7,34,46.2,46.2,46.2,77,43.9,ENE,68,0,0,68,0,0,0
1322160730,65.7,34,46.2,46.2,46.2,77,43.9,N,0,0,0,68,0,0,0
1322160790,65.7,34,46.2,46.2,46.2,77,43.9,N,0,0,0,68,0,0,0
1322160850,65.7,34,46,46,46.2,77,43.7,SW,225,0,0,68,0,0,0
1322160910,65.7,34,46,46,46.2,77,43.7,SW,225,0,0,0,0,0,0
1322160970,65.7,34,46,46,46.2,77,43.7,W,270,0,0,225,0,0,0
1322161030,65.7,34,46,46,46.2,77,43.7,ESE,113,0,0,225,0,0,0
1322161090,65.7,34,46,46,46.2,77,43.7,ENE,68,0,0,225,0,0,0
1322161150,65.7,34,45.9,45.9,46.2,77,42.9,SW,225,1,0,225,0,0,0
1322161211,65.7,34,45.9,45.9,46.2,77,43.5,SW,225,0,0,0,0,0,0
1322161270,65.7,34,45.9,45.9,46,77,43.5,SW,225,0,0,225,0,0,0
1322161330,65.7,34,45.9,45.9,46,77,42.9,ENE,68,1,0,68,0,0,0
1322161390,65.7,34,45.9,45.9,46,77,42.9,NNE,23,1,0,68,0,0,0
1322161450,65.7,34,45.9,45.9,46,77,42.3,SE,135,2,0,135,0,0,0
1322161510,65.7,34,45.9,45.9,45.9,77,43.5,SSW,203,0,0,0,0,0,0
1322161570,65.7,34,45.7,45.7,45.9,76,43.2,SSW,203,0,0,203,0,0,0
1322161630,65.7,34,45.7,45.7,45.9,76,42.6,SSW,203,1,0,203,0,0,0
1322161690,65.7,34,45.5,45.5,45.9,76,42.4,NW,315,1,0,203,0,0,0
1322161750,65.7,34,45.5,45.5,45.9,76,42.4,NW,315,1,0,203,0,0,0
1322161810,65.7,34,45.5,45.5,45.6,76,43,NE,45,0,0,0,0,0,0
1322161870,65.7,34,45.5,45.5,45.6,76,43,WSW,248,0,0,45,0,0,0
1322161930,65.7,34,45.5,45.5,45.6,77,42.5,N,0,1,0,0,0,0,0
1322161990,65.7,34,45.3,45.3,45.6,76,42.2,SW,225,1,0,0,0,0,0
1322162050,65.7,34,45.3,45.3,45.6,76,41.6,SW,225,2,0,225,0,0,0
1322162110,65.7,34,45.3,45.3,45.4,76,41.6,NE,45,2,1,0,0,0,0
1322162170,65.7,34,45.3,45.3,45.4,76,42.8,N,0,0,1,45,0,0,0
1322162230,65.7,34,45.3,45.3,45.4,75,41.6,ESE,113,2,1,45,0,0,0
1322162290,65.7,34,45.3,45.3,45.4,75,42.1,N,0,1,1,45,0,0,0
1322162350,65.7,34,45.1,45.1,45.4,76,42,N,0,1,1,45,0,0,0
1322162410,65.7,34,45.1,45.1,45.2,76,42,N,0,1,1,0,0,0,0
1322162470,65.7,34,45.1,45.1,45.2,76,42.6,NE,45,0,1,45,0,0,0
1322162530,65.7,34,45.1,45.1,45.2,75,41.9,ENE,68,1,1,68,0,0,0
1322162590,65.7,34,45.1,45.1,45.2,75,42.5,NE,45,0,1,68,0,0,0
1322162650,65.7,34,45,45,45.2,75,42.3,W,270,0,1,68,0,0,0
1322162710,65.7,34,45,45,45.1,75,42.3,W,270,0,0,0,0,0,0
1322162770,65.7,34,45,43,45.1,76,40.1,NE,45,4,0,45,0,0,0
1322162830,65.7,34,45,45,45.1,76,41.2,W,270,2,0,45,0,0,0
1322162890,65.7,34,44.8,44.8,45.1,75,42.1,NE,45,0,0,45,0,0,0
1322162950,65.7,34,44.8,44.8,45.1,75,42.1,NNE,23,0,0,45,0,0,0
1322163010,65.5,34,44.8,44.8,44.9,75,42.1,ESE,113,0,1,0,0,0,0
1322163070,65.5,34,44.8,44.8,44.9,75,40.9,NE,45,2,1,45,0,0,0
1322163130,65.5,34,44.8,44.8,44.9,75,41.5,NE,45,1,1,45,0,0,0
1322163190,65.7,34,44.8,44.8,44.9,75,42.1,NE,45,0,1,45,0,0,0
1322163250,65.5,34,44.8,44.8,44.9,75,42.1,NE,45,0,1,45,0,0,0
1322163310,65.5,34,44.6,44.6,44.7,75,41.9,NNE,23,0,0,0,0,0,0
1322163370,65.5,34,44.6,44.6,44.7,75,41.9,W,270,0,0,270,0,0,0
1322163430,65.5,34,44.6,44.6,44.7,75,41.9,N,0,0,0,270,0,0,0
1322163490,65.5,34,44.6,44.6,44.7,76,40.8,NNE,23,2,0,23,0,0,0
1322163550,65.5,34,44.6,44.6,44.7,76,41.9,NE,45,0,0,23,0,0,0
1322163610,65.5,34,44.4,44.4,44.6,76,41.7,NE,45,0,0,0,0,0,0
1322163670,65.5,34,44.4,44.4,44.6,76,41.7,NW,315,0,0,45,0,0,0
1322163730,65.5,34,44.4,44.4,44.6,76,41.7,NNE,23,0,0,45,0,0,0
1322163790,65.5,34,44.4,44.4,44.6,76,41.7,NE,45,0,0,45,0,0,0
1322163850,65.5,34,44.4,44.4,44.6,76,41.7,NE,45,0,0,45,0,0,0
1322163910,65.5,34,44.4,44.4,44.4,76,41.7,NW,315,0,0,0,0,0,0
1322163970,65.5,34,44.4,44.4,44.4,76,41.7,NNW,338,0,0,338,0,0,0
1322164030,65.5,34,44.2,44.2,44.4,76,41.5,NW,315,0,0,338,0,0,0
1322164090,65.5,34,44.2,44.2,44.4,76,41.5,SSW,203,0,0,338,0,0,0
1322164150,65.5,34,44.2,44.2,44.4,76,41.5,SSE,158,0,0,338,0,0,0
1322164210,65.5,34,44.2,44.2,44.3,76,41.5,S,180,0,0,0,0,0,0
1322164270,65.5,34,44.1,44.1,44.3,76,40.7,NE,45,1,0,45,0,0,0
1322164330,65.5,34,44.1,44.1,44.3,76,40.7,NW,315,1,0,45,0,0,0
1322164390,65.5,34,44.1,44.1,44.3,76,41.3,E,90,0,0,45,0,0,0
1322164450,65.5,34,44.1,44.1,44.3,76,41.3,E,90,0,0,45,0,0,0
1322164510,65.5,34,44.1,44.1,44.1,76,41.3,ENE,68,0,0,0,0,0,0
1322164570,65.5,34,43.9,43.9,44.1,76,41.1,SSW,203,0,0,68,0,0,0
1322164630,65.5,34,43.9,43.9,44.1,76,41.1,SSW,203,0,0,68,0,0,0
1322164690,65.5,34,43.9,43.9,44.1,76,41.1,SSW,203,0,0,68,0,0,0
1322164750,65.5,34,43.9,43.9,44.1,76,41.1,SSE,158,0,0,68,0,0,0
1322164810,65.5,34,43.9,43.9,43.9,76,41.1,SSE,158,0,0,0,0,0,0
1322164870,65.5,34,43.7,43.7,43.9,76,40.9,SSE,158,0,0,158,0,0,0
1322164930,65.5,34,43.7,43.7,43.9,76,40.9,SSE,158,0,0,158,0,0,0
1322164990,65.5,34,43.7,43.7,43.9,77,40.9,ESE,113,0,0,158,0,0,0
1322165050,65.5,34,43.7,43.7,43.9,77,40.9,ESE,113,0,0,158,0,0,0
1322165110,65.5,34,43.5,43.5,43.7,77,40.7,ESE,113,0,0,0,0,0,0
1322165170,65.5,34,43.5,43.5,43.7,77,40.7,ESE,113,0,0,113,0,0,0
1322165230,65.5,34,43.5,43.5,43.7,77,40.7,E,90,0,0,113,0,0,0
1322165290,65.5,34,43.5,43.5,43.7,77,40.7,NE,45,0,0,113,0,0,0
1322165350,65.5,34,43.5,43.5,43.7,77,40.7,NE,45,0,0,113,0,0,0
1322165410,65.5,34,43.3,43.3,43.5,77,40.5,NE,45,0,0,0,0,0,0
1322165470,65.5,34,43.3,43.3,43.5,77,40.5,NE,45,0,0,45,0,0,0
1322165530,65.5,34,43.3,43.3,43.5,77,40.5,NE,45,0,0,45,0,0,0
1322165590,65.5,34,43.3,43.3,43.5,77,40.5,NE,45,0,0,45,0,0,0
1322165650,65.5,34,43.2,43.2,43.5,77,40.3,NE,45,0,0,45,0,0,0
1322165710,65.5,34,43.2,43.2,43.3,77,40.3,NE,45,0,0,0,0,0,0
1322165770,65.5,34,43.2,43.2,43.3,77,40.3,NE,45,0,0,45,0,0,0
1322165830,65.5,34,43,43,43.3,77,40.1,NE,45,0,0,45,0,0,0
1322165890,65.5,34,43,43,43.3,77,40.1,NE,45,0,0,45,0,0,0
1322165950,65.5,34,43,43,43.3,77,40.1,NE,45,0,0,45,0,0,0
1322166010,65.5,34,43,43,43,77,40.1,NE,45,0,0,0,0,0,0
1322166070,65.5,34,43,43,43,77,40.1,NE,45,0,0,45,0,0,0
1322166130,65.5,35,42.8,42.8,43,77,39.9,NE,45,0,0,45,0,0,0
1322166190,65.5,35,42.8,42.8,43,77,39.9,NE,45,0,0,45,0,0,0
1322166250,65.5,35,42.6,42.6,43,78,39.7,NE,45,0,0,45,0,0,0
1322166310,65.5,35,42.6,42.6,42.8,78,39.7,NE,45,0,0,0,0,0,0
1322166370,65.5,35,42.4,42.4,42.8,78,39.5,NE,45,0,0,45,0,0,0
1322166430,65.5,35,42.4,42.4,42.8,78,39.5,NE,45,0,0,45,0,0,0
1322166490,65.5,35,42.4,42.4,42.8,78,39.5,NE,45,0,0,45,0,0,0
1322166550,65.5,35,42.3,42.3,42.8,78,39.3,NE,45,0,0,45,0,0,0
1322166610,65.5,35,42.3,42.3,42.4,78,39.3,NE,45,0,0,0,0,0,0
1322166670,65.5,35,42.3,42.3,42.4,78,39.3,SE,135,0,0,135,0,0,0
1322166730,65.5,35,42.3,42.3,42.4,78,39.3,SE,135,0,0,135,0,0,0
1322166790,65.5,35,42.1,42.1,42.4,78,39.1,NE,45,0,0,135,0,0,0
1322166850,65.5,35,42.1,42.1,42.4,78,39.1,NE,45,0,0,135,0,0,0
1322166910,65.5,35,42.1,42.1,42.2,78,39.1,NE,45,0,0,0,0,0,0
1322166970,65.5,35,42.1,42.1,42.2,78,39.1,NE,45,0,0,45,0,0,0
1322167030,65.5,35,41.9,41.9,42.2,78,38.9,NE,45,0,0,45,0,0,0
1322167090,65.5,35,41.9,41.9,42.2,79,38.9,NE,45,0,0,45,0,0,0
1322167150,65.5,35,41.9,41.9,42.2,79,38.9,NE,45,0,0,45,0,0,0
1322167210,65.5,35,41.9,41.9,41.9,79,38.9,NE,45,0,0,0,0,0,0
1322167270,65.5,35,41.9,41.9,41.9,79,38.9,NE,45,0,0,45,0,0,0
1322167330,65.5,35,41.7,41.7,41.9,79,38.7,NE,45,0,0,45,0,0,0
1322167390,65.3,35,41.7,41.7,41.9,79,38.7,NE,45,0,0,45,0,0,0
1322167450,65.3,35,41.7,41.7,41.9,79,38.7,NE,45,0,0,45,0,0,0
1322167510,65.5,34,41.5,41.5,41.7,79,38.5,NE,45,0,0,0,0,0,0
1322167570,65.3,35,41.5,41.5,41.7,79,38.5,NE,45,0,0,45,0,0,0
1322167630,65.3,35,41.5,41.5,41.7,79,38.5,NE,45,0,0,45,0,0,0
1322167690,65.3,35,41.5,41.5,41.7,79,38.5,NE,45,0,0,45,0,0,0
1322167750,65.5,35,41.5,41.5,41.7,79,38.5,NE,45,0,0,45,0,0,0
1322167810,65.3,35,41.5,41.5,41.5,79,38.5,NE,45,0,0,0,0,0,0
1322167870,65.5,35,41.4,41.4,41.5,79,38.3,ENE,68,0,0,45,0,0,0
1322167930,65.3,35,41.2,41.2,41.5,79,38.1,ENE,68,0,0,45,0,0,0
1322167990,65.5,35,41.2,41.2,41.5,79,38.1,NE,45,0,0,45,0,0,0
1322168050,65.5,35,41.2,41.2,41.5,79,37.5,NNE,23,1,0,23,0,0,0
1322168110,65.3,35,41.2,41.2,41.2,79,38.1,NE,45,0,0,0,0,0,0
1322168170,65.3,35,41.2,41.2,41.2,79,38.1,NE,45,0,0,45,0,0,0
1322168230,65.3,35,41.2,41.2,41.2,79,38.1,NE,45,0,0,45,0,0,0
1322168290,65.3,35,41.2,41.2,41.2,79,38.1,NE,45,0,0,45,0,0,0
1322168350,65.3,35,41.2,41.2,41.2,79,38.1,NE,45,0,0,45,0,0,0
1322168410,65.3,35,41.2,41.2,41.2,79,38.1,SE,135,0,0,0,0,0,0
1322168470,65.3,35,41,41,41.2,79,37.9,SE,135,0,0,135,0,0,0
1322168530,65.3,35,41,41,41.2,79,37.9,SE,135,0,0,135,0,0,0
1322168590,65.3,35,41,41,41.2,79,37.9,SE,135,0,0,135,0,0,0
1322168650,65.3,35,41,41,41.2,79,37.9,SE,135,0,0,135,0,0,0
1322168710,65.3,35,41,41,41,80,37.9,SE,135,0,0,0,0,0,0
1322168770,65.3,35,41,41,41,80,37.9,SE,135,0,0,135,0,0,0
1322168830,65.3,35,40.8,40.8,41,80,37.7,SE,135,0,0,135,0,0,0
1322168890,65.3,35,40.8,40.8,41,80,37.7,SE,135,0,0,135,0,0,0
1322168950,65.3,35,40.8,40.8,41,80,37.7,SE,135,0,0,135,0,0,0
1322169010,65.3,35,40.6,40.6,40.8,80,37.5,SE,135,0,0,0,0,0,0
1322169070,65.3,35,40.6,40.6,40.8,80,37.5,SE,135,0,0,135,0,0,0
1322169130,65.3,35,40.6,40.6,40.8,80,37.5,SE,135,0,0,135,0,0,0
1322169190,65.3,35,40.6,40.6,40.8,80,37.5,SE,135,0,0,135,0,0,0
1322169250,65.3,35,40.6,40.6,40.8,80,37.5,SE,135,0,0,135,0,0,0
1322169310,65.3,35,40.5,40.5,40.6,80,37.3,SE,135,0,0,0,0,0,0
1322169370,65.3,35,40.5,40.5,40.6,80,37.3,SE,135,0,0,135,0,0,0
1322169430,65.3,35,40.5,40.5,40.6,81,37.4,SSW,203,0,0,135,0,0,0
1322169490,65.3,35,40.5,40.5,40.6,81,37.4,SSW,203,0,0,135,0,0,0
1322169550,65.3,35,40.5,40.5,40.6,81,37.4,SSW,203,0,0,135,0,0,0
1322169610,65.3,35,40.5,40.5,40.5,81,37.4,SSW,203,0,0,0,0,0,0
1322169670,65.3,35,40.3,40.3,40.5,81,37.2,SSW,203,0,0,203,0,0,0
1322169730,65.3,35,40.3,40.3,40.5,81,37.2,SSW,203,0,0,203,0,0,0
1322169790,65.3,35,40.3,40.3,40.5,81,37.2,SSW,203,0,0,203,0,0,0
1322169850,65.3,35,40.3,40.3,40.5,81,37.2,SSW,203,0,0,203,0,0,0
1322169910,65.3,35,40.3,40.3,40.3,81,37.2,SSW,203,0,0,0,0,0,0
1322169970,65.3,35,40.3,40.3,40.3,81,37.2,SSW,203,0,0,203,0,0,0
1322170030,65.3,35,40.3,40.3,40.3,81,37.2,SSW,203,0,0,203,0,0,0
1322170090,65.3,35,40.1,40.1,40.3,81,36.9,SSW,203,0,0,203,0,0,0
1322170150,65.3,35,40.1,40.1,40.3,81,36.9,SSW,203,0,0,203,0,0,0
1322170210,65.3,35,39.9,39.9,40.1,81,36.7,SSW,203,0,0,0,0,0,0
1322170270,65.3,35,39.9,39.9,40.1,81,36.7,SSW,203,0,0,203,0,0,0
1322170330,65.3,35,39.9,39.9,40.1,81,36.7,SSW,203,0,0,203,0,0,0
1322170390,65.3,35,39.9,39.9,40.1,81,36.7,SSW,203,0,0,203,0,0,0
1322170450,65.3,35,39.9,39.9,40.1,81,36.7,SSW,203,0,0,203,0,0,0
1322170510,65.3,35,39.9,39.9,39.9,81,36.7,SSW,203,0,0,0,0,0,0
1322170570,65.3,35,39.9,39.9,39.9,81,36.7,SSW,203,0,0,203,0,0,0
1322170630,65.3,35,39.7,39.7,39.9,81,36.5,SSW,203,0,0,203,0,0,0
1322170690,65.3,35,39.7,39.7,39.9,81,36.5,NE,45,0,0,203,0,0,0
1322170750,65.3,35,39.7,39.7,39.9,81,36.5,NE,45,0,0,203,0,0,0
1322170810,65.3,35,39.6,39.6,39.8,81,36.3,NE,45,0,0,0,0,0,0
1322170870,65.3,35,39.6,39.6,39.8,81,36.3,NE,45,0,0,45,0,0,0
1322170930,65.3,35,39.6,39.6,39.8,81,36.3,NE,45,0,0,45,0,0,0
1322170990,65.3,35,39.6,39.6,39.8,81,36.3,NE,45,0,0,45,0,0,0
1322171050,65.3,35,39.6,39.6,39.8,81,36.3,NE,45,0,0,45,0,0,0
1322171110,65.3,35,39.4,39.4,39.5,81,36.1,NE,45,0,0,0,0,0,0
1322171170,65.3,35,39.4,39.4,39.5,81,36.1,NE,45,0,0,45,0,0,0
1322171230,65.3,35,39.4,39.4,39.5,82,36.2,NE,45,0,0,45,0,0,0
1322171290,65.3,35,39.4,39.4,39.5,82,36.2,NE,45,0,0,45,0,0,0
1322171350,65.3,35,39.2,39.2,39.5,82,36,NE,45,0,0,45,0,0,0
1322171410,65.1,35,39.2,39.2,39.3,82,36,NE,45,0,0,0,0,0,0
1322171470,65.1,35,39.2,39.2,39.3,82,36,NE,45,0,0,45,0,0,0
1322171530,65.1,35,39.2,39.2,39.3,82,36,NE,45,0,0,45,0,0,0
1322171590,65.1,35,39.2,39.2,39.3,82,36,NE,45,0,0,45,0,0,0
1322171650,65.1,35,39.2,39.2,39.3,82,36,NE,45,0,0,45,0,0,0
1322171710,65.1,35,39.2,39.2,39.2,82,36,NE,45,0,0,0,0,0,0
1322171770,65.1,35,39,39,39.2,82,35.7,NE,45,0,0,45,0,0,0
1322171830,65.1,35,39,39,39.2,82,35.7,NE,45,0,0,45,0,0,0
1322171890,65.1,35,39,39,39.2,82,35.7,NE,45,0,0,45,0,0,0
1322171950,65.1,35,39,39,39.2,82,35.7,NE,45,0,0,45,0,0,0
1322172010,65.1,35,39,39,39,82,35.7,NE,45,0,0,0,0,0,0
1322172070,65.1,35,38.8,38.8,39,82,35.5,NE,45,0,0,45,0,0,0
1322172130,65.1,35,38.8,38.8,39,82,35.5,NE,45,0,0,45,0,0,0
1322172190,65.1,35,38.8,38.8,39,83,35.6,NNE,23,0,0,45,0,0,0
1322172250,65.1,35,38.8,38.8,39,83,35.6,NNE,23,0,0,45,0,0,0
1322172310,65.1,35,38.8,38.8,38.9,83,35.6,NNE,23,0,0,0,0,0,0
1322172370,65.1,35,38.8,38.8,38.9,83,35.6,NNE,23,0,0,23,0,0,0
1322172430,65.1,35,38.8,38.8,38.9,83,35.6,NNE,23,0,0,23,0,0,0
1322172490,65.1,35,38.8,38.8,38.9,83,35.6,NNE,23,0,0,23,0,0,0
1322172550,65.1,35,38.8,38.8,38.9,83,35.6,NNE,23,0,0,23,0,0,0
1322172610,65.1,35,38.7,38.7,38.8,83,35.4,NNE,23,0,0,0,0,0,0
1322172670,65.1,35,38.7,38.7,38.8,83,35.4,NNE,23,0,0,23,0,0,0
1322172730,65.1,35,38.7,38.7,38.8,83,35.4,NNE,23,0,0,23,0,0,0
1322172790,65.1,35,38.7,38.7,38.8,83,35.4,NNE,23,0,0,23,0,0,0
1322172850,65.1,35,38.7,38.7,38.8,83,35.4,NNE,23,0,0,23,0,0,0
1322172910,65.1,35,38.7,38.7,38.7,83,35.4,NNE,23,0,0,0,0,0,0
1322172970,65.1,35,38.7,38.7,38.7,83,35.4,NNE,23,0,0,23,0,0,0
1322173030,65.1,35,38.7,38.7,38.7,83,35.4,NNE,23,0,0,23,0,0,0
1322173090,65.1,35,38.7,38.7,38.7,83,35.4,NNE,23,0,0,23,0,0,0
1322173150,65.1,35,38.5,38.5,38.7,83,35.2,NNE,23,0,0,23,0,0,0
1322173210,65.1,35,38.5,38.5,38.6,83,35.2,NNE,23,0,0,0,0,0,0
1322173270,65.1,35,38.5,38.5,38.6,83,35.2,NNE,23,0,0,23,0,0,0
1322173330,65.1,35,38.5,38.5,38.6,83,35.2,NNE,23,0,0,23,0,0,0
1322173390,65.1,35,38.5,38.5,38.6,83,35.2,NNE,23,0,0,23,0,0,0
1322173450,65.1,35,38.5,38.5,38.6,83,35.2,NNE,23,0,0,23,0,0,0
1322173510,65.1,35,38.5,38.5,38.5,83,35.2,NNE,23,0,0,0,0,0,0
1322173570,65.1,35,38.5,38.5,38.5,83,35.2,NNE,23,0,0,23,0,0,0
1322173630,65.1,35,38.5,38.5,38.5,83,35.2,NNE,23,0,0,23,0,0,0
1322173690,65.1,35,38.3,38.3,38.5,83,35,NNE,23,0,0,23,0,0,0
1322173750,65.1,35,38.3,38.3,38.5,83,35,NNE,23,0,0,23,0,0,0
1322173810,65.1,35,38.3,38.3,38.4,83,35,NNE,23,0,0,0,0,0,0
1322173870,65.1,35,38.3,38.3,38.4,83,35,NNE,23,0,0,23,0,0,0
1322173930,65.1,35,38.3,38.3,38.4,83,35,NNE,23,0,0,23,0,0,0
1322173990,65.1,35,38.3,38.3,38.4,84,35,NNE,23,0,0,23,0,0,0
1322174050,65.1,35,38.3,38.3,38.4,84,35,NNE,23,0,0,23,0,0,0
1322174110,65.1,35,38.3,38.3,38.3,84,35,NNE,23,0,0,0,0,0,0
1322174170,65.1,35,38.3,38.3,38.3,84,35,NNE,23,0,0,23,0,0,0
1322174230,64.9,35,38.3,38.3,38.3,84,35,NNE,23,0,0,23,0,0,0
1322174290,64.9,35,38.1,38.1,38.3,84,34.8,NNE,23,0,0,23,0,0,0
1322174350,64.9,35,38.1,38.1,38.3,84,34.8,NNE,23,0,0,23,0,0,0
1322174410,64.9,35,38.1,38.1,38.2,84,34.8,NNE,23,0,0,0,0,0,0
1322174470,64.9,35,38.1,38.1,38.2,84,34.8,NNE,23,0,0,23,0,0,0
1322174530,64.9,35,38.1,38.1,38.2,84,34.8,NNE,23,0,0,23,0,0,0
1322174590,64.9,35,38.1,38.1,38.2,84,34.8,NNE,23,0,0,23,0,0,0
1322174650,64.9,35,38.1,38.1,38.2,84,34.8,NNE,23,0,0,23,0,0,0
1322174710,64.9,35,38.1,38.1,38.1,84,34.8,NNE,23,0,0,0,0,0,0
1322174770,64.9,35,38.1,38.1,38.1,84,34.8,NNE,23,0,0,23,0,0,0
1322174830,64.9,35,38.1,38.1,38.1,84,34.8,NNE,23,0,0,23,0,0,0
1322174890,64.9,35,38.1,38.1,38.1,84,34.8,NNE,23,0,0,23,0,0,0
1322174950,64.9,35,38.1,38.1,38.1,84,34.8,NNE,23,0,0,23,0,0,0
1322175010,64.9,35,38.1,38.1,38.1,84,34.8,NNE,23,0,0,0,0,0,0
1322175070,64.9,35,38.1,38.1,38.1,84,34.8,NNE,23,0,0,23,0,0,0
1322175130,64.9,35,38.1,38.1,38.1,84,34.8,NNE,23,0,0,23,0,0,0
1322175190,65.1,35,38.1,38.1,38.1,84,34.8,NNE,23,0,0,23,0,0,0
1322175250,65.1,35,37.9,37.9,38.1,84,34.6,NNE,23,0,0,23,0,0,0
1322175310,65.1,35,37.9,37.9,38.1,84,34.6,NNE,23,0,0,0,0,0,0
1322175370,65.1,35,37.9,37.9,38.1,84,34.6,NNE,23,0,0,23,0,0,0
1322175430,65.1,35,37.9,37.9,38.1,84,34.6,NNE,23,0,0,23,0,0,0
1322175490,65.1,35,37.9,37.9,38.1,84,34.6,NNE,23,0,0,23,0,0,0
1322175550,65.1,35,37.9,37.9,38.1,84,34.6,NNE,23,0,0,23,0,0,0
1322175610,65.1,35,37.9,37.9,37.9,84,34.6,NNE,23,0,0,0,0,0,0
1322175670,65.1,35,37.9,37.9,37.9,84,34.6,NNE,23,0,0,23,0,0,0
1322175730,65.1,35,37.9,37.9,37.9,84,34.6,NNE,23,0,0,23,0,0,0
1322175790,65.1,35,37.9,37.9,37.9,84,34.6,NNE,23,0,0,23,0,0,0
1322175850,65.1,35,37.9,37.9,37.9,84,34.6,NE,45,0,0,23,0,0,0
1322175910,65.1,35,37.8,37.8,37.9,84,34.4,NE,45,0,0,0,0,0,0
1322175970,65.1,35,37.8,37.8,37.9,84,34.4,NE,45,0,0,45,0,0,0
1322176030,65.1,35,37.8,37.8,37.9,85,34.4,NE,45,0,0,45,0,0,0
1322176090,65.1,35,37.8,37.8,37.9,85,33.3,NE,45,2,0,45,0,0,0
1322176150,65.1,35,37.8,37.8,37.9,85,33.3,NE,45,2,0,45,0,0,0
1322176210,65.1,35,37.8,37.8,37.8,85,33.3,NE,45,2,1,0,0,0,0
1322176270,65.1,35,37.8,37.8,37.8,85,34.4,NE,45,0,1,45,0,0,0
1322176330,65.1,35,37.8,37.8,37.8,85,33.3,NE,45,2,1,45,0,0,0
1322176390,65.1,35,37.8,37.8,37.8,85,34.4,NE,45,0,1,45,0,0,0
1322176450,65.1,35,37.8,37.8,37.8,85,33.3,NE,45,2,1,45,0,0,0
1322176510,65.1,35,37.8,37.8,37.8,85,34.4,NE,45,0,0,0,0,0,0
1322176570,65.1,35,37.8,37.8,37.8,85,33.9,NE,45,1,0,45,0,0,0
1322176630,65.1,35,37.6,37.6,37.8,85,33.7,NE,45,1,0,45,0,0,0
1322176690,65.1,35,37.6,37.6,37.8,85,32.5,NE,45,3,0,45,0,0,0
1322176750,65.1,35,37.6,37.6,37.8,85,33.7,NE,45,1,0,45,0,0,0
1322176810,65.1,35,37.6,37.6,37.6,85,33.7,NE,45,1,1,0,0,0,0
1322176870,65.1,35,37.6,37.6,37.6,85,33.1,NE,45,2,1,45,0,0,0
1322176930,65.1,35,37.6,37.6,37.6,85,33.7,E,90,1,1,45,0,0,0
1322176990,65.1,35,37.6,37.6,37.6,85,33.1,E,90,2,1,45,0,0,0
1322177050,65.1,35,37.6,37.6,37.6,85,33.1,NE,45,2,1,45,0,0,0
1322177110,65.1,35,37.6,37.6,37.6,85,33.1,NE,45,2,1,0,0,0,0
1322177170,65.1,35,37.6,37.6,37.6,85,34.2,NE,45,0,1,45,0,0,0
1322177230,65.1,35,37.6,37.6,37.6,85,33.7,NNE,23,1,1,45,0,0,0
1322177290,65.1,35,37.6,37.6,37.6,85,34.2,NE,45,0,1,45,0,0,0
1322177350,65.1,35,37.6,37.6,37.6,85,34.2,NE,45,0,1,45,0,0,0
1322177410,65.1,35,37.8,37.8,37.6,85,34.4,NE,45,0,0,0,0,0,0
1322177470,65.1,35,37.8,37.8,37.6,85,33.3,NNE,23,2,0,23,0,0,0
1322177530,65.1,35,37.8,37.8,37.6,85,34.4,NE,45,0,0,23,0,0,0
1322177590,65.1,35,37.8,37.8,37.6,85,33.3,NNE,23,2,0,23,0,0,0
1322177650,65.1,35,37.8,37.8,37.6,85,34.4,NE,45,0,0,23,0,0,0
1322177710,65.1,35,37.8,37.8,37.8,85,34.4,NE,45,0,0,0,0,0,0
1322177770,65.1,35,37.8,37.8,37.8,85,33.9,NE,45,1,0,45,0,0,0
1322177830,65.1,35,37.8,37.8,37.8,85,33.9,NNE,23,1,0,45,0,0,0
1322177890,65.1,35,37.8,37.8,37.8,85,33.9,NNE,23,1,0,45,0,0,0
1322177950,65.1,35,37.8,37.8,37.8,85,33.9,NNE,23,1,0,45,0,0,0
1322178010,65.1,35,37.8,37.8,37.8,85,33.9,NE,45,1,0,0,0,0,0
1322178070,65.1,35,37.8,37.8,37.8,85,33.3,NE,45,2,0,45,0,0,0
1322178130,64.9,35,37.8,37.8,37.8,85,33.9,NNE,23,1,0,45,0,0,0
1322178190,64.9,35,37.8,37.8,37.8,85,33.3,NNE,23,2,0,45,0,0,0
1322178250,64.9,35,37.8,37.8,37.8,85,33.9,NE,45,1,0,45,0,0,0
1322178310,64.9,35,37.8,37.8,37.8,85,34.4,NE,45,0,1,0,0,0,0
1322178370,64.9,35,37.8,37.8,37.8,85,33.9,NE,45,1,1,45,0,0,0
1322178430,64.9,35,37.8,37.8,37.8,85,34.4,NE,45,0,1,45,0,0,0
1322178490,64.9,35,37.8,37.8,37.8,85,34.4,NE,45,0,1,45,0,0,0
1322178550,64.9,35,37.8,37.8,37.8,85,34.4,NE,45,0,1,45,0,0,0
1322178610,64.9,35,37.8,37.8,37.8,85,34.4,NE,45,0,0,0,0,0,0
1322178670,64.9,35,37.8,37.8,37.8,85,34.4,NE,45,0,0,45,0,0,0
1322178730,64.9,35,37.8,37.8,37.8,85,34.4,NE,45,0,0,45,0,0,0
1322178790,64.9,35,37.8,37.8,37.8,85,34.4,NE,45,0,0,45,0,0,0
1322178850,64.9,35,37.8,37.8,37.8,85,34.4,NE,45,0,0,45,0,0,0
1322178910,64.9,35,37.8,37.8,37.8,85,33.9,NE,45,1,0,0,0,0,0
1322178970,64.9,35,37.6,37.6,37.8,85,34.2,NE,45,0,0,45,0,0,0
1322179030,64.9,35,37.6,37.6,37.8,85,34.2,NE,45,0,0,45,0,0,0
1322179090,64.9,35,37.6,37.6,37.8,85,34.2,NE,45,0,0,45,0,0,0
1322179150,64.9,35,37.6,37.6,37.8,85,34.2,NE,45,0,0,45,0,0,0
1322179210,64.9,35,37.6,37.6,37.6,85,34.2,NE,45,0,0,0,0,0,0
1322179270,64.9,35,37.6,37.6,37.6,85,34.2,NE,45,0,0,45,0,0,0
1322179330,64.9,35,37.6,37.6,37.6,85,34.2,NE,45,0,0,45,0,0,0
1322179390,64.9,35,37.6,37.6,37.6,85,34.2,NE,45,0,0,45,0,0,0
1322179450,64.9,35,37.6,37.6,37.6,85,34.2,NE,45,0,0,45,0,0,0
1322179510,64.9,35,37.6,37.6,37.6,85,34.2,NE,45,0,0,0,0,0,0
1322179570,64.9,35,37.6,37.6,37.6,85,34.2,N,0,0,0,45,0,0,0
1322179630,64.9,35,37.6,37.6,37.6,85,34.2,N,0,0,0,45,0,0,0
1322179690,64.9,35,37.6,37.6,37.6,85,34.2,N,0,0,0,45,0,0,0
1322179750,64.9,35,37.4,37.4,37.6,85,34,N,0,0,0,45,0,0,0
1322179810,64.9,35,37.4,37.4,37.5,85,34,N,0,0,0,0,0,0,0
1322179870,64.9,35,37.4,37.4,37.5,85,34,N,0,0,0,0,0,0,0
1322179930,64.9,35,37.4,37.4,37.5,85,34,N,0,0,0,0,0,0,0
1322179990,64.9,35,37.4,37.4,37.5,85,34,NE,45,0,0,0,0,0,0
1322180050,64.9,35,37.4,37.4,37.5,85,34,NE,45,0,0,0,0,0,0
1322180110,64.9,35,37.4,37.4,37.4,85,34,NE,45,0,0,0,0,0,0
1322180170,64.9,35,37.2,37.2,37.4,86,33.9,NE,45,0,0,45,0,0,0
1322180230,64.9,35,37.2,37.2,37.4,86,33.9,NE,45,0,0,45,0,0,0
1322180290,64.9,35,37.2,37.2,37.4,86,33.9,NE,45,0,0,45,0,0,0
1322180350,64.8,35,37.2,37.2,37.4,86,33.9,NE,45,0,0,45,0,0,0
1322180410,64.8,35,37.2,37.2,37.2,86,33.9,NE,45,0,0,0,0,0,0
1322180470,64.9,35,37,37,37.2,86,33.7,NE,45,0,0,45,0,0,0
1322180530,64.8,35,37,37,37.2,86,33.7,NE,45,0,0,45,0,0,0
1322180590,64.8,35,37,37,37.2,86,33.7,NE,45,0,0,45,0,0,0
1322180650,64.8,35,36.9,36.9,37.2,86,33.4,NE,45,0,0,45,0,0,0
1322180710,64.8,35,36.9,36.9,37,86,33.4,NE,45,0,0,0,0,0,0
1322180770,64.9,35,36.9,36.9,37,86,33.4,NE,45,0,0,45,0,0,0
1322180830,64.8,35,36.9,36.9,37,86,33.4,NE,45,0,0,45,0,0,0
1322180890,64.8,35,36.7,36.7,37,86,33.2,NE,45,0,0,45,0,0,0
1322180950,64.8,35,36.7,36.7,37,86,33.2,NE,45,0,0,45,0,0,0
1322181010,64.8,35,36.7,36.7,36.8,85,33.2,NE,45,0,0,0,0,0,0
1322181070,64.8,35,36.7,36.7,36.8,85,33.2,NE,45,0,0,45,0,0,0
1322181130,64.8,35,36.7,36.7,36.8,85,33.2,NE,45,0,0,45,0,0,0
1322181190,64.8,35,36.5,36.5,36.8,85,33,NE,45,0,0,45,0,0,0
1322181250,64.8,35,36.5,36.5,36.8,85,33,NE,45,0,0,45,0,0,0
1322181310,64.8,35,36.5,36.5,36.6,85,33,NE,45,0,0,0,0,0,0
1322181370,64.8,35,36.5,36.5,36.6,85,33,NE,45,0,0,45,0,0,0
1322181430,64.8,35,36.3,36.3,36.6,85,32.8,NE,45,0,0,45,0,0,0
1322181490,64.8,35,36.3,36.3,36.6,85,32.8,NE,45,0,0,45,0,0,0
1322181550,64.8,35,36.3,36.3,36.6,85,32.8,NE,45,0,0,45,0,0,0
1322181610,64.8,35,36.3,36.3,36.4,85,32.8,NE,45,0,0,0,0,0,0
1322181670,64.8,35,36.3,36.3,36.4,85,32.8,NE,45,0,0,45,0,0,0
1322181730,64.8,35,36.3,36.3,36.4,85,32.8,NE,45,0,0,45,0,0,0
1322181790,64.8,35,36.3,36.3,36.4,85,32.8,NE,45,0,0,45,0,0,0
1322181850,64.8,35,36.1,36.1,36.4,85,32.6,NE,45,0,0,45,0,0,0
1322181910,64.8,35,36.1,36.1,36.2,85,32.6,NE,45,0,0,0,0,0,0
1322181970,64.8,35,36.1,36.1,36.2,85,32.6,NE,45,0,0,45,0,0,0
1322182030,64.8,35,36.1,36.1,36.2,85,32.6,NE,45,0,0,45,0,0,0
1322182090,64.8,35,36.1,36.1,36.2,85,32.6,NE,45,0,0,45,0,0,0
1322182150,64.8,35,36,36,36.2,85,32.4,NE,45,0,0,45,0,0,0
1322182210,64.8,35,36,36,36.1,85,32.4,NE,45,0,0,0,0,0,0
1322182270,64.8,35,36,36,36.1,85,32.4,NE,45,0,0,45,0,0,0
1322182330,64.8,35,36,36,36.1,85,32.4,NE,45,0,0,45,0,0,0
1322182390,64.8,35,36,36,36.1,85,32.4,NE,45,0,0,45,0,0,0
1322182450,64.8,35,35.8,35.8,36.1,85,32.2,NE,45,0,0,45,0,0,0
1322182510,64.8,35,35.8,35.8,35.9,85,32.2,NE,45,0,0,0,0,0,0
1322182570,64.8,35,35.8,35.8,35.9,85,32.2,NE,45,0,0,45,0,0,0
1322182630,64.8,35,35.8,35.8,35.9,85,32.2,NE,45,0,0,45,0,0,0
1322182690,64.8,35,35.8,35.8,35.9,85,32.2,NE,45,0,0,45,0,0,0
1322182750,64.8,35,35.8,35.8,35.9,85,32.2,NE,45,0,0,45,0,0,0
1322182810,64.8,35,35.8,35.8,35.8,85,32.2,NE,45,0,0,0,0,0,0
1322182870,64.8,35,35.8,35.8,35.8,85,32.2,NW,315,0,0,315,0,0,0
1322182930,64.8,35,35.6,35.6,35.8,85,32,NW,315,0,0,315,0,0,0
1322182990,64.8,35,35.6,35.6,35.8,86,32,NW,315,0,0,315,0,0,0
1322183050,64.8,35,35.6,35.6,35.8,86,32,NW,315,0,0,315,0,0,0
1322183110,64.8,35,35.6,35.6,35.6,86,32,NW,315,0,0,0,0,0,0
1322183170,64.8,35,35.6,35.6,35.6,86,32,NW,315,0,0,315,0,0,0
1322183230,64.8,35,35.6,35.6,35.6,86,32,NW,315,0,0,315,0,0,0
1322183290,64.6,35,35.6,35.6,35.6,86,32,NW,315,0,0,315,0,0,0
1322183350,64.6,35,35.4,35.4,35.6,86,31.8,NW,315,0,0,315,0,0,0
1322183410,64.6,35,35.4,35.4,35.5,86,31.8,NW,315,0,0,0,0,0,0
1322183470,64.6,35,35.4,35.4,35.5,86,31.8,NW,315,0,0,315,0,0,0
1322183530,64.6,35,35.4,35.4,35.5,86,31.8,NW,315,0,0,315,0,0,0
1322183590,64.6,35,35.4,35.4,35.5,86,31.8,NW,315,0,0,315,0,0,0
1322183650,64.6,35,35.4,35.4,35.5,86,31.8,NW,315,0,0,315,0,0,0
1322183710,64.6,35,35.4,35.4,35.4,86,31.8,NW,315,0,0,0,0,0,0
1322183770,64.6,35,35.4,35.4,35.4,86,31.8,NW,315,0,0,315,0,0,0
1322183830,64.6,35,35.2,35.2,35.4,86,31.6,NW,315,0,0,315,0,0,0
1322183890,64.6,35,35.2,35.2,35.4,86,31.6,NW,315,0,0,315,0,0,0
1322183950,64.6,35,35.2,35.2,35.4,86,31.6,NW,315,0,0,315,0,0,0
1322184010,64.6,35,35.2,35.2,35.3,86,31.6,NW,315,0,0,0,0,0,0
1322184070,64.6,35,35.2,35.2,35.3,86,31.6,NW,315,0,0,315,0,0,0
1322184130,64.6,35,35.2,35.2,35.3,86,31.6,NW,315,0,0,315,0,0,0
1322184190,64.6,35,35.1,35.1,35.3,86,31.4,NW,315,0,0,315,0,0,0
1322184250,64.6,35,35.1,35.1,35.3,86,31.4,NW,315,0,0,315,0,0,0
1322184310,64.6,35,35.1,35.1,35.1,86,31.4,NW,315,0,0,0,0,0,0
1322184370,64.6,35,35.1,35.1,35.1,86,31.4,NW,315,0,0,315,0,0,0
1322184430,64.6,35,35.1,35.1,35.1,86,31.4,NW,315,0,0,315,0,0,0
1322184490,64.6,35,35.1,35.1,35.1,86,31.4,NW,315,0,0,315,0,0,0
1322184550,64.6,35,35.1,35.1,35.1,86,31.4,NW,315,0,0,315,0,0,0
1322184610,64.6,35,35.1,35.1,35.1,86,31.4,NW,315,0,0,0,0,0,0
1322184670,64.6,35,35.1,35.1,35.1,86,31.4,NW,315,0,0,315,0,0,0
1322184730,64.6,35,34.9,34.9,35.1,86,31.2,NW,315,0,0,315,0,0,0
1322184790,64.6,35,34.9,34.9,35.1,86,31.2,NW,315,0,0,315,0,0,0
1322184850,64.6,35,34.9,34.9,35.1,86,31.2,NW,315,0,0,315,0,0,0
1322184910,64.6,35,34.9,34.9,34.9,86,31.2,NW,315,0,0,0,0,0,0
1322184970,64.6,35,34.9,34.9,34.9,86,31.2,NW,315,0,0,315,0,0,0
1322185030,64.6,35,34.9,34.9,34.9,86,31.2,NW,315,0,0,315,0,0,0
1322185090,64.6,35,34.9,34.9,34.9,86,31.2,NW,315,0,0,315,0,0,0
1322185150,64.6,35,34.9,34.9,34.9,86,31.2,NW,315,0,0,315,0,0,0
1322185210,64.6,35,34.9,34.9,34.9,86,31.2,NW,315,0,0,0,0,0,0
1322185270,64.6,35,34.9,34.9,34.9,86,31.2,NW,315,0,0,315,0,0,0
1322185330,64.6,35,34.7,34.7,34.9,86,31,NW,315,0,0,315,0,0,0
1322185390,64.6,35,34.7,34.7,34.9,86,31,NW,315,0,0,315,0,0,0
1322185450,64.6,35,34.7,34.7,34.9,86,31,NW,315,0,0,315,0,0,0
1322185510,64.6,35,34.7,34.7,34.8,86,31,NW,315,0,0,0,0,0,0
1322185570,64.6,35,34.7,34.7,34.8,86,31,NW,315,0,0,315,0,0,0
1322185630,64.4,35,34.5,34.5,34.8,86,30.8,NW,315,0,0,315,0,0,0
1322185690,64.4,35,34.5,34.5,34.8,86,30.8,NW,315,0,0,315,0,0,0
1322185750,64.4,35,34.5,34.5,34.8,86,30.8,NW,315,0,0,315,0,0,0
1322185810,64.4,35,34.5,34.5,34.6,86,30.8,NW,315,0,0,0,0,0,0
1322185870,64.4,35,34.5,34.5,34.6,86,30.8,NW,315,0,0,315,0,0,0
1322185930,64.4,35,34.5,34.5,34.6,86,30.8,NW,315,0,0,315,0,0,0
1322185990,64.4,35,34.5,34.5,34.6,86,30.8,NW,315,0,0,315,0,0,0
1322186050,64.4,35,34.5,34.5,34.6,86,30.8,NW,315,0,0,315,0,0,0
1322186110,64.4,35,34.5,34.5,34.5,86,30.8,NW,315,0,0,0,0,0,0
1322186170,64.4,35,34.5,34.5,34.5,86,30.8,NW,315,0,0,315,0,0,0
1322186230,64.4,35,34.5,34.5,34.5,86,30.8,NW,315,0,0,315,0,0,0
1322186290,64.4,35,34.5,34.5,34.5,86,30.8,NW,315,0,0,315,0,0,0
1322186350,64.4,35,34.5,34.5,34.5,86,30.8,NNE,23,0,0,315,0,0,0
1322186410,64.4,35,34.5,34.5,34.5,87,30.8,NNE,23,0,0,0,0,0,0
1322186470,64.4,35,34.5,34.5,34.5,87,30.8,NNE,23,0,0,23,0,0,0
1322186530,64.4,35,34.3,34.3,34.5,87,30.6,NNE,23,0,0,23,0,0,0
1322186590,64.4,35,34.3,34.3,34.5,87,30.6,NW,315,0,0,23,0,0,0
1322186650,64.4,35,34.3,34.3,34.5,87,30.6,NW,315,0,0,23,0,0,0
1322186710,64.4,35,34.3,34.3,34.4,87,30.6,NW,315,0,0,0,0,0,0
1322186770,64.4,35,34.3,34.3,34.4,87,30.6,NW,315,0,0,315,0,0,0
1322186830,64.4,35,34.3,34.3,34.4,87,30.6,NW,315,0,0,315,0,0,0
1322186890,64.4,35,34.3,34.3,34.4,87,30.6,NE,45,0,0,315,0,0,0
1322186950,64.4,35,34.3,34.3,34.4,87,30.6,NE,45,0,0,315,0,0,0
1322187010,64.4,35,34.3,34.3,34.3,87,30.6,NE,45,0,0,0,0,0,0
1322187070,64.4,35,34.3,34.3,34.3,87,30.6,NE,45,0,0,45,0,0,0
1322187130,64.4,35,34.3,34.3,34.3,87,30.6,NE,45,0,0,45,0,0,0
1322187190,64.4,35,34.3,34.3,34.3,87,30.6,NE,45,0,0,45,0,0,0
1322187250,64.4,35,34.3,34.3,34.3,87,30.6,NE,45,0,0,45,0,0,0
1322187310,64.4,35,34.3,34.3,34.3,87,30.6,NE,45,0,0,0,0,0,0
1322187370,64.4,35,34.3,34.3,34.3,87,30.6,NE,45,0,0,45,0,0,0
1322187430,64.4,35,34.3,34.3,34.3,87,30.6,NE,45,0,0,45,0,0,0
1322187490,64.4,35,34.3,34.3,34.3,87,30.6,NNE,23,0,0,45,0,0,0
1322187550,64.4,35,34.3,34.3,34.3,87,30.6,NNE,23,0,0,45,0,0,0
1322187610,64.4,35,34.3,34.3,34.3,87,30.6,NNE,23,0,0,0,0,0,0
1322187670,64.4,35,34.3,34.3,34.3,87,30.6,NNE,23,0,0,23,0,0,0
1322187730,64.4,35,34.3,34.3,34.3,87,30.6,NNE,23,0,0,23,0,0,0
1322187790,64.4,35,34.3,34.3,34.3,87,30.6,NNE,23,0,0,23,0,0,0
1322187850,64.4,35,34.3,34.3,34.3,87,30.6,NNE,23,0,0,23,0,0,0
1322187910,64.4,35,34.2,34.2,34.3,87,30.4,NNE,23,0,0,0,0,0,0
1322187970,64.4,35,34.2,34.2,34.3,87,30.4,NNE,23,0,0,23,0,0,0
1322188030,64.2,35,34.2,34.2,34.3,87,30.4,NE,45,0,0,23,0,0,0
1322188090,64.2,35,34.2,34.2,34.3,87,30.4,NE,45,0,0,23,0,0,0
1322188150,64.2,35,34.2,34.2,34.3,87,30.4,NE,45,0,0,23,0,0,0
1322188210,64.2,35,34.2,34.2,34.2,87,30.4,NE,45,0,0,0,0,0,0
1322188270,64.2,35,34.2,34.2,34.2,87,30.4,NE,45,0,0,45,0,0,0
1322188330,64.2,35,34.2,34.2,34.2,87,30.4,NE,45,0,0,45,0,0,0
1322188390,64.4,35,34.2,34.2,34.2,87,30.4,NE,45,0,0,45,0,0,0
1322188450,64.2,35,34.2,34.2,34.2,87,30.4,NE,45,0,0,45,0,0,0
1322188510,64.2,35,34.2,34.2,34.2,87,30.4,NE,45,0,0,0,0,0,0
1322188570,64.2,35,34.2,34.2,34.2,87,30.4,NE,45,0,0,45,0,0,0
1322188630,64.2,35,34.2,34.2,34.2,87,29.8,NNE,23,1,0,23,0,0,0
1322188690,64.2,35,34.2,34.2,34.2,87,30.4,NE,45,0,0,23,0,0,0
1322188750,64.2,35,34.2,34.2,34.2,87,30.4,NE,45,0,0,23,0,0,0
1322188810,64.2,35,34.2,34.2,34.2,87,30.4,NE,45,0,0,0,0,0,0
1322188870,64.2,35,34.2,34.2,34.2,87,30.4,NE,45,0,0,45,0,0,0
1322188930,64.2,35,34.2,34.2,34.2,87,30.4,NE,45,0,0,45,0,0,0
1322188990,64.2,35,34.2,34.2,34.2,87,30.4,NE,45,0,0,45,0,0,0
1322189050,64.2,35,34,34,34.2,87,30.2,NE,45,0,0,45,0,0,0
1322189110,64.2,35,34,34,34.1,87,30.2,NE,45,0,0,0,0,0,0
1322189170,64.2,35,34,34,34.1,87,30.2,NE,45,0,0,45,0,0,0
1322189230,64.2,35,34,34,34.1,87,30.2,NE,45,0,0,45,0,0,0
1322189290,64.2,35,34,34,34.1,87,30.2,NE,45,0,0,45,0,0,0
1322189350,64.2,35,34,34,34.1,87,30.2,NE,45,0,0,45,0,0,0
1322189410,64.2,35,34,34,34,87,30.2,NE,45,0,0,0,0,0,0
1322189470,64.2,35,34,34,34,87,30.2,NE,45,0,0,45,0,0,0
1322189530,64.2,35,34,34,34,87,30.2,NE,45,0,0,45,0,0,0
1322189590,64.2,35,34,34,34,87,30.2,NE,45,0,0,45,0,0,0
1322189650,64.2,35,34,34,34,87,30.2,NE,45,0,0,45,0,0,0
1322189710,64.2,35,34,34,34,87,30.2,NE,45,0,0,0,0,0,0
1322189770,64.2,35,34,34,34,87,30.2,NE,45,0,0,45,0,0,0
1322189830,64.2,35,34,34,34,87,30.2,NE,45,0,0,45,0,0,0
1322189890,64.2,35,34,34,34,87,30.2,NE,45,0,0,45,0,0,0
1322189950,64.2,35,34,34,34,87,30.2,NE,45,0,0,45,0,0,0
1322190010,64.2,35,34,34,34,87,30.2,NE,45,0,0,0,0,0,0
1322190070,64.2,35,34,34,34,87,30.2,NE,45,0,0,45,0,0,0
1322190130,64.2,35,34,34,34,87,30.2,NE,45,0,0,45,0,0,0
1322190190,64.2,35,34,34,34,87,30.2,NE,45,0,0,45,0,0,0
1322190250,64.2,35,34,34,34,87,30.2,NE,45,0,0,45,0,0,0
1322190310,64.2,35,34,34,34,87,30.2,NE,45,0,0,0,0,0,0
1322190370,64.2,35,34,34,34,87,30.2,NE,45,0,0,45,0,0,0
1322190430,64.2,35,34,34,34,87,30.2,NE,45,0,0,45,0,0,0
1322190490,64.2,35,34,34,34,87,30.2,NE,45,0,0,45,0,0,0
1322190550,64.2,35,34,34,34,87,30.2,NE,45,0,0,45,0,0,0
1322190610,64.2,35,33.8,33.8,34,87,30,NE,45,0,0,0,0,0,0
1322190670,64.2,35,33.8,33.8,34,87,30,NE,45,0,0,45,0,0,0
1322190730,64.2,35,33.8,33.8,34,87,30,NE,45,0,0,45,0,0,0
1322190790,64.2,35,33.8,33.8,34,87,30,NE,45,0,0,45,0,0,0
1322190850,64.2,35,33.8,33.8,34,87,30,NE,45,0,0,45,0,0,0
1322190910,64.2,35,33.8,33.8,33.8,87,30,NE,45,0,0,0,0,0,0
1322190970,64.2,35,33.8,33.8,33.8,87,30,NE,45,0,0,45,0,0,0
1322191030,64.2,35,33.8,33.8,33.8,87,30,NE,45,0,0,45,0,0,0
1322191090,64.2,35,33.8,33.8,33.8,87,30,NE,45,0,0,45,0,0,0
1322191150,64.2,35,33.8,33.8,33.8,87,30,NE,45,0,0,45,0,0,0
1322191210,64.2,35,33.8,33.8,33.8,87,30,NE,45,0,0,0,0,0,0
1322191270,64.2,35,33.8,33.8,33.8,87,30,NE,45,0,0,45,0,0,0
1322191330,64.2,35,33.8,33.8,33.8,87,30,NE,45,0,0,45,0,0,0
1322191390,64.2,35,33.8,33.8,33.8,87,30,NE,45,0,0,45,0,0,0
1322191450,64,35,33.8,33.8,33.8,87,30,NE,45,0,0,45,0,0,0
1322191510,64,35,33.8,33.8,33.8,87,30,NE,45,0,0,0,0,0,0
1322191570,64,35,33.8,33.8,33.8,88,30,NE,45,0,0,45,0,0,0
1322191630,64,35,33.8,33.8,33.8,88,30,NE,45,0,0,45,0,0,0
1322191690,64,35,33.6,33.6,33.8,88,29.8,NE,45,0,0,45,0,0,0
1322191750,64,35,33.6,33.6,33.8,88,29.3,NE,45,1,0,45,0,0,0
1322191810,64,35,33.6,33.6,33.7,88,29.8,NE,45,0,0,0,0,0,0
1322191870,64,35,33.6,33.6,33.7,88,29.8,NE,45,0,0,45,0,0,0
1322191930,64,35,33.6,33.6,33.7,88,29.8,NE,45,0,0,45,0,0,0
1322191990,64,35,33.6,33.6,33.7,88,29.8,NE,45,0,0,45,0,0,0
1322192050,64,35,33.6,33.6,33.7,88,29.8,NE,45,0,0,45,0,0,0
1322192110,64,35,33.6,33.6,33.6,88,29.8,NE,45,0,0,0,0,0,0
1322192170,64,35,33.6,33.6,33.6,88,29.8,NE,45,0,0,45,0,0,0
1322192230,64,35,33.6,33.6,33.6,88,29.8,NE,45,0,0,45,0,0,0
1322192290,64,35,33.6,33.6,33.6,88,29.8,NE,45,0,0,45,0,0,0
1322192350,64,35,33.4,33.4,33.6,88,29.6,NNE,23,0,0,45,0,0,0
1322192410,64,35,33.4,33.4,33.5,88,29.6,NNE,23,0,0,0,0,0,0
1322192470,64,35,33.4,33.4,33.5,88,29.6,NNE,23,0,0,23,0,0,0
1322192530,64,35,33.4,33.4,33.5,88,29.6,NNE,23,0,0,23,0,0,0
1322192590,64,35,33.4,33.4,33.5,88,29.6,NE,45,0,0,23,0,0,0
1322192650,64,35,33.4,33.4,33.5,88,29.6,NE,45,0,0,23,0,0,0
1322192710,64,35,33.4,33.4,33.4,88,29.6,NE,45,0,0,0,0,0,0
1322192770,64,35,33.4,33.4,33.4,88,29.6,NE,45,0,0,45,0,0,0
1322192830,64,35,33.4,33.4,33.4,88,29.6,NE,45,0,0,45,0,0,0
1322192890,64,35,33.3,33.3,33.4,88,29.4,NE,45,0,0,45,0,0,0
1322192950,64,35,33.3,33.3,33.4,88,29.4,NE,45,0,0,45,0,0,0
1322193010,64,35,33.3,33.3,33.3,88,29.4,NE,45,0,0,0,0,0,0
1322193070,64,35,33.3,33.3,33.3,88,29.4,NE,45,0,0,45,0,0,0
1322193130,64,35,33.3,33.3,33.3,88,29.4,NE,45,0,0,45,0,0,0
1322193190,64,35,33.3,33.3,33.3,88,29.4,NE,45,0,0,45,0,0,0
1322193250,64,35,33.3,33.3,33.3,88,28.9,NE,45,1,0,45,0,0,0
1322193310,64,35,33.3,33.3,33.3,88,29.4,NE,45,0,0,0,0,0,0
1322193370,64,35,33.3,33.3,33.3,88,29.4,NE,45,0,0,45,0,0,0
1322193430,64,35,33.3,33.3,33.3,88,29.4,NE,45,0,0,45,0,0,0
1322193490,64,35,33.3,33.3,33.3,88,29.4,N,0,0,0,45,0,0,0
1322193550,64,35,33.3,33.3,33.3,88,29.4,NNE,23,0,0,45,0,0,0
1322193611,64,35,33.3,33.3,33.3,88,29.4,NE,45,0,0,0,0,0,0
1322193670,63.9,35,33.3,33.3,33.3,88,29.4,NE,45,0,0,45,0,0,0
1322193730,63.9,35,33.3,33.3,33.3,88,29.4,NE,45,0,0,45,0,0,0
1322193790,63.9,35,33.3,33.3,33.3,88,29.4,NE,45,0,0,45,0,0,0
1322193850,63.9,35,33.3,33.3,33.3,88,29.4,NE,45,0,0,45,0,0,0
1322193910,63.9,35,33.1,33.1,33.2,88,29.2,NE,45,0,0,0,0,0,0
1322193970,63.9,35,33.1,33.1,33.2,88,29.2,NE,45,0,0,45,0,0,0
1322194030,63.9,35,33.1,33.1,33.2,88,29.2,NE,45,0,0,45,0,0,0
1322194090,63.9,35,33.1,33.1,33.2,88,29.2,NE,45,0,0,45,0,0,0
1322194150,63.9,35,33.1,33.1,33.2,88,29.2,NE,45,0,0,45,0,0,0
1322194210,63.9,35,33.1,33.1,33.1,88,29.2,NE,45,0,0,0,0,0,0
1322194270,63.9,35,33.1,33.1,33.1,88,29.2,NE,45,0,0,45,0,0,0
1322194330,63.9,35,33.1,33.1,33.1,88,29.2,NE,45,0,0,45,0,0,0
1322194390,63.9,35,33.1,33.1,33.1,88,29.2,NE,45,0,0,45,0,0,0
1322194450,63.9,35,33.1,33.1,33.1,88,29.2,NE,45,0,0,45,0,0,0
1322194510,63.9,35,33.1,33.1,33.1,88,29.2,NE,45,0,0,0,0,0,0
1322194570,63.9,35,33.1,33.1,33.1,88,29.2,NE,45,0,0,45,0,0,0
1322194630,63.9,35,33.1,33.1,33.1,88,29.2,NE,45,0,0,45,0,0,0
1322194690,63.9,35,32.9,32.9,33.1,88,29,NE,45,0,0,45,0,0,0
1322194750,63.9,35,32.9,32.9,33.1,88,29,NE,45,0,0,45,0,0,0
1322194810,63.9,35,32.9,32.9,33,88,29,NE,45,0,0,0,0,0,0
1322194870,63.9,35,32.9,32.9,33,88,29,NE,45,0,0,45,0,0,0
1322194930,63.9,35,32.9,32.9,33,88,29,NE,45,0,0,45,0,0,0
1322194990,63.9,35,32.9,32.9,33,88,29,NE,45,0,0,45,0,0,0
1322195050,63.9,35,32.9,32.9,33,88,29,NE,45,0,0,45,0,0,0
1322195110,63.9,35,32.7,32.7,32.9,88,28.8,NE,45,0,0,0,0,0,0
1322195170,63.9,35,32.7,32.7,32.9,88,28.8,NE,45,0,0,45,0,0,0
1322195230,63.9,35,32.7,32.7,32.9,88,28.8,NE,45,0,0,45,0,0,0
1322195290,63.9,35,32.7,32.7,32.9,88,28.8,NE,45,0,0,45,0,0,0
1322195350,63.9,35,32.7,32.7,32.9,88,28.8,NE,45,0,0,45,0,0,0
1322195410,63.9,35,32.7,32.7,32.7,88,28.8,NE,45,0,0,0,0,0,0
1322195470,63.9,35,32.7,32.7,32.7,88,28.8,NE,45,0,0,45,0,0,0
1322195530,63.7,35,32.7,32.7,32.7,88,28.8,NE,45,0,0,45,0,0,0
1322195590,63.7,35,32.7,32.7,32.7,88,28.8,NE,45,0,0,45,0,0,0
1322195650,63.7,35,32.7,32.7,32.7,88,28.8,NE,45,0,0,45,0,0,0
1322195710,63.7,35,32.7,32.7,32.7,88,28.8,NE,45,0,0,0,0,0,0
1322195770,63.7,35,32.7,32.7,32.7,88,28.8,NE,45,0,0,45,0,0,0
1322195830,63.7,35,32.7,32.7,32.7,88,28.2,NE,45,1,0,45,0,0,0
1322195890,63.7,35,32.7,32.7,32.7,88,28.2,NE,45,1,0,45,0,0,0
1322195950,63.9,35,32.7,32.7,32.7,88,28.8,NE,45,0,0,45,0,0,0
1322196010,63.9,35,32.7,32.7,32.7,88,28.8,NE,45,0,0,0,0,0,0
1322196070,63.7,35,32.5,32.5,32.7,88,28.6,NE,45,0,0,45,0,0,0
1322196130,63.7,35,32.5,32.5,32.7,88,28.6,NE,45,0,0,45,0,0,0
1322196190,63.9,35,32.5,32.5,32.7,88,28.6,NE,45,0,0,45,0,0,0
1322196250,63.9,35,32.5,32.5,32.7,88,28.6,NE,45,0,0,45,0,0,0
1322196310,63.7,35,32.5,32.5,32.5,88,28.6,NE,45,0,0,0,0,0,0
1322196370,63.7,35,32.5,32.5,32.5,88,28.6,NE,45,0,0,45,0,0,0
1322196430,63.7,35,32.5,32.5,32.5,88,28.6,NE,45,0,0,45,0,0,0
1322196490,63.7,35,32.5,32.5,32.5,88,28.6,NE,45,0,0,45,0,0,0
1322196550,63.9,35,32.5,32.5,32.5,88,28.6,NE,45,0,0,45,0,0,0
1322196610,63.7,35,32.5,32.5,32.5,88,28.6,NE,45,0,0,0,0,0,0
1322196670,63.7,35,32.5,32.5,32.5,88,28.6,NE,45,0,0,45,0,0,0
1322196730,63.7,35,32.5,32.5,32.5,88,28.6,NE,45,0,0,45,0,0,0
1322196790,63.7,35,32.5,32.5,32.5,88,28.6,NE,45,0,0,45,0,0,0
1322196850,63.7,35,32.5,32.5,32.5,88,28.6,NE,45,0,0,45,0,0,0
1322196910,63.7,35,32.5,32.5,32.5,88,28.6,NE,45,0,0,0,0,0,0
1322196970,63.7,35,32.5,32.5,32.5,88,28.6,NE,45,0,0,45,0,0,0
1322197030,63.7,35,32.5,32.5,32.5,88,28.6,NE,45,0,0,45,0,0,0
1322197090,63.7,35,32.5,32.5,32.5,88,28.6,NNE,23,0,0,45,0,0,0
1322197150,63.7,35,32.5,32.5,32.5,88,28.6,NE,45,0,0,45,0,0,0
1322197210,63.7,35,32.4,32.4,32.5,88,28.4,NE,45,0,0,0,0,0,0
1322197270,63.7,35,32.4,32.4,32.5,88,28.4,NE,45,0,0,45,0,0,0
1322197330,63.7,35,32.4,32.4,32.5,88,28.4,NE,45,0,0,45,0,0,0
1322197390,63.7,35,32.4,32.4,32.5,88,28.4,NE,45,0,0,45,0,0,0
1322197450,63.7,35,32.4,32.4,32.5,88,28.4,NE,45,0,0,45,0,0,0
1322197510,63.7,35,32.4,32.4,32.4,88,28.4,NNE,23,0,0,0,0,0,0
1322197570,63.7,35,32.4,32.4,32.4,88,28.4,NNE,23,0,0,23,0,0,0
1322197630,63.7,35,32.4,32.4,32.4,88,28.4,NNE,23,0,0,23,0,0,0
1322197690,63.7,35,32.4,32.4,32.4,88,28.4,NNE,23,0,0,23,0,0,0
1322197750,63.7,35,32.4,32.4,32.4,88,28.4,NE,45,0,0,23,0,0,0
1322197810,63.7,35,32.4,32.4,32.4,88,28.4,NNE,23,0,0,0,0,0,0
1322197870,63.7,35,32.5,32.5,32.4,88,28.6,N,0,0,0,23,0,0,0
1322197930,63.7,35,32.5,32.5,32.4,88,28.6,N,0,0,0,23,0,0,0
1322197990,63.7,35,32.5,32.5,32.4,88,28.6,NNE,23,0,0,23,0,0,0
1322198050,63.7,35,32.5,32.5,32.4,88,28.6,NNE,23,0,0,23,0,0,0
1322198110,63.7,35,32.5,32.5,32.5,88,28.6,NNE,23,0,0,0,0,0,0
1322198170,63.7,35,32.5,32.5,32.5,88,28.6,NNE,23,0,0,23,0,0,0
1322198230,63.7,35,32.5,32.5,32.5,88,28.6,NNE,23,0,0,23,0,0,0
1322198290,63.7,35,32.5,32.5,32.5,88,28.6,NE,45,0,0,23,0,0,0
1322198350,63.7,35,32.5,32.5,32.5,88,28.6,NE,45,0,0,23,0,0,0
1322198410,63.7,35,32.5,32.5,32.5,88,28.6,NE,45,0,0,0,0,0,0
1322198470,63.7,35,32.5,32.5,32.5,88,28.6,NE,45,0,0,45,0,0,0
1322198530,63.7,35,32.5,32.5,32.5,88,28.6,NE,45,0,0,45,0,0,0
1322198590,63.7,35,32.5,32.5,32.5,88,28.6,NNE,23,0,0,45,0,0,0
1322198650,63.7,35,32.5,32.5,32.5,88,28.6,NE,45,0,0,45,0,0,0
1322198710,63.7,35,32.5,32.5,32.5,88,28,NE,45,1,0,0,0,0,0
1322198770,63.7,35,32.5,32.5,32.5,88,28.6,NE,45,0,0,45,0,0,0
1322198830,63.7,35,32.5,32.5,32.5,88,28.6,NE,45,0,0,45,0,0,0
1322198890,63.7,35,32.5,32.5,32.5,88,28.6,NE,45,0,0,45,0,0,0
1322198950,63.7,35,32.5,32.5,32.5,88,28.6,NE,45,0,0,45,0,0,0
1322199010,63.7,35,32.5,32.5,32.5,88,28.6,NE,45,0,0,0,0,0,0
1322199070,63.7,35,32.5,32.5,32.5,88,28.6,NE,45,0,0,45,0,0,0
1322199130,63.7,35,32.4,32.4,32.5,88,28.4,NE,45,0,0,45,0,0,0
1322199190,63.7,35,32.4,32.4,32.5,88,28.4,NE,45,0,0,45,0,0,0
1322199250,63.7,35,32.4,32.4,32.5,88,28.4,NE,45,0,0,45,0,0,0
1322199310,63.7,35,32.4,32.4,32.4,88,28.4,NE,45,0,0,0,0,0,0
1322199370,63.7,35,32.4,32.4,32.4,88,28.4,NE,45,0,0,45,0,0,0
1322199430,63.7,35,32.4,32.4,32.4,88,28.4,NE,45,0,0,45,0,0,0
1322199490,63.7,35,32.4,32.4,32.4,88,28.4,NE,45,0,0,45,0,0,0
1322199550,63.7,35,32.4,32.4,32.4,88,28.4,NE,45,0,0,45,0,0,0
1322199610,63.7,35,32.4,32.4,32.4,88,28.4,NE,45,0,0,0,0,0,0
1322199670,63.7,35,32.4,32.4,32.4,88,28.4,NE,45,0,0,45,0,0,0
1322199730,63.7,35,32.4,32.4,32.4,88,28.4,NE,45,0,0,45,0,0,0
1322199790,63.7,35,32.4,32.4,32.4,88,28.4,NE,45,0,0,45,0,0,0
1322199850,63.7,35,32.4,32.4,32.4,88,28.4,NE,45,0,0,45,0,0,0
1322199910,63.7,35,32.4,32.4,32.4,88,28.4,NE,45,0,0,0,0,0,0
1322199970,63.7,35,32.4,32.4,32.4,88,28.4,NE,45,0,0,45,0,0,0
1322200030,63.7,35,32.4,32.4,32.4,88,28.4,NE,45,0,0,45,0,0,0
1322200090,63.7,35,32.4,32.4,32.4,88,28.4,NE,45,0,0,45,0,0,0
1322200150,63.7,35,32.4,32.4,32.4,88,28.4,NE,45,0,0,45,0,0,0
1322200210,63.7,35,32.4,32.4,32.4,88,28.4,NE,45,0,0,0,0,0,0
1322200270,63.7,35,32.2,32.2,32.4,88,28.2,NE,45,0,0,45,0,0,0
1322200330,63.7,35,32.2,32.2,32.4,88,28.2,NE,45,0,0,45,0,0,0
1322200390,63.7,35,32.2,32.2,32.4,88,28.2,NE,45,0,0,45,0,0,0
1322200450,63.7,35,32.2,32.2,32.4,88,28.2,NE,45,0,0,45,0,0,0
1322200510,63.7,35,32.2,32.2,32.2,88,28.2,NE,45,0,0,0,0,0,0
1322200570,63.7,35,32.2,32.2,32.2,88,28.2,NE,45,0,0,45,0,0,0
1322200630,63.7,35,32.2,32.2,32.2,88,28.2,NE,45,0,0,45,0,0,0
1322200690,63.7,35,32.2,32.2,32.2,88,28.2,NE,45,0,0,45,0,0,0
1322200750,63.7,35,32.2,32.2,32.2,88,28.2,NE,45,0,0,45,0,0,0
1322200810,63.7,35,32.2,32.2,32.2,88,28.2,NE,45,0,0,0,0,0,0
1322200870,63.7,35,32.2,32.2,32.2,88,28.2,NE,45,0,0,45,0,0,0
1322200930,63.7,35,32.2,32.2,32.2,88,28.2,NE,45,0,0,45,0,0,0
1322200990,63.7,35,32.2,32.2,32.2,88,28.2,NE,45,0,0,45,0,0,0
1322201050,63.7,35,32.2,32.2,32.2,88,28.2,NE,45,0,0,45,0,0,0
1322201110,63.7,35,32.2,32.2,32.2,88,28.2,NE,45,0,0,0,0,0,0
1322201170,63.7,35,32.2,32.2,32.2,88,28.2,NE,45,0,0,45,0,0,0
1322201230,63.7,35,32.2,32.2,32.2,88,28.2,NE,45,0,0,45,0,0,0
1322201290,63.7,35,32.2,32.2,32.2,88,28.2,NE,45,0,0,45,0,0,0
1322201350,63.7,35,32.2,32.2,32.2,88,28.2,NE,45,0,0,45,0,0,0
1322201410,63.7,35,32.2,32.2,32.2,88,28.2,NE,45,0,0,0,0,0,0
1322201470,63.7,35,32.2,32.2,32.2,88,28.2,NE,45,0,0,45,0,0,0
1322201530,63.7,35,32,32,32.2,88,28,NE,45,0,0,45,0,0,0
1322201590,63.7,35,32,32,32.2,88,28,NE,45,0,0,45,0,0,0
1322201650,63.7,35,32,32,32.2,88,28,NE,45,0,0,45,0,0,0
1322201710,63.7,35,32,32,32.1,88,28,NE,45,0,0,0,0,0,0
1322201770,63.7,35,32,32,32.1,88,28,NE,45,0,0,45,0,0,0
1322201830,63.7,35,32,32,32.1,88,28,NE,45,0,0,45,0,0,0
1322201890,63.5,35,32,32,32.1,88,28,NE,45,0,0,45,0,0,0
1322201950,63.5,35,32,32,32.1,88,28,NE,45,0,0,45,0,0,0
1322202010,63.5,35,32,32,32,88,28,NE,45,0,0,0,0,0,0
1322202070,63.5,35,32,32,32,88,28,NE,45,0,0,45,0,0,0
1322202130,63.5,35,32,32,32,88,28,NE,45,0,0,45,0,0,0
1322202190,63.5,35,32,32,32,88,28,NE,45,0,0,45,0,0,0
1322202250,63.5,35,32,32,32,88,28,NE,45,0,0,45,0,0,0
1322202310,63.5,35,32,32,32,88,28,NE,45,0,0,0,0,0,0
1322202370,63.5,35,32,32,32,88,28,NE,45,0,0,45,0,0,0
1322202430,63.5,35,32,32,32,88,28,NE,45,0,0,45,0,0,0
1322202490,63.5,35,31.8,31.8,32,88,27.8,NE,45,0,0,45,0,0,0
1322202550,63.5,35,31.8,31.8,32,88,27.8,NE,45,0,0,45,0,0,0
1322202610,63.5,35,31.8,31.8,31.9,88,27.8,NE,45,0,0,0,0,0,0
1322202670,63.5,35,31.8,31.8,31.9,88,27.8,NE,45,0,0,45,0,0,0
1322202730,63.5,35,31.8,31.8,31.9,88,27.8,NE,45,0,0,45,0,0,0
1322202790,63.5,35,31.8,31.8,31.9,88,27.8,NE,45,0,0,45,0,0,0
1322202850,63.5,35,31.8,31.8,31.9,88,27.8,NE,45,0,0,45,0,0,0
1322202910,63.5,35,31.8,31.8,31.8,88,27.8,NE,45,0,0,0,0,0,0
1322202970,63.5,35,31.8,31.8,31.8,88,27.8,NE,45,0,0,45,0,0,0
1322203030,63.5,35,31.8,31.8,31.8,88,27.8,NE,45,0,0,45,0,0,0
1322203090,63.5,35,31.8,31.8,31.8,88,27.8,NE,45,0,0,45,0,0,0
1322203150,63.5,35,31.8,31.8,31.8,88,27.8,NE,45,0,0,45,0,0,0
1322203210,63.5,35,31.8,31.8,31.8,88,27.8,NE,45,0,0,0,0,0,0
1322203270,63.5,35,31.8,31.8,31.8,88,27.8,NE,45,0,0,45,0,0,0
1322203330,63.5,35,31.8,31.8,31.8,88,27.8,NE,45,0,0,45,0,0,0
1322203390,63.5,35,31.8,31.8,31.8,88,27.8,NE,45,0,0,45,0,0,0
1322203450,63.5,35,31.8,31.8,31.8,88,27.8,NNE,23,0,0,45,0,0,0
1322203510,63.5,35,31.8,31.8,31.8,88,27.8,NNE,23,0,0,0,0,0,0
1322203570,63.5,35,31.8,31.8,31.8,88,27.8,NNE,23,0,0,23,0,0,0
1322203630,63.5,35,31.8,31.8,31.8,88,27.2,NE,45,1,0,45,0,0,0
1322203690,63.3,35,31.6,31.6,31.8,88,27.6,NE,45,0,0,45,0,0,0
1322203750,63.3,35,31.6,31.6,31.8,88,27.6,NE,45,0,0,45,0,0,0
1322203810,63.3,35,31.6,31.6,31.7,88,27.6,NE,45,0,0,0,0,0,0
1322203870,63.3,35,31.6,31.6,31.7,88,27.6,NE,45,0,0,45,0,0,0
1322203930,63.3,35,31.6,31.6,31.7,88,27.6,NE,45,0,0,45,0,0,0
1322203990,63.3,35,31.6,31.6,31.7,88,27.6,NE,45,0,0,45,0,0,0
1322204050,63.3,35,31.6,31.6,31.7,88,27.6,NE,45,0,0,45,0,0,0
1322204110,63.3,35,31.6,31.6,31.6,89,27.6,NE,45,0,0,0,0,0,0
1322204170,63.3,35,31.6,31.6,31.6,89,27.6,NNE,23,0,0,23,0,0,0
1322204230,63.3,35,31.6,31.6,31.6,88,27,NNE,23,1,0,23,0,0,0
1322204290,63.3,35,31.6,31.6,31.6,89,27.1,NE,45,1,0,23,0,0,0
1322204350,63.3,35,31.6,31.6,31.6,89,27.6,NE,45,0,0,23,0,0,0
1322204410,63.3,35,31.6,31.6,31.6,89,27.6,NE,45,0,0,0,0,0,0
1322204470,63.3,35,31.6,31.6,31.6,89,27.6,NE,45,0,0,45,0,0,0
1322204530,63.3,35,31.6,31.6,31.6,89,27.6,NE,45,0,0,45,0,0,0
1322204590,63.3,35,31.6,31.6,31.6,89,27.1,N,0,1,0,0,0,0,0
1322204650,63.3,35,31.6,31.6,31.6,89,27.6,NE,45,0,0,0,0,0,0
1322204710,63.3,35,31.6,31.6,31.6,89,27.6,NE,45,0,0,0,0,0,0
1322204770,63.3,35,31.6,31.6,31.6,89,27.1,NE,45,1,0,45,0,0,0
1322204830,63.3,35,31.6,31.6,31.6,89,27.6,N,0,0,0,45,0,0,0
1322204890,63.3,35,31.6,31.6,31.6,89,27.6,NE,45,0,0,45,0,0,0
1322204950,63.3,35,31.6,31.6,31.6,89,27.6,NE,45,0,0,45,0,0,0
1322205010,63.3,35,31.6,31.6,31.6,89,27.6,NE,45,0,0,0,0,0,0
1322205070,63.3,35,31.6,31.6,31.6,89,27.6,NE,45,0,0,45,0,0,0
1322205130,63.3,35,31.6,31.6,31.6,89,27.6,NE,45,0,0,45,0,0,0
1322205190,63.3,35,31.6,31.6,31.6,89,27.6,NE,45,0,0,45,0,0,0
1322205250,63.3,35,31.6,31.6,31.6,89,27.6,NE,45,0,0,45,0,0,0
1322205310,63.3,35,31.6,31.6,31.6,89,27.6,NE,45,0,0,0,0,0,0
1322205370,63.3,35,31.6,31.6,31.6,89,27.6,NE,45,0,0,45,0,0,0
1322205430,63.3,35,31.6,31.6,31.6,89,27.6,NE,45,0,0,45,0,0,0
1322205490,63.3,35,31.5,31.5,31.6,89,27.4,NE,45,0,0,45,0,0,0
1322205550,63.3,35,31.5,31.5,31.6,89,27.4,NE,45,0,0,45,0,0,0
1322205610,63.3,35,31.5,31.5,31.5,89,27.4,NE,45,0,0,0,0,0,0
1322205670,63.3,35,31.5,31.5,31.5,89,27.4,NE,45,0,0,45,0,0,0
1322205730,63.3,35,31.5,31.5,31.5,89,27.4,NE,45,0,0,45,0,0,0
1322205790,63.3,35,31.5,31.5,31.5,89,27.4,NE,45,0,0,45,0,0,0
1322205850,63.3,35,31.5,31.5,31.5,89,27.4,NE,45,0,0,45,0,0,0
1322205910,63.3,35,31.5,31.5,31.5,89,27.4,NE,45,0,0,0,0,0,0
1322205970,63.3,35,31.5,31.5,31.5,89,27.4,NE,45,0,0,45,0,0,0
1322206030,63.3,35,31.5,31.5,31.5,89,27.4,NE,45,0,0,45,0,0,0
1322206090,63.3,35,31.5,31.5,31.5,89,27.4,NE,45,0,0,45,0,0,0
1322206150,63.3,35,31.5,31.5,31.5,89,27.4,NE,45,0,0,45,0,0,0
1322206210,63.3,35,31.5,31.5,31.5,89,27.4,NE,45,0,0,0,0,0,0
1322206270,63.3,35,31.5,31.5,31.5,89,27.4,NE,45,0,0,45,0,0,0
1322206330,63.3,35,31.5,31.5,31.5,89,27.4,NE,45,0,0,45,0,0,0
1322206390,63.3,35,31.5,31.5,31.5,89,27.4,NE,45,0,0,45,0,0,0
1322206450,63.3,35,31.3,31.3,31.5,89,27.2,NE,45,0,0,45,0,0,0
1322206510,63.3,35,31.3,31.3,31.4,89,27.2,NE,45,0,0,0,0,0,0
1322206570,63.3,35,31.3,31.3,31.4,89,27.2,NE,45,0,0,45,0,0,0
1322206630,63.3,35,31.3,31.3,31.4,89,27.2,NE,45,0,0,45,0,0,0
1322206690,63.3,35,31.3,31.3,31.4,89,27.2,NE,45,0,0,45,0,0,0
1322206750,63.3,35,31.3,31.3,31.4,89,27.2,NE,45,0,0,45,0,0,0
1322206810,63.1,35,31.3,31.3,31.3,89,27.2,NE,45,0,0,0,0,0,0
1322206870,63.1,35,31.3,31.3,31.3,89,27.2,NE,45,0,0,45,0,0,0
1322206930,63.1,35,31.3,31.3,31.3,89,27.2,NE,45,0,0,45,0,0,0
1322206990,63.1,35,31.3,31.3,31.3,89,27.2,NE,45,0,0,45,0,0,0
1322207050,63.1,35,31.3,31.3,31.3,89,27.2,NE,45,0,0,45,0,0,0
1322207110,63.1,35,31.3,31.3,31.3,89,27.2,NE,45,0,0,0,0,0,0
1322207170,63.1,35,31.3,31.3,31.3,89,27.2,NE,45,0,0,45,0,0,0
1322207230,63.1,35,31.3,31.3,31.3,89,27.2,NE,45,0,0,45,0,0,0
1322207290,63.1,35,31.3,31.3,31.3,89,27.2,NE,45,0,0,45,0,0,0
1322207350,63.1,35,31.3,31.3,31.3,89,27.2,NE,45,0,0,45,0,0,0
1322207410,63.1,35,31.3,31.3,31.3,89,27.2,NE,45,0,0,0,0,0,0
1322207470,63.1,35,31.1,31.1,31.3,89,27,NE,45,0,0,45,0,0,0
1322207530,63.1,35,31.1,31.1,31.3,89,27,NE,45,0,0,45,0,0,0
1322207590,63.1,35,31.1,31.1,31.3,89,27,NE,45,0,0,45,0,0,0
1322207650,63.1,35,31.1,31.1,31.3,89,27,NE,45,0,0,45,0,0,0
1322207710,63.1,35,31.1,31.1,31.1,89,27,NE,45,0,0,0,0,0,0
1322207770,63.1,35,31.1,31.1,31.1,89,27,NE,45,0,0,45,0,0,0
1322207830,63.1,35,31.1,31.1,31.1,89,27,NE,45,0,0,45,0,0,0
1322207890,63.1,35,31.1,31.1,31.1,89,27,NE,45,0,0,45,0,0,0
1322207950,63.1,35,31.1,31.1,31.1,89,27,NE,45,0,0,45,0,0,0
1322208010,63.1,35,31.1,31.1,31.1,89,27,NE,45,0,0,0,0,0,0
1322208070,63.1,35,31.1,31.1,31.1,89,27,NE,45,0,0,45,0,0,0
1322208130,63.1,35,31.1,31.1,31.1,89,27,NE,45,0,0,45,0,0,0
1322208190,63.1,35,31.1,31.1,31.1,89,27,NE,45,0,0,45,0,0,0
1322208250,63.1,35,31.1,31.1,31.1,89,27,NE,45,0,0,45,0,0,0
1322208310,63.1,35,31.1,31.1,31.1,89,27,NE,45,0,0,0,0,0,0
1322208370,63.1,35,31.1,31.1,31.1,89,27,NE,45,0,0,45,0,0,0
1322208430,63.1,35,31.1,31.1,31.1,89,27,NE,45,0,0,45,0,0,0
1322208490,63.1,35,31.1,31.1,31.1,89,27,NE,45,0,0,45,0,0,0
1322208550,63.1,35,31.1,31.1,31.1,89,27,NE,45,0,0,45,0,0,0
1322208610,63.1,35,31.1,31.1,31.1,89,27,NE,45,0,0,0,0,0,0
1322208670,63.1,35,31.1,31.1,31.1,89,27,NE,45,0,0,45,0,0,0
1322208730,63.1,35,31.1,31.1,31.1,89,27,NE,45,0,0,45,0,0,0
1322208790,63.1,35,31.1,31.1,31.1,89,27,NE,45,0,0,45,0,0,0
1322208850,63.1,35,31.1,31.1,31.1,89,27,NE,45,0,0,45,0,0,0
1322208910,63.1,35,31.1,31.1,31.1,89,27,NE,45,0,0,0,0,0,0
1322208970,63.1,35,31.1,31.1,31.1,89,27,NE,45,0,0,45,0,0,0
1322209030,63.1,35,31.1,31.1,31.1,89,27,NE,45,0,0,45,0,0,0
1322209090,63.1,35,31.1,31.1,31.1,89,27,NE,45,0,0,45,0,0,0
1322209150,63.1,35,31.1,31.1,31.1,89,27,NE,45,0,0,45,0,0,0
1322209210,63.1,35,30.9,30.9,31.1,89,26.8,NE,45,0,0,0,0,0,0
1322209270,63.1,35,30.9,30.9,31.1,89,26.8,NE,45,0,0,45,0,0,0
1322209330,63.1,35,30.9,30.9,31.1,89,26.8,NE,45,0,0,45,0,0,0
1322209390,63.1,35,30.9,30.9,31.1,89,26.8,NE,45,0,0,45,0,0,0
1322209450,63.1,35,30.9,30.9,31.1,89,26.8,NE,45,0,0,45,0,0,0
1322209510,63.1,35,30.9,30.9,30.9,89,26.8,NE,45,0,0,0,0,0,0
1322209570,63.1,35,30.9,30.9,30.9,89,26.8,NE,45,0,0,45,0,0,0
1322209630,63.1,35,30.9,30.9,30.9,89,26.8,NE,45,0,0,45,0,0,0
1322209690,63.1,35,30.9,30.9,30.9,89,26.8,NE,45,0,0,45,0,0,0
1322209750,63.1,35,30.9,30.9,30.9,89,26.8,NE,45,0,0,45,0,0,0
1322209810,63.1,35,30.9,30.9,30.9,89,26.8,NE,45,0,0,0,0,0,0
1322209870,63,35,30.9,30.9,30.9,89,26.8,NE,45,0,0,45,0,0,0
1322209930,63,35,30.9,30.9,30.9,89,26.8,NE,45,0,0,45,0,0,0
1322209990,63,35,30.9,30.9,30.9,89,26.8,NE,45,0,0,45,0,0,0
1322210050,63,35,30.9,30.9,30.9,89,26.8,NE,45,0,0,45,0,0,0
1322210110,63,35,30.9,30.9,30.9,89,26.8,NE,45,0,0,0,0,0,0
1322210170,63,35,30.9,30.9,30.9,89,26.8,NE,45,0,0,45,0,0,0
1322210230,63,35,30.9,30.9,30.9,89,26.8,NE,45,0,0,45,0,0,0
1322210290,63,35,30.9,30.9,30.9,89,26.8,NE,45,0,0,45,0,0,0
1322210350,63,35,30.9,30.9,30.9,89,26.8,NE,45,0,0,45,0,0,0
1322210410,63,35,30.9,30.9,30.9,89,26.8,NE,45,0,0,0,0,0,0
1322210470,63,35,30.9,30.9,30.9,89,26.8,NE,45,0,0,45,0,0,0
1322210530,63,35,30.9,30.9,30.9,89,26.8,NE,45,0,0,45,0,0,0
1322210590,63,35,30.9,30.9,30.9,89,26.8,NE,45,0,0,45,0,0,0
1322210650,63,35,30.9,30.9,30.9,89,26.8,NE,45,0,0,45,0,0,0
1322210710,63,35,30.9,30.9,30.9,89,26.8,NE,45,0,0,0,0,0,0
1322210770,63,35,30.9,30.9,30.9,89,26.8,NE,45,0,0,45,0,0,0
1322210830,63,35,30.9,30.9,30.9,89,26.8,NE,45,0,0,45,0,0,0
1322210890,63,35,30.9,30.9,30.9,89,26.8,NE,45,0,0,45,0,0,0
1322210950,63,35,30.9,30.9,30.9,89,26.8,NE,45,0,0,45,0,0,0
1322211010,63,35,30.9,30.9,30.9,89,26.8,NE,45,0,0,0,0,0,0
1322211070,63,35,30.9,30.9,30.9,89,26.8,NE,45,0,0,45,0,0,0
1322211130,63,35,30.9,30.9,30.9,89,26.8,NNE,23,0,0,45,0,0,0
1322211190,63,35,30.9,30.9,30.9,89,26.8,NNE,23,0,0,45,0,0,0
1322211250,63,35,30.9,30.9,30.9,89,26.8,NE,45,0,0,45,0,0,0
1322211310,63,35,30.9,30.9,30.9,89,26.8,NE,45,0,0,0,0,0,0
1322211370,63,35,30.9,30.9,30.9,89,26.8,NE,45,0,0,45,0,0,0
1322211430,63,35,30.9,30.9,30.9,89,26.8,NE,45,0,0,45,0,0,0
1322211490,63,35,30.9,30.9,30.9,89,26.8,NE,45,0,0,45,0,0,0
1322211550,63,35,30.9,30.9,30.9,89,26.8,NE,45,0,0,45,0,0,0
1322211610,63,35,30.7,30.7,30.9,89,26.6,NE,45,0,0,0,0,0,0
1322211670,63,35,30.7,30.7,30.9,89,26.6,NE,45,0,0,45,0,0,0
1322211730,63,35,30.7,30.7,30.9,89,26.6,NE,45,0,0,45,0,0,0
1322211790,63,35,30.7,30.7,30.9,89,26.6,NE,45,0,0,45,0,0,0
1322211850,63,35,30.7,30.7,30.9,89,26.6,NE,45,0,0,45,0,0,0
1322211910,63,35,30.7,30.7,30.7,89,26.6,NE,45,0,0,0,0,0,0
1322211970,63,35,30.7,30.7,30.7,89,26.6,NE,45,0,0,45,0,0,0
1322212030,63,35,30.7,30.7,30.7,89,26.6,NE,45,0,0,45,0,0,0
1322212090,63,35,30.7,30.7,30.7,89,26.6,ENE,68,0,0,45,0,0,0
1322212150,63,35,30.7,30.7,30.7,89,26.6,NE,45,0,0,45,0,0,0
1322212210,63,35,30.7,30.7,30.7,89,26.6,NE,45,0,0,0,0,0,0
1322212270,63,35,30.7,30.7,30.7,89,26.6,NE,45,0,0,45,0,0,0
1322212330,63,35,30.7,30.7,30.7,89,26.6,NE,45,0,0,45,0,0,0
1322212390,63,35,30.7,30.7,30.7,89,26.6,NE,45,0,0,45,0,0,0
1322212450,63,35,30.9,30.9,30.7,89,26.8,NE,45,0,0,45,0,0,0
1322212510,62.8,35,30.9,30.9,30.8,89,26.8,NE,45,0,0,0,0,0,0
1322212570,62.8,35,30.9,30.9,30.8,89,26.8,NE,45,0,0,45,0,0,0
1322212630,62.8,35,30.9,30.9,30.8,89,26.8,NE,45,0,0,45,0,0,0
