1341705600,64.6,90,61.6,29.828,0,0,0,0.000,0.000,0.240,0.240,64.6
1341705660,64.5,90,61.5,29.828,0,0,0,0.000,0.000,0.240,0.240,64.5
1341705720,64.5,90,61.5,29.827,0,0,0,0.000,0.000,0.240,0.240,64.5
1341705780,64.5,90,61.5,29.827,13,13,0,0.000,0.000,0.240,0.240,64.5
1341705840,64.4,90,61.4,29.829,0,0,0,0.000,0.000,0.240,0.240,64.4
1341705900,64.4,90,61.4,29.826,0,1,0,0.000,0.000,0.240,0.240,64.4
1341705960,64.3,90,61.3,29.827,0,0,0,0.000,0.000,0.240,0.240,64.3
1341706020,64.3,90,61.3,29.826,0,0,0,0.000,0.000,0.240,0.240,64.3
1341706080,64.3,90,61.3,29.826,0,0,0,0.000,0.000,0.240,0.240,64.3
1341706140,64.3,90,61.3,29.825,0,0,0,0.000,0.000,0.240,0.240,64.3
1341706200,64.2,90,61.2,29.826,0,0,0,0.000,0.000,0.240,0.240,64.2
1341706260,64.2,90,61.2,29.825,0,0,0,0.000,0.000,0.240,0.240,64.2
1341706320,64.1,90,61.1,29.826,0,1,0,0.000,0.000,0.240,0.240,64.1
1341706380,64.1,90,61.1,29.826,0,1,0,0.000,0.000,0.240,0.240,64.1
1341706440,64.1,90,61.1,29.828,0,0,0,0.000,0.000,0.240,0.240,64.1
1341706500,64.1,90,61.1,29.827,0,0,0,0.000,0.000,0.240,0.240,64.1
1341706560,64.0,90,61.0,29.826,0,1,0,0.000,0.000,0.240,0.240,64.0
1341706620,64.0,90,61.0,29.826,0,0,0,0.000,0.000,0.240,0.240,64.0
1341706680,64.0,90,61.0,29.827,0,0,0,0.000,0.000,0.240,0.240,64.0
1341706740,64.0,91,61.3,29.827,0,0,0,0.000,0.000,0.240,0.240,64.0
1341706800,64.0,91,61.3,29.827,0,0,0,0.000,0.000,0.240,0.240,64.0
1341706860,64.0,91,61.3,29.827,0,0,0,0.000,0.000,0.240,0.240,64.0
1341706920,64.0,91,61.3,29.826,0,0,0,0.000,0.000,0.240,0.240,64.0
1341706980,63.9,91,61.2,29.825,0,0,0,0.000,0.000,0.240,0.240,63.9
1341707040,63.9,91,61.2,29.826,0,0,0,0.000,0.000,0.240,0.240,63.9
1341707100,63.9,91,61.2,29.827,0,0,0,0.000,0.000,0.240,0.240,63.9
1341707160,63.9,91,61.2,29.828,0,0,0,0.000,0.000,0.240,0.240,63.9
1341707220,63.9,91,61.2,29.827,1,2,0,0.000,0.000,0.240,0.240,63.9
1341707280,63.9,91,61.2,29.827,0,1,0,0.000,0.000,0.240,0.240,63.9
1341707340,63.8,91,61.1,29.827,0,0,0,0.000,0.000,0.240,0.240,63.8
1341707400,63.8,91,61.1,29.826,0,0,0,0.000,0.000,0.240,0.240,63.8
1341707460,63.8,91,61.1,29.825,0,0,0,0.000,0.000,0.240,0.240,63.8
1341707520,63.8,91,61.1,29.825,0,0,0,0.000,0.000,0.240,0.240,63.8
1341707580,63.8,91,61.1,29.826,0,0,0,0.000,0.000,0.240,0.240,63.8
1341707640,63.7,91,61.0,29.826,0,0,0,0.000,0.000,0.240,0.240,63.7
1341707700,63.7,91,61.0,29.827,0,0,0,0.000,0.000,0.240,0.240,63.7
1341707760,63.7,91,61.0,29.826,0,0,0,0.000,0.000,0.240,0.240,63.7
1341707820,63.7,91,61.0,29.828,0,1,0,0.000,0.000,0.240,0.240,63.7
1341707880,63.7,91,61.0,29.827,0,1,0,0.000,0.000,0.240,0.240,63.7
1341707940,63.7,91,61.0,29.828,0,0,0,0.000,0.000,0.240,0.240,63.7
1341708000,63.6,91,60.9,29.828,0,0,0,0.000,0.000,0.240,0.240,63.6
1341708060,63.6,91,60.9,29.829,0,0,0,0.000,0.000,0.240,0.240,63.6
1341708120,63.6,91,60.9,29.828,0,0,0,0.000,0.000,0.240,0.240,63.6
1341708180,63.6,91,60.9,29.828,0,2,0,0.000,0.000,0.240,0.240,63.6
1341708240,63.6,91,60.9,29.830,0,2,0,0.000,0.000,0.240,0.240,63.6
1341708300,63.6,91,60.9,29.829,0,0,0,0.000,0.000,0.240,0.240,63.6
1341708360,63.6,92,61.2,29.828,0,0,0,0.000,0.000,0.240,0.240,63.6
1341708420,63.6,92,61.2,29.827,0,0,0,0.000,0.000,0.240,0.240,63.6
1341708480,63.6,92,61.2,29.828,0,0,0,0.000,0.000,0.240,0.240,63.6
1341708540,63.5,92,61.1,29.828,0,0,0,0.000,0.000,0.240,0.240,63.5
1341708600,63.6,92,61.2,29.828,0,0,0,0.000,0.000,0.240,0.240,63.6
1341708660,63.6,92,61.2,29.827,0,0,0,0.000,0.000,0.240,0.240,63.6
1341708720,63.5,92,61.1,29.829,0,1,0,0.000,0.000,0.240,0.240,63.5
1341708780,63.5,92,61.1,29.829,0,0,0,0.000,0.000,0.240,0.240,63.5
1341708840,63.5,92,61.1,29.829,0,2,0,0.000,0.000,0.240,0.240,63.5
1341708900,63.5,92,61.1,29.830,0,1,0,0.000,0.000,0.240,0.240,63.5
1341708960,63.5,92,61.1,29.830,0,0,0,0.000,0.000,0.240,0.240,63.5
1341709020,63.5,92,61.1,29.830,0,0,0,0.000,0.000,0.240,0.240,63.5
1341709080,63.6,92,61.2,29.830,0,0,0,0.000,0.000,0.240,0.240,63.6
1341709140,63.6,92,61.2,29.832,0,0,0,0.000,0.000,0.240,0.240,63.6
1341709200,63.6,92,61.2,29.830,0,0,0,0.000,0.000,0.240,0.240,63.6
1341709260,63.6,92,61.2,29.832,0,0,0,0.000,0.000,0.240,0.240,63.6
1341709320,63.6,92,61.2,29.831,0,0,0,0.000,0.000,0.240,0.240,63.6
1341709380,63.5,92,61.1,29.832,0,0,0,0.000,0.000,0.240,0.240,63.5
1341709440,63.5,92,61.1,29.832,0,0,0,0.000,0.000,0.240,0.240,63.5
1341709500,63.5,92,61.1,29.831,0,0,0,0.000,0.000,0.240,0.240,63.5
1341709560,63.5,92,61.1,29.831,0,0,0,0.000,0.000,0.240,0.240,63.5
1341709620,63.5,91,60.8,29.831,0,0,0,0.000,0.000,0.240,0.240,63.5
1341709680,63.4,91,60.7,29.831,0,0,0,0.000,0.000,0.240,0.240,63.4
1341709740,63.4,91,60.7,29.831,0,0,0,0.000,0.000,0.240,0.240,63.4
1341709800,63.3,91,60.6,29.832,0,0,0,0.000,0.000,0.240,0.240,63.3
1341709860,63.3,91,60.6,29.832,0,0,0,0.000,0.000,0.240,0.240,63.3
1341709920,63.2,91,60.5,29.832,0,0,0,0.000,0.000,0.240,0.240,63.2
1341709980,63.2,91,60.5,29.832,0,0,0,0.000,0.000,0.240,0.240,63.2
1341710040,63.1,92,60.7,29.832,0,0,0,0.000,0.000,0.240,0.240,63.1
1341710100,63.1,92,60.7,29.832,0,0,0,0.000,0.000,0.240,0.240,63.1
1341710160,63.0,92,60.6,29.834,0,0,0,0.000,0.000,0.240,0.240,63.0
1341710220,62.9,92,60.5,29.833,0,0,0,0.000,0.000,0.240,0.240,62.9
1341710280,62.9,92,60.5,29.834,0,0,0,0.000,0.000,0.240,0.240,62.9
1341710340,62.8,92,60.4,29.834,0,0,0,0.000,0.000,0.240,0.240,62.8
1341710400,62.8,92,60.4,29.833,0,0,0,0.000,0.000,0.240,0.240,62.8
1341710460,62.7,92,60.3,29.835,0,0,0,0.000,0.000,0.240,0.240,62.7
1341710520,62.7,92,60.3,29.833,0,0,0,0.000,0.000,0.240,0.240,62.7
1341710580,62.6,92,60.2,29.834,0,0,0,0.000,0.000,0.240,0.240,62.6
1341710640,62.6,92,60.2,29.836,0,0,0,0.000,0.000,0.240,0.240,62.6
1341710700,62.5,92,60.1,29.833,0,0,0,0.000,0.000,0.240,0.240,62.5
1341710760,62.5,92,60.1,29.833,0,0,0,0.000,0.000,0.240,0.240,62.5
1341710820,62.5,92,60.1,29.834,0,0,0,0.000,0.000,0.240,0.240,62.5
1341710880,62.5,92,60.1,29.835,0,0,0,0.000,0.000,0.240,0.240,62.5
1341710940,62.5,92,60.1,29.835,0,1,0,0.000,0.000,0.240,0.240,62.5
1341711000,62.5,92,60.1,29.836,0,0,0,0.000,0.000,0.240,0.240,62.5
1341711060,62.5,92,60.1,29.837,0,0,0,0.000,0.000,0.240,0.240,62.5
1341711120,62.5,93,60.4,29.836,0,0,0,0.000,0.000,0.240,0.240,62.5
1341711180,62.5,93,60.4,29.837,0,1,0,0.000,0.000,0.240,0.240,62.5
1341711240,62.6,93,60.5,29.835,0,0,0,0.000,0.000,0.240,0.240,62.6
1341711300,62.6,93,60.5,29.836,0,0,0,0.000,0.000,0.240,0.240,62.6
1341711360,62.6,93,60.5,29.837,0,0,0,0.000,0.000,0.240,0.240,62.6
1341711420,62.6,93,60.5,29.838,0,0,0,0.000,0.000,0.240,0.240,62.6
1341711480,62.6,93,60.5,29.838,1,3,0,0.000,0.000,0.240,0.240,62.6
1341711540,62.7,93,60.6,29.840,0,1,0,0.000,0.000,0.240,0.240,62.7
1341711600,62.7,93,60.6,29.841,0,0,0,0.000,0.000,0.240,0.240,62.7
1341711660,62.7,93,60.6,29.842,0,0,0,0.000,0.000,0.240,0.240,62.7
1341711720,62.6,93,60.5,29.843,0,0,0,0.000,0.000,0.240,0.240,62.6
1341711780,62.6,93,60.5,29.842,0,0,0,0.000,0.000,0.240,0.240,62.6
1341711840,62.5,93,60.4,29.843,0,0,0,0.000,0.000,0.240,0.240,62.5
1341711900,62.5,93,60.4,29.842,0,0,0,0.000,0.000,0.240,0.240,62.5
1341711960,62.5,93,60.4,29.842,0,0,0,0.000,0.000,0.240,0.240,62.5
1341712020,62.5,93,60.4,29.843,0,0,0,0.000,0.000,0.240,0.240,62.5
1341712080,62.4,93,60.3,29.842,0,0,0,0.000,0.000,0.240,0.240,62.4
1341712140,62.4,93,60.3,29.842,0,1,0,0.000,0.000,0.240,0.240,62.4
1341712200,62.4,93,60.3,29.842,0,1,0,0.000,0.000,0.240,0.240,62.4
1341712260,62.4,93,60.3,29.842,0,0,0,0.000,0.000,0.240,0.240,62.4
1341712320,62.4,93,60.3,29.842,0,0,0,0.000,0.000,0.240,0.240,62.4
1341712380,62.4,93,60.3,29.842,0,0,0,0.000,0.000,0.240,0.240,62.4
1341712440,62.4,93,60.3,29.841,0,0,0,0.000,0.000,0.240,0.240,62.4
1341712500,62.4,93,60.3,29.843,0,0,0,0.000,0.000,0.240,0.240,62.4
1341712560,62.4,93,60.3,29.846,0,0,0,0.000,0.000,0.240,0.240,62.4
1341712620,62.5,93,60.4,29.845,0,1,22,0.000,0.000,0.240,0.240,62.5
1341712680,62.4,93,60.3,29.847,0,0,22,0.000,0.000,0.240,0.240,62.4
1341712740,62.5,93,60.4,29.846,0,0,22,0.000,0.000,0.240,0.240,62.5
1341712800,62.5,93,60.4,29.845,1,2,22,0.000,0.000,0.240,0.240,62.5
1341712860,62.5,93,60.4,29.846,0,0,22,0.000,0.000,0.240,0.240,62.5
1341712920,62.6,93,60.5,29.848,0,1,22,0.000,0.000,0.240,0.240,62.6
1341712980,62.6,93,60.5,29.845,0,0,22,0.000,0.000,0.240,0.240,62.6
1341713040,62.6,93,60.5,29.848,0,0,22,0.000,0.000,0.240,0.240,62.6
1341713100,62.7,93,60.6,29.849,0,0,22,0.000,0.000,0.240,0.240,62.7
1341713160,62.7,93,60.6,29.849,0,0,22,0.000,0.000,0.240,0.240,62.7
1341713220,62.7,93,60.6,29.849,0,0,22,0.000,0.000,0.240,0.240,62.7
1341713280,62.6,93,60.5,29.849,0,0,22,0.000,0.000,0.240,0.240,62.6
1341713340,62.6,93,60.5,29.848,0,0,22,0.000,0.000,0.240,0.240,62.6
1341713400,62.6,93,60.5,29.846,0,0,22,0.000,0.000,0.240,0.240,62.6
1341713460,62.6,93,60.5,29.848,0,0,22,0.000,0.000,0.240,0.240,62.6
1341713520,62.6,93,60.5,29.848,0,1,22,0.000,0.000,0.240,0.240,62.6
1341713580,62.6,93,60.5,29.849,0,0,22,0.000,0.000,0.240,0.240,62.6
1341713640,62.6,93,60.5,29.850,0,1,22,0.000,0.000,0.240,0.240,62.6
1341713700,62.6,93,60.5,29.850,0,0,22,0.000,0.000,0.240,0.240,62.6
1341713760,62.6,93,60.5,29.850,1,3,22,0.000,0.000,0.240,0.240,62.6
1341713820,62.6,93,60.5,29.850,0,1,22,0.000,0.000,0.240,0.240,62.6
1341713880,62.6,93,60.5,29.849,1,3,22,0.000,0.000,0.240,0.240,62.6
1341713940,62.6,94,60.8,29.849,1,3,22,0.000,0.000,0.240,0.240,62.6
1341714000,62.6,94,60.8,29.850,1,3,22,0.000,0.000,0.240,0.240,62.6
1341714060,62.7,94,60.9,29.849,0,1,22,0.000,0.000,0.240,0.240,62.7
1341714120,62.7,94,60.9,29.849,0,0,22,0.000,0.000,0.240,0.240,62.7
1341714180,62.7,94,60.9,29.850,0,0,22,0.000,0.000,0.240,0.240,62.7
1341714240,62.7,94,60.9,29.850,0,1,22,0.000,0.000,0.240,0.240,62.7
1341714300,62.7,93,60.6,29.850,0,0,22,0.000,0.000,0.240,0.240,62.7
1341714360,62.7,93,60.6,29.849,0,0,22,0.000,0.000,0.240,0.240,62.7
1341714420,62.7,93,60.6,29.850,0,0,22,0.000,0.000,0.240,0.240,62.7
1341714480,62.7,93,60.6,29.849,0,0,22,0.000,0.000,0.240,0.240,62.7
1341714540,62.7,93,60.6,29.849,0,0,22,0.000,0.000,0.240,0.240,62.7
1341714600,62.6,93,60.5,29.850,0,0,22,0.000,0.000,0.240,0.240,62.6
1341714660,62.6,93,60.5,29.850,0,0,22,0.000,0.000,0.240,0.240,62.6
1341714720,62.6,93,60.5,29.850,0,0,22,0.000,0.000,0.240,0.240,62.6
1341714780,62.5,93,60.4,29.850,0,0,22,0.000,0.000,0.240,0.240,62.5
1341714840,62.5,93,60.4,29.850,0,0,22,0.000,0.000,0.240,0.240,62.5
1341714900,62.5,93,60.4,29.851,0,0,22,0.000,0.000,0.240,0.240,62.5
1341714960,62.5,93,60.4,29.850,0,0,22,0.000,0.000,0.240,0.240,62.5
1341715020,62.5,93,60.4,29.851,0,0,22,0.000,0.000,0.240,0.240,62.5
1341715080,62.5,93,60.4,29.851,0,0,22,0.000,0.000,0.240,0.240,62.5
1341715140,62.5,93,60.4,29.852,0,0,22,0.000,0.000,0.240,0.240,62.5
1341715200,62.5,93,60.4,29.851,0,0,22,0.000,0.000,0.240,0.240,62.5
1341715260,62.5,93,60.4,29.851,0,0,22,0.000,0.000,0.240,0.240,62.5
1341715320,62.5,93,60.4,29.854,0,0,22,0.000,0.000,0.240,0.240,62.5
1341715380,62.5,93,60.4,29.854,0,0,22,0.000,0.000,0.240,0.240,62.5
1341715440,62.5,93,60.4,29.852,0,0,22,0.000,0.000,0.240,0.240,62.5
1341715500,62.5,93,60.4,29.852,0,0,22,0.000,0.000,0.240,0.240,62.5
1341715560,62.5,93,60.4,29.852,0,0,22,0.000,0.000,0.240,0.240,62.5
1341715620,62.5,93,60.4,29.854,0,0,22,0.000,0.000,0.240,0.240,62.5
1341715680,62.5,93,60.4,29.854,0,0,22,0.000,0.000,0.240,0.240,62.5
1341715740,62.5,93,60.4,29.852,0,0,22,0.000,0.000,0.240,0.240,62.5
1341715800,62.5,93,60.4,29.851,0,0,22,0.000,0.000,0.240,0.240,62.5
1341715860,62.5,93,60.4,29.851,0,0,22,0.000,0.000,0.240,0.240,62.5
1341715920,62.5,93,60.4,29.855,0,0,22,0.000,0.000,0.240,0.240,62.5
1341715980,62.5,93,60.4,29.856,0,0,22,0.000,0.000,0.240,0.240,62.5
1341716040,62.4,93,60.3,29.855,0,0,22,0.000,0.000,0.240,0.240,62.4
1341716100,62.5,93,60.4,29.855,0,0,22,0.000,0.000,0.240,0.240,62.5
1341716160,62.5,93,60.4,29.857,0,0,22,0.000,0.000,0.240,0.240,62.5
1341716220,62.5,93,60.4,29.857,0,0,22,0.000,0.000,0.240,0.240,62.5
1341716280,62.4,93,60.3,29.857,0,0,22,0.000,0.000,0.240,0.240,62.4
1341716340,62.4,93,60.3,29.858,0,0,22,0.000,0.000,0.240,0.240,62.4
1341716400,62.4,93,60.3,29.859,0,0,22,0.000,0.000,0.240,0.240,62.4
1341716460,62.4,93,60.3,29.861,0,0,22,0.000,0.000,0.240,0.240,62.4
1341716520,62.4,93,60.3,29.859,0,0,22,0.000,0.000,0.240,0.240,62.4
1341716580,62.4,93,60.3,29.859,0,1,22,0.000,0.000,0.240,0.240,62.4
1341716640,62.4,93,60.3,29.862,1,2,22,0.000,0.000,0.240,0.240,62.4
1341716700,62.4,93,60.3,29.863,0,0,22,0.000,0.000,0.240,0.240,62.4
1341716760,62.4,93,60.3,29.863,0,0,22,0.000,0.000,0.240,0.240,62.4
1341716820,62.4,93,60.3,29.863,0,0,22,0.000,0.000,0.240,0.240,62.4
1341716880,62.3,93,60.2,29.862,0,1,22,0.000,0.000,0.240,0.240,62.3
1341716940,62.3,93,60.2,29.862,0,0,22,0.000,0.000,0.240,0.240,62.3
1341717000,62.3,93,60.2,29.862,0,0,22,0.000,0.000,0.240,0.240,62.3
1341717060,62.3,93,60.2,29.861,0,0,22,0.000,0.000,0.240,0.240,62.3
1341717120,62.3,93,60.2,29.861,0,0,22,0.000,0.000,0.240,0.240,62.3
1341717180,62.4,93,60.3,29.860,0,0,22,0.000,0.000,0.240,0.240,62.4
1341717240,62.4,93,60.3,29.861,0,0,22,0.000,0.000,0.240,0.240,62.4
1341717300,62.4,93,60.3,29.861,1,3,22,0.000,0.000,0.240,0.240,62.4
1341717360,62.4,94,60.7,29.861,1,3,22,0.000,0.000,0.240,0.240,62.4
1341717420,62.5,94,60.7,29.860,1,3,22,0.000,0.000,0.240,0.240,62.5
1341717480,62.5,94,60.7,29.861,1,2,22,0.000,0.000,0.240,0.240,62.5
1341717540,62.6,94,60.8,29.862,0,0,22,0.000,0.000,0.240,0.240,62.6
1341717600,62.6,94,60.8,29.861,0,1,22,0.000,0.000,0.240,0.240,62.6
1341717660,62.7,94,60.9,29.859,0,0,22,0.000,0.000,0.240,0.240,62.7
1341717720,62.7,94,60.9,29.861,0,0,22,0.000,0.000,0.240,0.240,62.7
1341717780,62.7,94,60.9,29.861,0,0,22,0.000,0.000,0.240,0.240,62.7
1341717840,62.7,94,60.9,29.861,0,1,22,0.000,0.000,0.240,0.240,62.7
1341717900,62.7,93,60.6,29.861,1,2,22,0.000,0.000,0.240,0.240,62.7
1341717960,62.8,93,60.7,29.861,0,1,22,0.000,0.000,0.240,0.240,62.8
1341718020,62.8,93,60.7,29.861,1,2,22,0.000,0.000,0.240,0.240,62.8
1341718080,62.8,93,60.7,29.861,1,2,22,0.000,0.000,0.240,0.240,62.8
1341718140,62.7,93,60.6,29.861,0,0,22,0.000,0.000,0.240,0.240,62.7
1341718200,62.8,93,60.7,29.862,0,0,22,0.000,0.000,0.240,0.240,62.8
1341718260,62.8,93,60.7,29.861,0,0,22,0.000,0.000,0.240,0.240,62.8
1341718320,62.7,93,60.6,29.861,0,0,22,0.000,0.000,0.240,0.240,62.7
1341718380,62.7,93,60.6,29.861,0,0,22,0.000,0.000,0.240,0.240,62.7
1341718440,62.7,93,60.6,29.861,0,0,22,0.000,0.000,0.240,0.240,62.7
1341718500,62.7,93,60.6,29.862,1,3,22,0.000,0.000,0.240,0.240,62.7
1341718560,62.7,93,60.6,29.861,0,1,22,0.000,0.000,0.240,0.240,62.7
1341718620,62.7,93,60.6,29.861,2,3,22,0.000,0.000,0.240,0.240,62.7
1341718680,62.7,93,60.6,29.861,0,2,22,0.000,0.000,0.240,0.240,62.7
1341718740,62.7,93,60.6,29.861,0,1,22,0.000,0.000,0.240,0.240,62.7
1341718800,62.8,93,60.7,29.862,1,2,22,0.000,0.000,0.240,0.240,62.8
1341718860,62.8,93,60.7,29.863,0,1,22,0.000,0.000,0.240,0.240,62.8
1341718920,62.8,93,60.7,29.862,0,1,22,0.000,0.000,0.240,0.240,62.8
1341718980,62.8,93,60.7,29.862,0,0,22,0.000,0.000,0.240,0.240,62.8
1341719040,62.8,93,60.7,29.863,0,2,22,0.000,0.000,0.240,0.240,62.8
1341719100,62.9,93,60.8,29.863,2,2,22,0.000,0.000,0.240,0.240,62.9
1341719160,62.9,93,60.8,29.863,2,3,22,0.000,0.000,0.240,0.240,62.9
1341719220,62.9,93,60.8,29.864,0,1,22,0.000,0.000,0.240,0.240,62.9
1341719280,62.9,93,60.8,29.863,0,1,22,0.000,0.000,0.240,0.240,62.9
1341719340,62.9,93,60.8,29.862,1,2,22,0.000,0.000,0.240,0.240,62.9
1341719400,62.9,93,60.8,29.863,1,2,22,0.000,0.000,0.240,0.240,62.9
1341719460,62.9,93,60.8,29.864,0,1,22,0.000,0.000,0.240,0.240,62.9
1341719520,62.8,93,60.7,29.864,0,0,22,0.000,0.000,0.240,0.240,62.8
1341719580,62.8,93,60.7,29.864,0,0,22,0.000,0.000,0.240,0.240,62.8
1341719640,62.7,92,60.3,29.863,0,0,22,0.000,0.000,0.240,0.240,62.7
1341719700,62.7,92,60.3,29.864,0,0,22,0.000,0.000,0.240,0.240,62.7
1341719760,62.7,92,60.3,29.865,0,0,22,0.000,0.000,0.240,0.240,62.7
1341719820,62.6,92,60.2,29.866,0,0,22,0.000,0.000,0.240,0.240,62.6
1341719880,62.5,92,60.1,29.867,2,3,22,0.000,0.000,0.240,0.240,62.5
1341719940,62.5,93,60.4,29.866,1,3,22,0.000,0.000,0.240,0.240,62.5
1341720000,62.5,93,60.4,29.863,0,0,22,0.000,0.000,0.240,0.240,62.5
1341720060,62.5,93,60.4,29.864,0,1,22,0.000,0.000,0.240,0.240,62.5
1341720120,62.5,93,60.4,29.864,0,1,22,0.000,0.000,0.240,0.240,62.5
1341720180,62.5,93,60.4,29.864,0,0,22,0.000,0.000,0.240,0.240,62.5
1341720240,62.5,93,60.4,29.864,0,1,22,0.000,0.000,0.240,0.240,62.5
1341720300,62.5,93,60.4,29.864,1,2,22,0.000,0.000,0.240,0.240,62.5
1341720360,62.5,93,60.4,29.862,0,1,22,0.000,0.000,0.240,0.240,62.5
1341720420,62.5,93,60.4,29.864,1,2,22,0.000,0.000,0.240,0.240,62.5
1341720480,62.5,93,60.4,29.864,0,1,22,0.000,0.000,0.240,0.240,62.5
1341720540,62.5,93,60.4,29.865,0,1,22,0.000,0.000,0.240,0.240,62.5
1341720600,62.5,93,60.4,29.865,0,1,22,0.000,0.000,0.240,0.240,62.5
1341720660,62.6,93,60.5,29.864,0,1,22,0.000,0.000,0.240,0.240,62.6
1341720720,62.6,93,60.5,29.865,0,0,22,0.000,0.000,0.240,0.240,62.6
1341720780,62.7,93,60.6,29.864,0,0,22,0.000,0.000,0.240,0.240,62.7
1341720840,62.7,93,60.6,29.864,0,1,22,0.000,0.000,0.240,0.240,62.7
1341720900,62.7,93,60.6,29.864,0,1,22,0.000,0.000,0.240,0.240,62.7
1341720960,62.8,93,60.7,29.865,0,1,22,0.000,0.000,0.240,0.240,62.8
1341721020,62.8,93,60.7,29.866,0,1,22,0.000,0.000,0.240,0.240,62.8
1341721080,62.9,93,60.8,29.864,0,1,22,0.000,0.000,0.240,0.240,62.9
1341721140,62.9,93,60.8,29.864,1,2,22,0.000,0.000,0.240,0.240,62.9
1341721200,63.0,93,60.9,29.865,0,1,22,0.000,0.000,0.240,0.240,63.0
1341721260,63.1,93,61.0,29.865,0,1,22,0.000,0.000,0.240,0.240,63.1
1341721320,63.1,93,61.0,29.865,0,1,22,0.000,0.000,0.240,0.240,63.1
1341721380,63.2,93,61.1,29.864,1,1,22,0.000,0.000,0.240,0.240,63.2
1341721440,63.2,93,61.1,29.865,0,2,22,0.000,0.000,0.240,0.240,63.2
1341721500,63.3,93,61.2,29.864,2,3,22,0.000,0.000,0.240,0.240,63.3
1341721560,63.4,93,61.3,29.865,1,2,22,0.000,0.000,0.240,0.240,63.4
1341721620,63.5,93,61.4,29.865,1,2,22,0.000,0.000,0.240,0.240,63.5
1341721680,63.6,93,61.5,29.864,0,0,22,0.000,0.000,0.240,0.240,63.6
1341721740,63.7,92,61.3,29.866,0,0,22,0.000,0.000,0.240,0.240,63.7
1341721800,63.8,92,61.4,29.865,0,1,22,0.000,0.000,0.240,0.240,63.8
1341721860,63.9,92,61.5,29.866,0,1,22,0.000,0.000,0.240,0.240,63.9
1341721920,64.0,92,61.6,29.866,0,1,22,0.000,0.000,0.240,0.240,64.0
1341721980,64.0,92,61.6,29.864,0,0,22,0.000,0.000,0.240,0.240,64.0
1341722040,64.1,92,61.7,29.866,0,0,22,0.000,0.000,0.240,0.240,64.1
1341722100,64.2,91,61.5,29.867,0,0,22,0.000,0.000,0.240,0.240,64.2
1341722160,64.3,91,61.6,29.869,0,0,22,0.000,0.000,0.240,0.240,64.3
1341722220,64.4,91,61.7,29.870,0,0,22,0.000,0.000,0.240,0.240,64.4
1341722280,64.5,91,61.8,29.870,0,0,22,0.000,0.000,0.240,0.240,64.5
1341722340,64.6,91,61.9,29.870,0,0,22,0.000,0.000,0.240,0.240,64.6
1341722400,64.7,91,62.0,29.869,0,0,22,0.000,0.000,0.240,0.240,64.7
1341722460,64.8,91,62.1,29.870,1,2,22,0.000,0.000,0.240,0.240,64.8
1341722520,64.9,90,61.9,29.868,0,1,22,0.000,0.000,0.240,0.240,64.9
1341722580,65.0,90,62.0,29.869,0,0,22,0.000,0.000,0.240,0.240,65.0
1341722640,65.1,90,62.1,29.868,0,0,22,0.000,0.000,0.240,0.240,65.1
1341722700,65.2,90,62.2,29.869,0,0,22,0.000,0.000,0.240,0.240,65.2
1341722760,65.3,90,62.3,29.870,0,0,22,0.000,0.000,0.240,0.240,65.3
1341722820,65.4,89,62.1,29.870,0,1,22,0.000,0.000,0.240,0.240,65.4
1341722880,65.4,90,62.4,29.869,0,1,22,0.000,0.000,0.240,0.240,65.4
1341722940,65.4,89,62.1,29.871,2,2,22,0.000,0.000,0.240,0.240,65.4
1341723000,65.5,89,62.2,29.870,1,2,22,0.000,0.000,0.240,0.240,65.5
1341723060,65.5,89,62.2,29.871,1,2,22,0.000,0.000,0.240,0.240,65.5
1341723120,65.6,88,61.9,29.870,2,2,22,0.000,0.000,0.240,0.240,65.6
1341723180,65.6,88,61.9,29.870,2,3,22,0.000,0.000,0.240,0.240,65.6
1341723240,65.7,88,62.0,29.870,2,2,22,0.000,0.000,0.240,0.240,65.7
1341723300,65.8,88,62.1,29.871,1,2,22,0.000,0.000,0.240,0.240,65.8
1341723360,65.9,88,62.2,29.872,0,1,22,0.000,0.000,0.240,0.240,65.9
1341723420,65.9,88,62.2,29.871,0,1,22,0.000,0.000,0.240,0.240,65.9
1341723480,66.0,88,62.3,29.871,0,1,22,0.000,0.000,0.240,0.240,66.0
1341723540,66.2,88,62.5,29.873,0,0,22,0.000,0.000,0.240,0.240,66.2
1341723600,66.3,88,62.6,29.873,0,0,22,0.000,0.000,0.240,0.240,66.3
1341723660,66.4,88,62.7,29.874,1,2,22,0.000,0.000,0.240,0.240,66.4
1341723720,66.5,88,62.8,29.873,0,1,22,0.000,0.000,0.240,0.240,66.5
1341723780,66.7,88,63.0,29.874,0,0,22,0.000,0.000,0.240,0.240,66.7
1341723840,66.8,87,62.8,29.872,0,0,22,0.000,0.000,0.240,0.240,66.8
1341723900,66.9,87,62.9,29.872,0,1,22,0.000,0.000,0.240,0.240,66.9
1341723960,67.1,87,63.1,29.873,0,1,22,0.000,0.000,0.240,0.240,67.1
1341724020,67.2,87,63.2,29.873,0,1,22,0.000,0.000,0.240,0.240,67.2
1341724080,67.4,86,63.1,29.874,1,3,22,0.000,0.000,0.240,0.240,67.4
1341724140,67.5,86,63.2,29.875,1,2,22,0.000,0.000,0.240,0.240,67.5
1341724200,67.7,86,63.4,29.873,1,2,22,0.000,0.000,0.240,0.240,67.7
1341724260,67.8,86,63.5,29.875,2,3,22,0.000,0.000,0.240,0.240,67.8
1341724320,68.0,86,63.7,29.876,2,3,22,0.000,0.000,0.240,0.240,68.0
1341724380,68.1,86,63.8,29.876,2,2,22,0.000,0.000,0.240,0.240,68.1
1341724440,68.2,85,63.5,29.875,2,2,22,0.000,0.000,0.240,0.240,68.2
1341724500,68.4,85,63.7,29.876,1,2,22,0.000,0.000,0.240,0.240,68.4
1341724560,68.5,85,63.8,29.874,0,0,22,0.000,0.000,0.240,0.240,68.5
1341724620,68.6,85,63.9,29.873,0,1,22,0.000,0.000,0.240,0.240,68.6
1341724680,68.8,84,63.8,29.873,1,3,22,0.000,0.000,0.240,0.240,68.8
1341724740,68.9,83,63.5,29.873,2,2,22,0.000,0.000,0.240,0.240,68.9
1341724800,69.0,84,64.0,29.873,0,1,22,0.000,0.000,0.240,0.240,69.0
1341724860,69.2,83,63.8,29.873,1,2,22,0.000,0.000,0.240,0.240,69.2
1341724920,69.3,83,63.9,29.873,0,1,22,0.000,0.000,0.240,0.240,69.3
1341724980,69.3,81,63.2,29.873,1,2,22,0.000,0.000,0.240,0.240,69.3
1341725040,69.4,81,63.3,29.871,1,2,22,0.000,0.000,0.240,0.240,69.4
1341725100,69.6,81,63.5,29.870,0,1,22,0.000,0.000,0.240,0.240,69.6
1341725160,69.7,80,63.3,29.870,0,1,22,0.000,0.000,0.240,0.240,69.7
1341725220,69.8,80,63.3,29.872,0,1,22,0.000,0.000,0.240,0.240,69.8
1341725280,69.9,80,63.4,29.869,0,0,22,0.000,0.000,0.240,0.240,69.9
1341725340,70.1,80,63.6,29.873,0,1,22,0.000,0.000,0.240,0.240,70.1
1341725400,70.2,80,63.7,29.870,0,1,22,0.000,0.000,0.240,0.240,70.2
1341725460,70.4,80,63.9,29.874,0,0,22,0.000,0.000,0.240,0.240,70.4
1341725520,70.6,79,63.8,29.873,0,1,22,0.000,0.000,0.240,0.240,70.6
1341725580,70.6,79,63.8,29.871,0,0,22,0.000,0.000,0.240,0.240,70.6
1341725640,70.8,78,63.6,29.872,0,1,22,0.000,0.000,0.240,0.240,70.8
1341725700,71.0,77,63.4,29.872,0,1,22,0.000,0.000,0.240,0.240,71.0
1341725760,71.2,78,64.0,29.872,0,0,22,0.000,0.000,0.240,0.240,71.2
1341725820,71.3,78,64.1,29.872,0,1,22,0.000,0.000,0.240,0.240,71.3
1341725880,71.4,77,63.8,29.871,0,0,22,0.000,0.000,0.240,0.240,71.4
1341725940,71.6,77,64.0,29.870,0,0,22,0.000,0.000,0.240,0.240,71.6
1341726000,71.7,77,64.1,29.869,0,0,22,0.000,0.000,0.240,0.240,71.7
1341726060,71.9,76,63.9,29.870,0,1,22,0.000,0.000,0.240,0.240,71.9
1341726120,72.1,76,64.1,29.870,0,1,22,0.000,0.000,0.240,0.240,72.1
1341726180,72.2,76,64.2,29.869,0,1,22,0.000,0.000,0.240,0.240,72.2
1341726240,72.3,75,63.9,29.869,0,0,22,0.000,0.000,0.240,0.240,72.3
1341726300,72.5,76,64.5,29.868,0,0,22,0.000,0.000,0.240,0.240,72.5
1341726360,72.7,76,64.7,29.867,0,0,22,0.000,0.000,0.240,0.240,72.7
1341726420,72.8,75,64.4,29.866,1,2,22,0.000,0.000,0.240,0.240,72.8
1341726480,72.9,75,64.5,29.867,0,0,22,0.000,0.000,0.240,0.240,72.9
1341726540,73.1,74,64.3,29.867,0,0,22,0.000,0.000,0.240,0.240,73.1
1341726600,73.2,74,64.4,29.866,0,1,22,0.000,0.000,0.240,0.240,73.2
1341726660,73.3,75,64.9,29.868,0,1,22,0.000,0.000,0.240,0.240,73.3
1341726720,73.4,75,65.0,29.868,1,2,22,0.000,0.000,0.240,0.240,73.4
1341726780,73.6,75,65.2,29.867,2,3,22,0.000,0.000,0.240,0.240,73.6
1341726840,73.7,74,64.9,29.867,0,1,22,0.000,0.000,0.240,0.240,73.7
1341726900,73.8,75,65.4,29.867,1,3,270,0.000,0.000,0.240,0.240,73.8
1341726960,73.8,75,65.4,29.869,1,3,338,0.000,0.000,0.240,0.240,73.8
1341727020,73.9,74,65.1,29.869,0,2,338,0.000,0.000,0.240,0.240,73.9
1341727080,73.9,73,64.7,29.870,2,3,338,0.000,0.000,0.240,0.240,73.9
1341727140,73.9,73,64.7,29.868,2,3,338,0.000,0.000,0.240,0.240,73.9
1341727200,74.0,73,64.8,29.867,2,3,338,0.000,0.000,0.240,0.240,74.0
1341727260,73.9,73,64.7,29.868,3,3,338,0.000,0.000,0.240,0.240,73.9
1341727320,74.0,73,64.8,29.868,2,3,338,0.000,0.000,0.240,0.240,74.0
1341727380,74.0,74,65.2,29.867,1,3,338,0.000,0.000,0.240,0.240,74.0
1341727440,74.0,72,64.4,29.865,2,3,338,0.000,0.000,0.240,0.240,74.0
1341727500,74.0,73,64.8,29.866,1,3,338,0.000,0.000,0.240,0.240,74.0
1341727560,74.1,74,65.3,29.867,0,1,338,0.000,0.000,0.240,0.240,74.1
1341727620,74.1,74,65.3,29.866,1,3,338,0.000,0.000,0.240,0.240,74.1
1341727680,74.2,72,64.6,29.866,3,3,338,0.000,0.000,0.240,0.240,74.2
1341727740,74.1,72,64.5,29.867,3,6,22,0.000,0.000,0.240,0.240,74.1
1341727800,74.1,72,64.5,29.866,3,6,0,0.000,0.000,0.240,0.240,74.1
1341727860,74.2,72,64.6,29.869,3,5,0,0.000,0.000,0.240,0.240,74.2
1341727920,74.2,72,64.6,29.867,3,3,0,0.000,0.000,0.240,0.240,74.2
1341727980,74.2,72,64.6,29.868,2,3,0,0.000,0.000,0.240,0.240,74.2
1341728040,74.2,73,65.0,29.866,2,3,0,0.000,0.000,0.240,0.240,74.2
1341728100,74.2,73,65.0,29.865,3,5,0,0.000,0.000,0.240,0.240,74.2
1341728160,74.2,73,65.0,29.864,3,6,0,0.000,0.000,0.240,0.240,74.2
1341728220,74.3,74,65.5,29.865,2,3,0,0.000,0.000,0.240,0.240,74.3
1341728280,74.3,74,65.5,29.864,3,5,0,0.000,0.000,0.240,0.240,74.3
1341728340,74.4,73,65.2,29.863,2,3,0,0.000,0.000,0.240,0.240,74.4
1341728400,74.5,72,64.9,29.863,3,5,0,0.000,0.000,0.240,0.240,74.5
1341728460,74.5,72,64.9,29.864,3,5,0,0.000,0.000,0.240,0.240,74.5
1341728520,74.6,72,65.0,29.864,3,5,22,0.000,0.000,0.240,0.240,74.6
1341728580,74.6,72,65.0,29.863,2,2,22,0.000,0.000,0.240,0.240,74.6
1341728640,74.7,71,64.7,29.862,3,5,22,0.000,0.000,0.240,0.240,74.7
1341728700,74.8,70,64.4,29.862,3,3,45,0.000,0.000,0.240,0.240,74.8
1341728760,74.8,70,64.4,29.862,0,2,45,0.000,0.000,0.240,0.240,74.8
1341728820,74.9,70,64.5,29.862,0,0,45,0.000,0.000,0.240,0.240,74.9
1341728880,75.0,73,65.8,29.862,0,1,45,0.000,0.000,0.240,0.240,75.0
1341728940,75.1,72,65.5,29.861,2,3,45,0.000,0.000,0.240,0.240,75.1
1341729000,75.2,70,64.7,29.861,2,3,45,0.000,0.000,0.240,0.240,75.2
1341729060,75.3,70,64.8,29.860,1,2,45,0.000,0.000,0.240,0.240,75.3
1341729120,75.4,72,65.7,29.862,2,3,45,0.000,0.000,0.240,0.240,75.4
1341729180,75.5,72,65.8,29.861,3,5,22,0.000,0.000,0.240,0.240,75.5
1341729240,75.5,71,65.4,29.861,2,3,22,0.000,0.000,0.240,0.240,75.5
1341729300,75.5,70,65.0,29.862,2,3,0,0.000,0.000,0.240,0.240,75.5
1341729360,75.6,71,65.5,29.861,2,3,0,0.000,0.000,0.240,0.240,75.6
1341729420,75.6,70,65.1,29.859,3,5,0,0.000,0.000,0.240,0.240,75.6
1341729480,75.6,71,65.5,29.861,3,5,0,0.000,0.000,0.240,0.240,75.6
1341729540,75.6,71,65.5,29.862,3,5,0,0.000,0.000,0.240,0.240,75.6
1341729600,75.7,71,65.6,29.861,2,3,0,0.000,0.000,0.240,0.240,75.7
1341729660,75.7,70,65.2,29.861,3,5,0,0.000,0.000,0.240,0.240,75.7
1341729720,75.8,71,65.7,29.862,1,3,0,0.000,0.000,0.240,0.240,75.8
1341729780,75.8,71,65.7,29.859,3,5,0,0.000,0.000,0.240,0.240,75.8
1341729840,75.9,68,64.6,29.860,3,5,0,0.000,0.000,0.240,0.240,75.9
1341729900,75.9,69,65.0,29.859,3,3,0,0.000,0.000,0.240,0.240,75.9
1341729960,76.0,70,65.5,29.858,2,3,0,0.000,0.000,0.240,0.240,76.0
1341730020,76.1,70,65.6,29.858,2,3,0,0.000,0.000,0.240,0.240,76.1
1341730080,76.1,71,66.0,29.858,2,3,0,0.000,0.000,0.240,0.240,76.1
1341730140,76.2,71,66.1,29.857,3,3,0,0.000,0.000,0.240,0.240,76.2
1341730200,76.3,69,65.4,29.857,3,7,0,0.000,0.000,0.240,0.240,76.3
1341730260,76.3,70,65.8,29.857,3,5,338,0.000,0.000,0.240,0.240,76.3
1341730320,76.4,69,65.5,29.857,3,6,0,0.000,0.000,0.240,0.240,76.4
1341730380,76.4,69,65.5,29.857,2,3,0,0.000,0.000,0.240,0.240,76.4
1341730440,76.5,70,66.0,29.858,2,3,0,0.000,0.000,0.240,0.240,76.5
1341730500,76.6,69,65.7,29.858,1,3,0,0.000,0.000,0.240,0.240,76.6
1341730560,76.7,70,66.2,29.858,3,5,0,0.000,0.000,0.240,0.240,76.7
1341730620,76.7,69,65.8,29.857,3,3,0,0.000,0.000,0.240,0.240,76.7
1341730680,76.9,69,66.0,29.857,2,3,0,0.000,0.000,0.240,0.240,76.9
1341730740,77.0,69,66.0,29.857,2,3,0,0.000,0.000,0.240,0.240,77.0
1341730800,77.1,69,66.1,29.858,3,5,315,0.000,0.000,0.240,0.240,77.1
1341730860,77.1,67,65.3,29.858,3,7,0,0.000,0.000,0.240,0.240,77.1
1341730920,77.2,66,65.0,29.858,2,3,0,0.000,0.000,0.240,0.240,77.2
1341730980,77.2,66,65.0,29.857,2,3,338,0.000,0.000,0.240,0.240,77.2
1341731040,77.3,66,65.1,29.857,2,3,338,0.000,0.000,0.240,0.240,77.3
1341731100,77.3,68,65.9,29.857,2,3,338,0.000,0.000,0.240,0.240,77.3
1341731160,77.4,68,66.0,29.857,2,3,338,0.000,0.000,0.240,0.240,77.4
1341731220,77.5,67,65.7,29.857,2,3,0,0.000,0.000,0.240,0.240,77.5
1341731280,77.5,65,64.8,29.857,3,3,22,0.000,0.000,0.240,0.240,77.5
1341731340,77.6,66,65.3,29.857,3,5,0,0.000,0.000,0.240,0.240,77.6
1341731400,77.7,66,65.4,29.856,3,3,0,0.000,0.000,0.240,0.240,77.7
1341731460,77.7,67,65.9,29.857,2,3,0,0.000,0.000,0.240,0.240,77.7
1341731520,77.8,67,66.0,29.857,1,3,0,0.000,0.000,0.240,0.240,77.8
1341731580,77.9,67,66.1,29.857,3,5,0,0.000,0.000,0.240,0.240,77.9
1341731640,78.0,66,65.7,29.857,2,3,0,0.000,0.000,0.240,0.240,78.0
1341731700,78.1,64,64.9,29.857,2,3,22,0.000,0.000,0.240,0.240,78.1
1341731760,78.2,64,65.0,29.856,1,3,22,0.000,0.000,0.240,0.240,78.2
1341731820,78.3,65,65.6,29.857,2,3,45,0.000,0.000,0.240,0.240,78.3
1341731880,78.4,65,65.7,29.857,3,3,22,0.000,0.000,0.240,0.240,78.4
1341731940,78.5,65,65.8,29.856,3,6,0,0.000,0.000,0.240,0.240,78.5
1341732000,78.6,63,64.9,29.857,3,7,22,0.000,0.000,0.240,0.240,78.6
1341732060,78.7,61,64.1,29.858,3,6,0,0.000,0.000,0.240,0.240,78.7
1341732120,78.7,62,64.6,29.859,2,3,0,0.000,0.000,0.240,0.240,78.7
1341732180,78.7,63,65.0,29.858,3,3,22,0.000,0.000,0.240,0.240,78.7
1341732240,78.7,62,64.6,29.857,3,5,0,0.000,0.000,0.240,0.240,78.7
1341732300,78.7,65,65.9,29.857,3,6,0,0.000,0.000,0.240,0.240,78.7
1341732360,78.8,62,64.7,29.857,3,7,0,0.000,0.000,0.240,0.240,78.8
1341732420,78.9,61,64.3,29.858,3,7,22,0.000,0.000,0.240,0.240,78.9
1341732480,78.9,63,65.2,29.857,3,7,22,0.000,0.000,0.240,0.240,78.9
1341732540,78.9,60,63.8,29.857,3,7,45,0.000,0.000,0.240,0.240,78.9
1341732600,79.0,61,64.4,29.859,2,5,45,0.000,0.000,0.240,0.240,79.0
1341732660,79.1,62,65.0,29.858,3,3,338,0.000,0.000,0.240,0.240,79.1
1341732720,79.1,61,64.5,29.857,3,5,0,0.000,0.000,0.240,0.240,79.1
1341732780,79.1,61,64.5,29.858,3,6,0,0.000,0.000,0.240,0.240,79.1
1341732840,79.1,62,65.0,29.857,2,3,315,0.000,0.000,0.240,0.240,79.1
1341732900,79.1,62,65.0,29.858,3,6,0,0.000,0.000,0.240,0.240,79.1
1341732960,79.1,60,64.0,29.858,3,7,0,0.000,0.000,0.240,0.240,79.1
1341733020,79.1,61,64.5,29.857,2,3,315,0.000,0.000,0.240,0.240,79.1
1341733080,79.1,61,64.5,29.858,3,5,22,0.000,0.000,0.240,0.240,79.1
1341733140,79.1,61,64.5,29.859,1,2,22,0.000,0.000,0.240,0.240,79.1
1341733200,79.2,62,65.1,29.858,2,3,22,0.000,0.000,0.240,0.240,79.2
1341733260,79.3,62,65.1,29.859,1,3,0,0.000,0.000,0.240,0.240,79.3
1341733320,79.3,60,64.2,29.858,5,7,0,0.000,0.000,0.240,0.240,79.3
1341733380,79.4,62,65.2,29.858,3,10,0,0.000,0.000,0.240,0.240,79.4
1341733440,79.4,60,64.3,29.858,3,8,338,0.000,0.000,0.240,0.240,79.4
1341733500,79.4,61,64.8,29.858,3,7,338,0.000,0.000,0.240,0.240,79.4
1341733560,79.4,61,64.8,29.858,6,8,0,0.000,0.000,0.240,0.240,79.4
1341733620,79.4,59,63.8,29.858,3,6,338,0.000,0.000,0.240,0.240,79.4
1341733680,79.4,59,63.8,29.857,3,6,338,0.000,0.000,0.240,0.240,79.4
1341733740,79.4,59,63.8,29.858,3,5,338,0.000,0.000,0.240,0.240,79.4
1341733800,79.4,59,63.8,29.858,3,3,338,0.000,0.000,0.240,0.240,79.4
1341733860,79.5,59,63.9,29.858,3,5,22,0.000,0.000,0.240,0.240,79.5
1341733920,79.5,59,63.9,29.858,3,6,0,0.000,0.000,0.240,0.240,79.5
1341733980,79.5,60,64.4,29.858,3,5,22,0.000,0.000,0.240,0.240,79.5
1341734040,79.5,60,64.4,29.858,5,12,0,0.000,0.000,0.240,0.240,79.5
1341734100,79.5,58,63.4,29.858,5,7,0,0.000,0.000,0.240,0.240,79.5
1341734160,79.5,59,63.9,29.858,5,9,0,0.000,0.000,0.240,0.240,79.5
1341734220,79.5,61,64.9,29.858,3,6,22,0.000,0.000,0.240,0.240,79.5
1341734280,79.6,59,64.0,29.858,3,6,22,0.000,0.000,0.240,0.240,79.6
1341734340,79.6,59,64.0,29.857,5,9,338,0.000,0.000,0.240,0.240,79.6
1341734400,79.6,58,63.5,29.859,6,8,0,0.000,0.000,0.240,0.240,79.6
1341734460,79.6,58,63.5,29.859,5,8,0,0.000,0.000,0.240,0.240,79.6
1341734520,79.6,58,63.5,29.858,3,5,22,0.000,0.000,0.240,0.240,79.6
1341734580,79.6,58,63.5,29.858,3,5,22,0.000,0.000,0.240,0.240,79.6
1341734640,79.6,61,65.0,29.857,2,3,22,0.000,0.000,0.240,0.240,79.6
1341734700,79.7,60,64.6,29.856,3,6,22,0.000,0.000,0.240,0.240,79.7
1341734760,79.7,60,64.6,29.855,3,3,22,0.000,0.000,0.240,0.240,79.7
1341734820,79.8,59,64.2,29.856,3,6,22,0.000,0.000,0.240,0.240,79.8
1341734880,79.9,58,63.8,29.855,1,5,22,0.000,0.000,0.240,0.240,79.9
1341734940,80.0,61,65.3,29.856,3,5,22,0.000,0.000,0.240,0.240,80.0
1341735000,80.0,57,63.4,29.855,3,6,0,0.000,0.000,0.240,0.240,80.0
1341735060,80.1,58,64.0,29.856,3,7,0,0.000,0.000,0.240,0.240,80.1
1341735120,80.1,58,64.0,29.856,5,8,0,0.000,0.000,0.240,0.240,80.1
1341735180,80.1,58,64.0,29.858,7,12,0,0.000,0.000,0.240,0.240,80.1
1341735240,80.0,58,63.9,29.856,3,7,0,0.000,0.000,0.240,0.240,80.0
1341735300,80.0,58,63.9,29.856,3,7,0,0.000,0.000,0.240,0.240,80.0
1341735360,80.0,57,63.4,29.856,3,6,0,0.000,0.000,0.240,0.240,80.0
1341735420,80.0,59,64.4,29.852,2,5,45,0.000,0.000,0.240,0.240,80.0
1341735480,80.0,58,63.9,29.853,3,6,0,0.000,0.000,0.240,0.240,80.0
1341735540,80.0,59,64.4,29.854,3,6,0,0.000,0.000,0.240,0.240,80.0
1341735600,80.0,57,63.4,29.855,6,9,0,0.000,0.000,0.240,0.240,80.0
1341735660,80.0,58,63.9,29.856,3,6,0,0.000,0.000,0.240,0.240,80.0
1341735720,80.0,58,63.9,29.857,3,5,0,0.000,0.000,0.240,0.240,80.0
1341735780,80.0,58,63.9,29.857,6,13,22,0.000,0.000,0.240,0.240,80.0
1341735840,80.0,59,64.4,29.858,5,10,0,0.000,0.000,0.240,0.240,80.0
1341735900,80.1,57,63.5,29.858,5,12,0,0.000,0.000,0.240,0.240,80.1
1341735960,80.2,60,65.1,29.856,5,9,0,0.000,0.000,0.240,0.240,80.2
1341736020,80.2,58,64.1,29.858,6,9,315,0.000,0.000,0.240,0.240,80.2
1341736080,80.3,56,63.2,29.860,8,12,0,0.000,0.000,0.240,0.240,81.7
1341736140,80.2,57,63.6,29.859,5,12,338,0.000,0.000,0.240,0.240,80.2
1341736200,80.3,58,64.2,29.857,7,16,338,0.000,0.000,0.240,0.240,81.9
1341736260,80.2,54,62.0,29.858,9,18,22,0.000,0.000,0.240,0.240,80.2
1341736320,80.2,56,63.1,29.858,6,13,0,0.000,0.000,0.240,0.240,80.2
1341736380,80.2,56,63.1,29.857,6,8,338,0.000,0.000,0.240,0.240,80.2
1341736440,80.2,57,63.6,29.860,7,14,338,0.000,0.000,0.240,0.240,80.2
1341736500,80.2,56,63.1,29.860,6,8,0,0.000,0.000,0.240,0.240,80.2
1341736560,80.2,57,63.6,29.859,7,13,0,0.000,0.000,0.240,0.240,80.2
1341736620,80.3,57,63.7,29.860,7,13,0,0.000,0.000,0.240,0.240,81.8
1341736680,80.3,60,65.1,29.860,3,7,22,0.000,0.000,0.240,0.240,82.2
1341736740,80.4,58,64.3,29.859,3,8,22,0.000,0.000,0.240,0.240,82.1
1341736800,80.4,57,63.8,29.859,7,14,0,0.000,0.000,0.240,0.240,81.9
1341736860,80.4,55,62.8,29.858,9,13,0,0.000,0.000,0.240,0.240,81.7
1341736920,80.4,56,63.3,29.860,6,12,0,0.000,0.000,0.240,0.240,81.8
1341736980,80.4,56,63.3,29.858,3,12,0,0.000,0.000,0.240,0.240,81.8
1341737040,80.3,57,63.7,29.857,3,10,22,0.000,0.000,0.240,0.240,81.8
1341737100,80.4,56,63.3,29.860,7,12,0,0.000,0.000,0.240,0.240,81.8
1341737160,80.4,55,62.8,29.861,7,12,0,0.000,0.000,0.240,0.240,81.7
1341737220,80.4,57,63.8,29.860,5,7,0,0.000,0.000,0.240,0.240,81.9
1341737280,80.3,58,64.2,29.859,3,6,0,0.000,0.000,0.240,0.240,81.9
1341737340,80.4,59,64.8,29.860,2,3,0,0.000,0.000,0.240,0.240,82.2
1341737400,80.4,59,64.8,29.860,3,3,0,0.000,0.000,0.240,0.240,82.2
1341737460,80.4,59,64.8,29.859,3,3,0,0.000,0.000,0.240,0.240,82.2
1341737520,80.5,59,64.9,29.860,2,3,0,0.000,0.000,0.240,0.240,82.3
1341737580,80.5,59,64.9,29.861,2,3,0,0.000,0.000,0.240,0.240,82.3
1341737640,80.6,58,64.5,29.859,3,10,0,0.000,0.000,0.240,0.240,82.3
1341737700,80.6,57,64.0,29.860,7,14,0,0.000,0.000,0.240,0.240,82.2
1341737760,80.7,56,63.5,29.859,5,9,0,0.000,0.000,0.240,0.240,82.2
1341737820,80.7,58,64.5,29.860,6,12,22,0.000,0.000,0.240,0.240,82.4
1341737880,80.7,56,63.5,29.860,3,7,22,0.000,0.000,0.240,0.240,82.2
1341737940,80.7,58,64.5,29.859,3,5,22,0.000,0.000,0.240,0.240,82.4
1341738000,80.7,57,64.1,29.860,3,6,0,0.000,0.000,0.240,0.240,82.3
1341738060,80.7,56,63.5,29.861,3,7,22,0.000,0.000,0.240,0.240,82.2
1341738120,80.7,56,63.5,29.860,5,10,22,0.000,0.000,0.240,0.240,82.2
1341738180,80.7,55,63.0,29.860,7,10,0,0.000,0.000,0.240,0.240,82.0
1341738240,80.7,55,63.0,29.859,9,16,0,0.000,0.000,0.240,0.240,82.0
1341738300,80.6,55,62.9,29.860,9,12,0,0.000,0.000,0.240,0.240,81.9
1341738360,80.5,56,63.4,29.861,8,12,0,0.000,0.000,0.240,0.240,81.9
1341738420,80.5,55,62.8,29.860,9,12,0,0.000,0.000,0.240,0.240,81.8
1341738480,80.5,57,63.9,29.859,5,10,0,0.000,0.000,0.240,0.240,82.1
1341738540,80.5,56,63.4,29.860,8,12,0,0.000,0.000,0.240,0.240,81.9
1341738600,80.5,55,62.8,29.860,8,15,0,0.000,0.000,0.240,0.240,81.8
1341738660,80.5,55,62.8,29.857,7,14,0,0.000,0.000,0.240,0.240,81.8
1341738720,80.5,55,62.8,29.860,10,16,0,0.000,0.000,0.240,0.240,81.8
1341738780,80.4,55,62.8,29.859,8,13,0,0.000,0.000,0.240,0.240,81.7
1341738840,80.4,54,62.2,29.860,14,23,0,0.000,0.000,0.240,0.240,81.6
1341738900,80.3,55,62.7,29.862,9,14,338,0.000,0.000,0.240,0.240,81.6
1341738960,80.3,56,63.2,29.860,8,12,338,0.000,0.000,0.240,0.240,81.7
1341739020,80.3,56,63.2,29.862,8,12,0,0.000,0.000,0.240,0.240,81.7
1341739080,80.3,56,63.2,29.863,9,14,0,0.000,0.000,0.240,0.240,81.7
1341739140,80.4,58,64.3,29.860,6,12,0,0.000,0.000,0.240,0.240,82.1
1341739200,80.5,57,63.9,29.862,8,13,0,0.000,0.000,0.240,0.240,82.1
1341739260,80.6,55,62.9,29.860,7,12,0,0.000,0.000,0.240,0.240,81.9
1341739320,80.7,56,63.5,29.857,6,12,0,0.000,0.000,0.240,0.240,82.2
1341739380,80.9,57,64.2,29.854,5,10,0,0.000,0.000,0.240,0.240,82.5
1341739440,81.1,56,63.9,29.855,3,5,0,0.000,0.000,0.240,0.240,82.6
1341739500,81.2,56,64.0,29.858,5,12,0,0.000,0.000,0.240,0.240,82.7
1341739560,81.3,55,63.6,29.859,7,14,0,0.000,0.000,0.240,0.240,82.7
1341739620,81.4,55,63.7,29.856,3,7,0,0.000,0.000,0.240,0.240,82.8
1341739680,81.4,56,64.2,29.858,7,12,338,0.000,0.000,0.240,0.240,83.0
1341739740,81.2,54,63.0,29.860,8,12,0,0.000,0.000,0.240,0.240,82.5
1341739800,81.1,54,62.9,29.858,10,16,0,0.000,0.000,0.240,0.240,82.3
1341739860,81.1,54,62.9,29.858,9,16,0,0.000,0.000,0.240,0.240,82.3
1341739920,81.1,56,63.9,29.861,6,9,0,0.000,0.000,0.240,0.240,82.6
1341739980,81.1,55,63.4,29.857,3,10,315,0.000,0.000,0.240,0.240,82.5
1341740040,81.1,57,64.4,29.857,3,6,0,0.000,0.000,0.240,0.240,82.8
1341740100,81.2,59,65.5,29.856,2,3,0,0.000,0.000,0.240,0.240,83.2
1341740160,81.4,58,65.2,29.856,5,10,0,0.000,0.000,0.240,0.240,83.3
1341740220,81.4,55,63.7,29.858,6,12,315,0.000,0.000,0.240,0.240,82.8
1341740280,81.5,55,63.8,29.855,3,5,338,0.000,0.000,0.240,0.240,82.9
1341740340,81.5,55,63.8,29.855,3,6,45,0.000,0.000,0.240,0.240,82.9
1341740400,81.5,56,64.3,29.855,3,6,0,0.000,0.000,0.240,0.240,83.1
1341740460,81.6,57,64.9,29.854,3,3,0,0.000,0.000,0.240,0.240,83.4
1341740520,81.6,56,64.4,29.855,3,5,0,0.000,0.000,0.240,0.240,83.2
1341740580,81.5,57,64.8,29.855,5,6,0,0.000,0.000,0.240,0.240,83.3
1341740640,81.6,56,64.4,29.857,3,7,22,0.000,0.000,0.240,0.240,83.2
1341740700,81.6,55,63.9,29.856,3,9,0,0.000,0.000,0.240,0.240,83.1
1341740760,81.6,54,63.3,29.856,7,12,0,0.000,0.000,0.240,0.240,82.9
1341740820,81.6,55,63.9,29.857,6,12,0,0.000,0.000,0.240,0.240,83.1
1341740880,81.6,55,63.9,29.856,3,7,22,0.000,0.000,0.240,0.240,83.1
1341740940,81.6,57,64.9,29.856,2,3,338,0.000,0.000,0.240,0.240,83.4
1341741000,81.7,55,64.0,29.859,5,10,338,0.000,0.000,0.240,0.240,83.2
1341741060,81.7,55,64.0,29.856,3,6,0,0.000,0.000,0.240,0.240,83.2
1341741120,81.7,54,63.4,29.856,3,7,0,0.000,0.000,0.240,0.240,83.0
1341741180,81.8,54,63.5,29.855,3,5,0,0.000,0.000,0.240,0.240,83.2
1341741240,81.7,55,64.0,29.854,3,6,338,0.000,0.000,0.240,0.240,83.2
1341741300,81.7,54,63.4,29.854,3,6,22,0.000,0.000,0.240,0.240,83.0
1341741360,81.6,55,63.9,29.856,3,12,0,0.000,0.000,0.240,0.240,83.1
1341741420,81.4,54,63.2,29.855,5,7,0,0.000,0.000,0.240,0.240,82.7
1341741480,81.3,54,63.1,29.856,3,7,0,0.000,0.000,0.240,0.240,82.6
1341741540,81.1,54,62.9,29.856,5,9,22,0.000,0.000,0.240,0.240,82.3
1341741600,81.1,54,62.9,29.854,8,13,0,0.000,0.000,0.240,0.240,82.3
1341741660,81.0,55,63.3,29.856,6,10,0,0.000,0.000,0.240,0.240,82.4
1341741720,80.9,54,62.7,29.855,7,10,22,0.000,0.000,0.240,0.240,82.1
1341741780,81.0,54,62.8,29.856,6,9,0,0.000,0.000,0.240,0.240,82.2
1341741840,81.1,55,63.4,29.854,7,10,0,0.000,0.000,0.240,0.240,82.5
1341741900,81.2,55,63.5,29.855,5,10,22,0.000,0.000,0.240,0.240,82.6
1341741960,81.3,57,64.6,29.855,5,12,22,0.000,0.000,0.240,0.240,83.0
1341742020,81.4,57,64.7,29.855,3,10,0,0.000,0.000,0.240,0.240,83.1
1341742080,81.6,55,63.9,29.855,5,7,0,0.000,0.000,0.240,0.240,83.1
1341742140,81.7,54,63.4,29.854,3,10,22,0.000,0.000,0.240,0.240,83.0
1341742200,81.9,54,63.6,29.853,3,7,0,0.000,0.000,0.240,0.240,83.3
1341742260,82.0,53,63.2,29.854,5,9,338,0.000,0.000,0.240,0.240,83.2
1341742320,82.1,53,63.3,29.854,7,12,22,0.000,0.000,0.240,0.240,83.3
1341742380,82.2,53,63.4,29.854,8,12,0,0.000,0.000,0.240,0.240,83.5
1341742440,82.3,53,63.5,29.855,6,12,0,0.000,0.000,0.240,0.240,83.6
1341742500,82.4,53,63.5,29.854,6,10,0,0.000,0.000,0.240,0.240,83.7
1341742560,82.5,52,63.1,29.853,6,12,338,0.000,0.000,0.240,0.240,83.7
1341742620,82.6,53,63.7,29.853,6,12,0,0.000,0.000,0.240,0.240,84.0
1341742680,82.6,49,61.5,29.854,12,20,0,0.000,0.000,0.240,0.240,83.3
1341742740,82.5,49,61.4,29.852,6,10,0,0.000,0.000,0.240,0.240,83.2
1341742800,82.6,48,60.9,29.854,6,9,338,0.000,0.000,0.240,0.240,83.1
1341742860,82.6,50,62.1,29.853,6,9,0,0.000,0.000,0.240,0.240,83.4
1341742920,82.7,49,61.6,29.853,6,10,22,0.000,0.000,0.240,0.240,83.4
1341742980,82.7,49,61.6,29.852,6,14,0,0.000,0.000,0.240,0.240,83.4
1341743040,82.5,45,59.0,29.853,15,21,0,0.000,0.000,0.240,0.240,82.6
1341743100,82.4,46,59.5,29.847,12,17,0,0.000,0.000,0.240,0.240,82.6
1341743160,82.2,47,60.0,29.850,8,16,0,0.000,0.000,0.240,0.240,82.5
1341743220,82.1,48,60.5,29.852,12,18,0,0.000,0.000,0.240,0.240,82.6
1341743280,82.1,47,59.9,29.849,10,14,0,0.000,0.000,0.240,0.240,82.4
1341743340,82.0,49,61.0,29.845,8,13,0,0.000,0.000,0.240,0.240,82.6
1341743400,82.0,49,61.0,29.849,9,12,0,0.000,0.000,0.240,0.240,82.6
1341743460,82.1,48,60.5,29.846,7,12,0,0.000,0.000,0.240,0.240,82.6
1341743520,82.2,48,60.6,29.848,5,12,0,0.000,0.000,0.240,0.240,82.7
1341743580,82.2,48,60.6,29.847,8,13,0,0.000,0.000,0.240,0.240,82.7
1341743640,82.3,48,60.6,29.847,8,13,0,0.000,0.000,0.240,0.240,82.8
1341743700,82.4,49,61.3,29.847,7,12,22,0.000,0.000,0.240,0.240,83.0
1341743760,82.5,48,60.8,29.845,6,10,0,0.000,0.000,0.240,0.240,83.0
1341743820,82.6,48,60.9,29.845,8,16,22,0.000,0.000,0.240,0.240,83.1
1341743880,82.6,47,60.3,29.852,12,22,0,0.000,0.000,0.240,0.240,83.0
1341743940,82.5,46,59.6,29.845,9,14,0,0.000,0.000,0.240,0.240,82.7
1341744000,82.5,47,60.2,29.845,8,15,0,0.000,0.000,0.240,0.240,82.8
1341744060,82.5,46,59.6,29.845,10,17,0,0.000,0.000,0.240,0.240,82.7
1341744120,82.4,48,60.7,29.846,8,16,45,0.000,0.000,0.240,0.240,82.9
1341744180,82.4,47,60.1,29.845,8,16,0,0.000,0.000,0.240,0.240,82.7
1341744240,82.4,46,59.5,29.846,12,18,22,0.000,0.000,0.240,0.240,82.6
1341744300,82.4,48,60.7,29.845,5,9,22,0.000,0.000,0.240,0.240,82.9
1341744360,82.5,48,60.8,29.845,8,13,0,0.000,0.000,0.240,0.240,83.0
1341744420,82.5,48,60.8,29.845,9,17,0,0.000,0.000,0.240,0.240,83.0
1341744480,82.5,48,60.8,29.845,13,20,0,0.000,0.000,0.240,0.240,83.0
1341744540,82.4,47,60.1,29.845,12,16,0,0.000,0.000,0.240,0.240,82.7
1341744600,82.3,49,61.2,29.845,6,10,22,0.000,0.000,0.240,0.240,82.9
1341744660,82.4,45,58.9,29.842,9,13,22,0.000,0.000,0.240,0.240,82.5
1341744720,82.4,45,58.9,29.844,8,13,0,0.000,0.000,0.240,0.240,82.5
1341744780,82.4,47,60.1,29.842,12,16,0,0.000,0.000,0.240,0.240,82.7
1341744840,82.3,43,57.6,29.842,12,21,0,0.000,0.000,0.240,0.240,82.1
1341744900,82.2,45,58.7,29.845,12,20,0,0.000,0.000,0.240,0.240,82.3
1341744960,82.2,46,59.4,29.842,7,15,0,0.000,0.000,0.240,0.240,82.4
1341745020,82.2,45,58.7,29.845,10,14,0,0.000,0.000,0.240,0.240,82.3
1341745080,82.2,45,58.7,29.845,10,13,0,0.000,0.000,0.240,0.240,82.3
1341745140,82.2,45,58.7,29.845,7,13,0,0.000,0.000,0.240,0.240,82.3
1341745200,82.3,46,59.4,29.842,6,12,338,0.000,0.000,0.240,0.240,82.5
1341745260,82.4,48,60.7,29.843,8,14,0,0.000,0.000,0.240,0.240,82.9
1341745320,82.5,48,60.8,29.845,6,17,0,0.000,0.000,0.240,0.240,83.0
1341745380,82.6,46,59.7,29.846,14,20,0,0.000,0.000,0.240,0.240,82.8
1341745440,82.6,46,59.7,29.843,10,16,338,0.000,0.000,0.240,0.240,82.8
1341745500,82.5,46,59.6,29.844,12,16,22,0.000,0.000,0.240,0.240,82.7
1341745560,82.5,46,59.6,29.842,10,16,338,0.000,0.000,0.240,0.240,82.7
1341745620,82.4,46,59.5,29.843,10,15,0,0.000,0.000,0.240,0.240,82.6
1341745680,82.4,46,59.5,29.844,9,15,0,0.000,0.000,0.240,0.240,82.6
1341745740,82.4,46,59.5,29.843,8,16,0,0.000,0.000,0.240,0.240,82.6
1341745800,82.4,49,61.3,29.842,6,13,0,0.000,0.000,0.240,0.240,83.0
1341745860,82.5,47,60.2,29.843,7,12,0,0.000,0.000,0.240,0.240,82.8
1341745920,82.7,47,60.4,29.840,7,12,0,0.000,0.000,0.240,0.240,83.1
1341745980,82.8,47,60.5,29.840,6,10,338,0.000,0.000,0.240,0.240,83.2
1341746040,82.9,46,60.0,29.841,8,12,0,0.000,0.000,0.240,0.240,83.1
1341746100,83.0,47,60.7,29.842,8,17,0,0.000,0.000,0.240,0.240,83.4
1341746160,83.1,47,60.8,29.842,9,16,338,0.000,0.000,0.240,0.240,83.5
1341746220,83.1,45,59.6,29.841,9,15,0,0.000,0.000,0.240,0.240,83.2
1341746280,83.1,44,58.9,29.838,8,14,0,0.000,0.000,0.240,0.240,83.0
1341746340,83.1,43,58.3,29.840,15,20,22,0.000,0.000,0.240,0.240,82.9
1341746400,83.0,45,59.5,29.843,8,13,338,0.000,0.000,0.240,0.240,83.1
1341746460,82.9,46,60.0,29.842,6,13,338,0.000,0.000,0.240,0.240,83.1
1341746520,82.9,45,59.4,29.843,12,18,22,0.000,0.000,0.240,0.240,83.0
1341746580,82.9,44,58.7,29.842,12,20,0,0.000,0.000,0.240,0.240,82.8
1341746640,82.7,43,57.9,29.845,13,15,0,0.000,0.000,0.240,0.240,82.5
1341746700,82.6,44,58.5,29.840,12,18,22,0.000,0.000,0.240,0.240,82.5
1341746760,82.5,46,59.6,29.841,6,12,0,0.000,0.000,0.240,0.240,82.7
1341746820,82.5,46,59.6,29.840,6,15,0,0.000,0.000,0.240,0.240,82.7
1341746880,82.6,46,59.7,29.840,9,12,0,0.000,0.000,0.240,0.240,82.8
1341746940,82.7,47,60.4,29.840,7,13,0,0.000,0.000,0.240,0.240,83.1
1341747000,82.7,47,60.4,29.841,7,12,0,0.000,0.000,0.240,0.240,83.1
1341747060,82.9,47,60.6,29.840,7,10,0,0.000,0.000,0.240,0.240,83.3
1341747120,83.0,47,60.7,29.839,7,10,0,0.000,0.000,0.240,0.240,83.4
1341747180,83.1,47,60.8,29.840,9,16,0,0.000,0.000,0.240,0.240,83.5
1341747240,83.2,47,60.9,29.840,7,13,0,0.000,0.000,0.240,0.240,83.6
1341747300,83.2,47,60.9,29.841,5,9,0,0.000,0.000,0.240,0.240,83.6
1341747360,83.4,46,60.4,29.839,3,7,338,0.000,0.000,0.240,0.240,83.7
1341747420,83.5,46,60.5,29.839,7,12,0,0.000,0.000,0.240,0.240,83.8
1341747480,83.6,46,60.6,29.839,5,9,0,0.000,0.000,0.240,0.240,83.9
1341747540,83.6,47,61.2,29.838,6,13,338,0.000,0.000,0.240,0.240,84.1
1341747600,83.7,48,61.9,29.838,5,7,0,0.000,0.000,0.240,0.240,84.4
1341747660,83.8,47,61.4,29.838,3,12,45,0.000,0.000,0.240,0.240,84.3
1341747720,83.9,46,60.9,29.838,6,12,22,0.000,0.000,0.240,0.240,84.2
1341747780,83.9,46,60.9,29.837,3,7,0,0.000,0.000,0.240,0.240,84.2
1341747840,84.0,45,60.4,29.838,5,12,22,0.000,0.000,0.240,0.240,84.1
1341747900,84.1,45,60.5,29.838,3,9,338,0.000,0.000,0.240,0.240,84.3
1341747960,84.2,45,60.6,29.837,5,7,22,0.000,0.000,0.240,0.240,84.4
1341748020,84.2,46,61.2,29.838,6,12,0,0.000,0.000,0.240,0.240,84.6
1341748080,84.3,45,60.6,29.838,7,10,22,0.000,0.000,0.240,0.240,84.5
1341748140,84.2,47,61.8,29.838,3,9,0,0.000,0.000,0.240,0.240,84.8
1341748200,84.3,45,60.6,29.837,3,9,338,0.000,0.000,0.240,0.240,84.5
1341748260,84.3,47,61.9,29.836,2,3,315,0.000,0.000,0.240,0.240,84.9
1341748320,84.4,47,62.0,29.835,3,7,45,0.000,0.000,0.240,0.240,85.0
1341748380,84.4,47,62.0,29.837,3,7,22,0.000,0.000,0.240,0.240,85.0
1341748440,84.5,47,62.1,29.838,3,6,0,0.000,0.000,0.240,0.240,85.1
1341748500,84.6,46,61.5,29.837,8,13,0,0.000,0.000,0.240,0.240,85.0
1341748560,84.6,46,61.5,29.837,5,12,0,0.000,0.000,0.240,0.240,85.0
1341748620,84.5,45,60.8,29.838,6,10,0,0.000,0.000,0.240,0.240,84.7
1341748680,84.5,45,60.8,29.837,6,12,22,0.000,0.000,0.240,0.240,84.7
1341748740,84.4,47,62.0,29.838,8,13,0,0.000,0.000,0.240,0.240,85.0
1341748800,84.3,45,60.6,29.838,7,12,0,0.000,0.000,0.240,0.240,84.5
1341748860,84.2,46,61.2,29.837,7,13,0,0.000,0.000,0.240,0.240,84.6
1341748920,84.2,46,61.2,29.837,6,12,338,0.000,0.000,0.240,0.240,84.6
1341748980,84.2,47,61.8,29.837,3,7,315,0.000,0.000,0.240,0.240,84.8
1341749040,84.2,48,62.4,29.837,3,6,315,0.000,0.000,0.240,0.240,85.0
1341749100,84.3,47,61.9,29.836,3,6,338,0.000,0.000,0.240,0.240,84.9
1341749160,84.3,46,61.3,29.839,8,16,0,0.000,0.000,0.240,0.240,84.7
1341749220,84.4,49,63.2,29.838,5,9,338,0.000,0.000,0.240,0.240,85.4
1341749280,84.4,47,62.0,29.839,6,12,0,0.000,0.000,0.240,0.240,85.0
1341749340,84.4,46,61.4,29.838,7,12,0,0.000,0.000,0.240,0.240,84.8
1341749400,84.4,46,61.4,29.835,7,13,0,0.000,0.000,0.240,0.240,84.8
1341749460,84.4,47,62.0,29.836,3,7,0,0.000,0.000,0.240,0.240,85.0
1341749520,84.4,45,60.7,29.835,6,12,0,0.000,0.000,0.240,0.240,84.6
1341749580,84.3,46,61.3,29.833,5,9,0,0.000,0.000,0.240,0.240,84.7
1341749640,84.4,45,60.7,29.833,3,8,0,0.000,0.000,0.240,0.240,84.6
1341749700,84.4,45,60.7,29.834,6,9,0,0.000,0.000,0.240,0.240,84.6
1341749760,84.4,44,60.1,29.834,5,9,22,0.000,0.000,0.240,0.240,84.4
1341749820,84.4,45,60.7,29.832,3,6,0,0.000,0.000,0.240,0.240,84.6
1341749880,84.5,45,60.8,29.832,3,7,338,0.000,0.000,0.240,0.240,84.7
1341749940,84.5,45,60.8,29.831,3,9,315,0.000,0.000,0.240,0.240,84.7
1341750000,84.6,46,61.5,29.830,5,9,0,0.000,0.000,0.240,0.240,85.0
1341750060,84.7,47,62.2,29.831,3,6,45,0.000,0.000,0.240,0.240,85.4
1341750120,84.7,45,61.0,29.830,5,9,0,0.000,0.000,0.240,0.240,85.0
1341750180,84.8,45,61.1,29.831,6,12,0,0.000,0.000,0.240,0.240,85.1
1341750240,84.8,46,61.7,29.830,3,7,0,0.000,0.000,0.240,0.240,85.3
1341750300,84.8,45,61.1,29.829,6,9,0,0.000,0.000,0.240,0.240,85.1
1341750360,84.8,45,61.1,29.830,3,7,22,0.000,0.000,0.240,0.240,85.1
1341750420,84.9,44,60.6,29.831,9,15,0,0.000,0.000,0.240,0.240,85.0
1341750480,84.8,43,59.8,29.833,13,17,0,0.000,0.000,0.240,0.240,84.7
1341750540,84.5,44,60.2,29.831,10,14,338,0.000,0.000,0.240,0.240,84.5
1341750600,84.4,45,60.7,29.830,6,12,338,0.000,0.000,0.240,0.240,84.6
1341750660,84.3,44,60.0,29.830,8,15,22,0.000,0.000,0.240,0.240,84.3
1341750720,84.2,45,60.6,29.829,12,17,0,0.000,0.000,0.240,0.240,84.4
1341750780,84.1,44,59.8,29.830,7,12,338,0.000,0.000,0.240,0.240,84.1
1341750840,84.0,44,59.7,29.830,9,14,0,0.000,0.000,0.240,0.240,84.0
1341750900,83.9,45,60.3,29.829,8,14,0,0.000,0.000,0.240,0.240,84.0
1341750960,83.9,46,60.9,29.831,6,12,0,0.000,0.000,0.240,0.240,84.2
1341751020,84.0,45,60.4,29.830,8,14,0,0.000,0.000,0.240,0.240,84.1
1341751080,84.0,45,60.4,29.830,5,10,22,0.000,0.000,0.240,0.240,84.1
1341751140,84.1,46,61.1,29.827,9,15,338,0.000,0.000,0.240,0.240,84.4
1341751200,84.1,46,61.1,29.824,6,14,0,0.000,0.000,0.240,0.240,84.4
1341751260,84.1,45,60.5,29.827,8,12,0,0.000,0.000,0.240,0.240,84.3
1341751320,84.1,46,61.1,29.825,7,9,0,0.000,0.000,0.240,0.240,84.4
1341751380,84.2,47,61.8,29.828,6,10,0,0.000,0.000,0.240,0.240,84.8
1341751440,84.1,45,60.5,29.827,5,7,0,0.000,0.000,0.240,0.240,84.3
1341751500,84.1,47,61.7,29.830,5,7,0,0.000,0.000,0.240,0.240,84.6
1341751560,84.0,46,61.0,29.829,3,6,0,0.000,0.000,0.240,0.240,84.3
1341751620,84.0,46,61.0,29.830,3,7,0,0.000,0.000,0.240,0.240,84.3
1341751680,83.9,46,60.9,29.831,3,6,338,0.000,0.000,0.240,0.240,84.2
1341751740,84.0,47,61.6,29.831,7,12,0,0.000,0.000,0.240,0.240,84.5
1341751800,84.0,46,61.0,29.830,3,6,22,0.000,0.000,0.240,0.240,84.3
1341751860,84.1,48,62.3,29.829,5,10,0,0.000,0.000,0.240,0.240,84.8
1341751920,84.2,47,61.8,29.828,3,12,315,0.000,0.000,0.240,0.240,84.8
1341751980,84.3,47,61.9,29.830,3,6,338,0.000,0.000,0.240,0.240,84.9
1341752040,84.4,47,62.0,29.828,6,13,0,0.000,0.000,0.240,0.240,85.0
1341752100,84.4,46,61.4,29.828,6,9,0,0.000,0.000,0.240,0.240,84.8
1341752160,84.4,46,61.4,29.829,5,10,0,0.000,0.000,0.240,0.240,84.8
1341752220,84.3,47,61.9,29.829,5,9,0,0.000,0.000,0.240,0.240,84.9
1341752280,84.3,47,61.9,29.829,5,8,0,0.000,0.000,0.240,0.240,84.9
1341752340,84.3,48,62.5,29.829,2,3,292,0.000,0.000,0.240,0.240,85.1
1341752400,84.3,50,63.6,29.831,3,6,0,0.000,0.000,0.240,0.240,85.5
1341752460,84.4,49,63.2,29.833,3,6,338,0.000,0.000,0.240,0.240,85.4
1341752520,84.4,49,63.2,29.832,3,5,22,0.000,0.000,0.240,0.240,85.4
1341752580,84.5,46,61.4,29.833,6,12,338,0.000,0.000,0.240,0.240,84.9
1341752640,84.5,48,62.7,29.831,3,6,0,0.000,0.000,0.240,0.240,85.3
1341752700,84.5,48,62.7,29.829,5,9,0,0.000,0.000,0.240,0.240,85.3
1341752760,84.5,47,62.1,29.829,6,12,0,0.000,0.000,0.240,0.240,85.1
1341752820,84.5,47,62.1,29.828,7,10,338,0.000,0.000,0.240,0.240,85.1
1341752880,84.4,47,62.0,29.829,8,12,0,0.000,0.000,0.240,0.240,85.0
1341752940,84.3,48,62.5,29.831,7,12,0,0.000,0.000,0.240,0.240,85.1
1341753000,84.2,49,63.0,29.830,3,7,45,0.000,0.000,0.240,0.240,85.2
1341753060,84.2,49,63.0,29.828,5,9,0,0.000,0.000,0.240,0.240,85.2
1341753120,84.3,49,63.1,29.827,3,7,0,0.000,0.000,0.240,0.240,85.3
1341753180,84.3,49,63.1,29.827,3,8,338,0.000,0.000,0.240,0.240,85.3
1341753240,84.3,47,61.9,29.827,3,9,22,0.000,0.000,0.240,0.240,84.9
1341753300,84.4,47,62.0,29.827,3,6,0,0.000,0.000,0.240,0.240,85.0
1341753360,84.4,47,62.0,29.827,6,9,0,0.000,0.000,0.240,0.240,85.0
1341753420,84.4,47,62.0,29.827,6,9,338,0.000,0.000,0.240,0.240,85.0
1341753480,84.4,48,62.6,29.828,5,10,338,0.000,0.000,0.240,0.240,85.2
1341753540,84.4,48,62.6,29.828,5,7,0,0.000,0.000,0.240,0.240,85.2
1341753600,84.4,45,60.7,29.827,7,12,0,0.000,0.000,0.240,0.240,84.6
1341753660,84.3,49,63.1,29.827,3,6,0,0.000,0.000,0.240,0.240,85.3
1341753720,84.3,49,63.1,29.827,3,3,315,0.000,0.000,0.240,0.240,85.3
1341753780,84.4,49,63.2,29.827,3,7,22,0.000,0.000,0.240,0.240,85.4
1341753840,84.4,49,63.2,29.827,6,9,0,0.000,0.000,0.240,0.240,85.4
1341753900,84.5,48,62.7,29.826,6,10,0,0.000,0.000,0.240,0.240,85.3
1341753960,84.5,50,63.8,29.826,3,6,0,0.000,0.000,0.240,0.240,85.8
1341754020,84.6,47,62.1,29.827,3,5,22,0.000,0.000,0.240,0.240,85.2
1341754080,84.7,48,62.8,29.824,3,5,315,0.000,0.000,0.240,0.240,85.6
1341754140,84.8,47,62.3,29.824,3,9,338,0.000,0.000,0.240,0.240,85.5
1341754200,84.8,46,61.7,29.824,7,12,0,0.000,0.000,0.240,0.240,85.3
1341754260,84.8,43,59.8,29.823,9,14,0,0.000,0.000,0.240,0.240,84.7
1341754320,84.8,47,62.3,29.822,5,12,0,0.000,0.000,0.240,0.240,85.5
1341754380,84.8,44,60.5,29.822,3,13,22,0.000,0.000,0.240,0.240,84.9
1341754440,84.8,43,59.8,29.822,5,12,0,0.000,0.000,0.240,0.240,84.7
1341754500,84.9,44,60.6,29.825,3,7,0,0.000,0.000,0.240,0.240,85.0
1341754560,84.8,44,60.5,29.825,7,12,0,0.000,0.000,0.240,0.240,84.9
1341754620,84.9,45,61.2,29.825,3,7,0,0.000,0.000,0.240,0.240,85.2
1341754680,84.9,45,61.2,29.826,3,6,0,0.000,0.000,0.240,0.240,85.2
1341754740,85.0,45,61.3,29.826,6,13,0,0.000,0.000,0.240,0.240,85.3
1341754800,85.0,46,61.9,29.825,3,7,22,0.000,0.000,0.240,0.240,85.5
1341754860,85.0,47,62.5,29.826,5,8,22,0.000,0.000,0.240,0.240,85.8
1341754920,85.0,47,62.5,29.824,5,7,0,0.000,0.000,0.240,0.240,85.8
1341754980,85.0,45,61.3,29.823,2,3,22,0.000,0.000,0.240,0.240,85.3
1341755040,85.1,48,63.2,29.823,3,5,22,0.000,0.000,0.240,0.240,86.1
1341755100,85.2,47,62.7,29.824,2,3,22,0.000,0.000,0.240,0.240,86.0
1341755160,85.3,50,64.6,29.822,3,5,0,0.000,0.000,0.240,0.240,86.9
1341755220,85.4,47,62.9,29.822,3,5,0,0.000,0.000,0.240,0.240,86.3
1341755280,85.4,47,62.9,29.821,5,9,0,0.000,0.000,0.240,0.240,86.3
1341755340,85.5,45,61.7,29.821,6,12,22,0.000,0.000,0.240,0.240,85.9
1341755400,85.5,47,63.0,29.821,3,9,45,0.000,0.000,0.240,0.240,86.4
1341755460,85.5,48,63.6,29.821,3,3,0,0.000,0.000,0.240,0.240,86.6
1341755520,85.5,46,62.4,29.822,3,5,338,0.000,0.000,0.240,0.240,86.2
1341755580,85.6,46,62.4,29.822,3,5,0,0.000,0.000,0.240,0.240,86.3
1341755640,85.6,47,63.1,29.821,3,7,315,0.000,0.000,0.240,0.240,86.5
1341755700,85.6,43,60.5,29.821,6,10,0,0.000,0.000,0.240,0.240,85.6
1341755760,85.5,44,61.1,29.821,6,14,22,0.000,0.000,0.240,0.240,85.7
1341755820,85.5,42,59.8,29.820,5,12,0,0.000,0.000,0.240,0.240,85.3
1341755880,85.4,43,60.4,29.820,6,14,0,0.000,0.000,0.240,0.240,85.4
1341755940,85.3,44,60.9,29.820,5,10,22,0.000,0.000,0.240,0.240,85.5
1341756000,85.2,42,59.5,29.820,8,15,22,0.000,0.000,0.240,0.240,84.9
1341756060,85.0,42,59.3,29.818,8,14,0,0.000,0.000,0.240,0.240,84.7
1341756120,84.9,44,60.6,29.820,6,12,0,0.000,0.000,0.240,0.240,85.0
1341756180,84.8,42,59.2,29.821,6,10,22,0.000,0.000,0.240,0.240,84.5
1341756240,84.7,42,59.1,29.820,5,10,338,0.000,0.000,0.240,0.240,84.4
1341756300,84.6,43,59.6,29.821,6,13,22,0.000,0.000,0.240,0.240,84.4
1341756360,84.6,44,60.3,29.820,3,10,22,0.000,0.000,0.240,0.240,84.6
1341756420,84.7,42,59.1,29.819,5,7,22,0.000,0.000,0.240,0.240,84.4
1341756480,84.7,42,59.1,29.818,3,7,0,0.000,0.000,0.240,0.240,84.4
1341756540,84.7,43,59.7,29.818,7,12,0,0.000,0.000,0.240,0.240,84.6
1341756600,84.7,44,60.4,29.819,6,10,338,0.000,0.000,0.240,0.240,84.7
1341756660,84.7,43,59.7,29.819,7,14,0,0.000,0.000,0.240,0.240,84.6
1341756720,84.6,42,59.0,29.821,10,16,0,0.000,0.000,0.240,0.240,84.3
1341756780,84.5,42,58.9,29.820,10,16,0,0.000,0.000,0.240,0.240,84.1
1341756840,84.2,42,58.6,29.822,7,12,0,0.000,0.000,0.240,0.240,83.8
1341756900,84.1,44,59.8,29.820,3,7,22,0.000,0.000,0.240,0.240,84.1
1341756960,84.0,42,58.4,29.822,7,13,0,0.000,0.000,0.240,0.240,83.6
1341757020,84.0,43,59.1,29.820,5,12,0,0.000,0.000,0.240,0.240,83.8
1341757080,84.0,44,59.7,29.821,5,9,0,0.000,0.000,0.240,0.240,84.0
1341757140,84.0,42,58.4,29.822,8,10,0,0.000,0.000,0.240,0.240,83.6
1341757200,84.0,43,59.1,29.821,6,10,0,0.000,0.000,0.240,0.240,83.8
1341757260,83.9,43,59.0,29.820,7,12,0,0.000,0.000,0.240,0.240,83.7
1341757320,83.9,43,59.0,29.820,7,12,0,0.000,0.000,0.240,0.240,83.7
1341757380,83.9,43,59.0,29.822,7,9,338,0.000,0.000,0.240,0.240,83.7
1341757440,83.8,45,60.2,29.820,5,12,22,0.000,0.000,0.240,0.240,83.9
1341757500,83.9,44,59.7,29.821,3,10,0,0.000,0.000,0.240,0.240,83.9
1341757560,83.9,44,59.7,29.820,6,13,338,0.000,0.000,0.240,0.240,83.9
1341757620,84.0,43,59.1,29.819,6,12,0,0.000,0.000,0.240,0.240,83.8
1341757680,84.0,44,59.7,29.818,5,12,0,0.000,0.000,0.240,0.240,84.0
1341757740,84.1,43,59.2,29.818,7,12,338,0.000,0.000,0.240,0.240,83.9
1341757800,84.0,44,59.7,29.817,6,12,0,0.000,0.000,0.240,0.240,84.0
1341757860,84.0,43,59.1,29.818,3,9,0,0.000,0.000,0.240,0.240,83.8
1341757920,84.0,41,57.8,29.817,7,12,0,0.000,0.000,0.240,0.240,83.4
1341757980,84.0,41,57.8,29.818,6,12,0,0.000,0.000,0.240,0.240,83.4
1341758040,83.9,42,58.3,29.817,3,7,0,0.000,0.000,0.240,0.240,83.5
1341758100,83.9,42,58.3,29.817,3,9,0,0.000,0.000,0.240,0.240,83.5
1341758160,83.9,42,58.3,29.818,3,6,338,0.000,0.000,0.240,0.240,83.5
1341758220,83.8,41,57.6,29.817,3,5,22,0.000,0.000,0.240,0.240,83.2
1341758280,83.9,41,57.7,29.817,3,6,22,0.000,0.000,0.240,0.240,83.3
1341758340,83.9,40,57.0,29.815,6,12,0,0.000,0.000,0.240,0.240,83.2
1341758400,83.9,41,57.7,29.815,6,9,0,0.000,0.000,0.240,0.240,83.3
1341758460,84.0,42,58.4,29.816,3,6,338,0.000,0.000,0.240,0.240,83.6
1341758520,84.0,42,58.4,29.814,3,7,0,0.000,0.000,0.240,0.240,83.6
1341758580,84.0,42,58.4,29.814,5,9,0,0.000,0.000,0.240,0.240,83.6
1341758640,84.0,41,57.8,29.815,3,9,22,0.000,0.000,0.240,0.240,83.4
1341758700,84.1,39,56.5,29.815,8,13,0,0.000,0.000,0.240,0.240,83.2
1341758760,84.1,41,57.9,29.814,6,12,22,0.000,0.000,0.240,0.240,83.6
1341758820,84.0,40,57.1,29.815,3,8,338,0.000,0.000,0.240,0.240,83.3
1341758880,84.0,40,57.1,29.814,3,5,22,0.000,0.000,0.240,0.240,83.3
1341758940,84.0,40,57.1,29.814,5,9,0,0.000,0.000,0.240,0.240,83.3
1341759000,84.0,39,56.4,29.812,6,13,0,0.000,0.000,0.240,0.240,83.1
1341759060,84.0,40,57.1,29.813,2,5,0,0.000,0.000,0.240,0.240,83.3
1341759120,84.0,39,56.4,29.813,5,10,0,0.000,0.000,0.240,0.240,83.1
1341759180,84.0,41,57.8,29.812,5,9,0,0.000,0.000,0.240,0.240,83.4
1341759240,83.9,39,56.3,29.812,5,10,22,0.000,0.000,0.240,0.240,83.0
1341759300,83.9,40,57.0,29.813,3,8,0,0.000,0.000,0.240,0.240,83.2
1341759360,83.9,40,57.0,29.815,6,12,338,0.000,0.000,0.240,0.240,83.2
1341759420,83.8,40,56.9,29.815,6,12,338,0.000,0.000,0.240,0.240,83.1
1341759480,83.7,39,56.1,29.813,6,12,338,0.000,0.000,0.240,0.240,82.8
1341759540,83.7,40,56.8,29.815,5,13,0,0.000,0.000,0.240,0.240,83.0
1341759600,83.6,40,56.7,29.814,3,12,315,0.000,0.000,0.240,0.240,82.9
1341759660,83.6,41,57.4,29.813,2,3,338,0.000,0.000,0.240,0.240,83.0
1341759720,83.6,42,58.1,29.814,3,6,338,0.000,0.000,0.240,0.240,83.2
1341759780,83.6,42,58.1,29.816,5,10,22,0.000,0.000,0.240,0.240,83.2
1341759840,83.6,41,57.4,29.814,3,5,0,0.000,0.000,0.240,0.240,83.0
1341759900,83.6,40,56.7,29.815,3,12,0,0.000,0.000,0.240,0.240,82.9
1341759960,83.6,41,57.4,29.815,5,10,315,0.000,0.000,0.240,0.240,83.0
1341760020,83.6,40,56.7,29.815,3,7,0,0.000,0.000,0.240,0.240,82.9
1341760080,83.6,40,56.7,29.815,3,6,338,0.000,0.000,0.240,0.240,82.9
1341760140,83.6,41,57.4,29.815,2,3,338,0.000,0.000,0.240,0.240,83.0
1341760200,83.6,40,56.7,29.815,3,7,0,0.000,0.000,0.240,0.240,82.9
1341760260,83.6,40,56.7,29.817,3,8,0,0.000,0.000,0.240,0.240,82.9
1341760320,83.6,41,57.4,29.817,5,9,22,0.000,0.000,0.240,0.240,83.0
1341760380,83.6,41,57.4,29.817,5,7,0,0.000,0.000,0.240,0.240,83.0
1341760440,83.6,40,56.7,29.819,3,6,0,0.000,0.000,0.240,0.240,82.9
1341760500,83.6,40,56.7,29.816,3,12,338,0.000,0.000,0.240,0.240,82.9
1341760560,83.5,41,57.3,29.818,7,13,0,0.000,0.000,0.240,0.240,82.9
1341760620,83.4,39,55.8,29.817,5,10,0,0.000,0.000,0.240,0.240,82.6
1341760680,83.3,39,55.8,29.818,7,9,0,0.000,0.000,0.240,0.240,82.5
1341760740,83.2,39,55.7,29.820,7,14,338,0.000,0.000,0.240,0.240,82.4
1341760800,83.1,40,56.3,29.817,6,12,338,0.000,0.000,0.240,0.240,82.4
1341760860,83.0,39,55.5,29.817,5,10,0,0.000,0.000,0.240,0.240,82.2
1341760920,82.9,38,54.7,29.820,10,15,0,0.000,0.000,0.240,0.240,82.0
1341760980,82.8,39,55.3,29.818,6,12,0,0.000,0.000,0.240,0.240,82.0
1341761040,82.7,40,55.9,29.818,3,6,0,0.000,0.000,0.240,0.240,82.1
1341761100,82.6,39,55.1,29.820,6,12,0,0.000,0.000,0.240,0.240,81.8
1341761160,82.6,40,55.8,29.818,7,13,315,0.000,0.000,0.240,0.240,82.0
1341761220,82.5,39,55.0,29.820,3,9,315,0.000,0.000,0.240,0.240,81.8
1341761280,82.5,39,55.0,29.818,3,6,338,0.000,0.000,0.240,0.240,81.8
1341761340,82.4,40,55.7,29.817,3,7,338,0.000,0.000,0.240,0.240,81.8
1341761400,82.4,40,55.7,29.818,3,12,22,0.000,0.000,0.240,0.240,81.8
1341761460,82.5,39,55.0,29.818,3,6,0,0.000,0.000,0.240,0.240,81.8
1341761520,82.4,39,55.0,29.818,3,9,0,0.000,0.000,0.240,0.240,81.7
1341761580,82.4,40,55.7,29.819,3,6,0,0.000,0.000,0.240,0.240,81.8
1341761640,82.5,41,56.4,29.820,3,7,0,0.000,0.000,0.240,0.240,82.0
1341761700,82.5,41,56.4,29.821,3,5,0,0.000,0.000,0.240,0.240,82.0
1341761760,82.5,42,57.1,29.824,3,3,0,0.000,0.000,0.240,0.240,82.1
1341761820,82.6,42,57.2,29.824,3,3,338,0.000,0.000,0.240,0.240,82.2
1341761880,82.6,43,57.8,29.823,3,6,0,0.000,0.000,0.240,0.240,82.4
1341761940,82.6,40,55.8,29.821,3,9,0,0.000,0.000,0.240,0.240,82.0
1341762000,82.5,41,56.4,29.820,3,7,315,0.000,0.000,0.240,0.240,82.0
1341762060,82.5,39,55.0,29.822,8,14,0,0.000,0.000,0.240,0.240,81.8
1341762120,82.4,39,55.0,29.822,5,7,338,0.000,0.000,0.240,0.240,81.7
1341762180,82.4,40,55.7,29.821,3,12,0,0.000,0.000,0.240,0.240,81.8
1341762240,82.3,39,54.9,29.823,6,12,0,0.000,0.000,0.240,0.240,81.6
1341762300,82.3,42,56.9,29.823,3,6,0,0.000,0.000,0.240,0.240,82.0
1341762360,82.1,40,55.4,29.822,3,6,0,0.000,0.000,0.240,0.240,81.5
1341762420,82.1,41,56.1,29.821,3,7,338,0.000,0.000,0.240,0.240,81.7
1341762480,82.1,41,56.1,29.821,3,3,338,0.000,0.000,0.240,0.240,81.7
1341762540,82.0,41,56.0,29.823,3,3,338,0.000,0.000,0.240,0.240,81.6
1341762600,82.0,42,56.6,29.821,3,7,338,0.000,0.000,0.240,0.240,81.7
1341762660,82.0,41,56.0,29.823,7,12,0,0.000,0.000,0.240,0.240,81.6
1341762720,81.9,43,57.2,29.821,3,8,0,0.000,0.000,0.240,0.240,81.7
1341762780,81.9,41,55.9,29.821,5,9,22,0.000,0.000,0.240,0.240,81.5
1341762840,81.9,41,55.9,29.824,5,9,0,0.000,0.000,0.240,0.240,81.5
1341762900,81.8,43,57.1,29.823,2,3,22,0.000,0.000,0.240,0.240,81.6
1341762960,81.8,42,56.5,29.824,3,12,0,0.000,0.000,0.240,0.240,81.5
1341763020,81.7,41,55.7,29.822,6,12,0,0.000,0.000,0.240,0.240,81.3
1341763080,81.7,41,55.7,29.824,5,12,0,0.000,0.000,0.240,0.240,81.3
1341763140,81.6,41,55.6,29.822,6,12,0,0.000,0.000,0.240,0.240,81.2
1341763200,81.6,42,56.3,29.822,5,12,0,0.000,0.000,0.240,0.240,81.3
1341763260,81.5,41,55.5,29.823,6,12,0,0.000,0.000,0.240,0.240,81.1
1341763320,81.4,41,55.4,29.823,3,6,0,0.000,0.000,0.240,0.240,81.1
1341763380,81.3,42,56.0,29.822,3,6,338,0.000,0.000,0.240,0.240,81.1
1341763440,81.3,42,56.0,29.822,2,6,338,0.000,0.000,0.240,0.240,81.1
1341763500,81.2,42,55.9,29.822,6,12,0,0.000,0.000,0.240,0.240,81.0
1341763560,81.2,42,55.9,29.822,3,5,0,0.000,0.000,0.240,0.240,81.0
1341763620,81.2,44,57.2,29.822,3,5,338,0.000,0.000,0.240,0.240,81.2
1341763680,81.1,43,56.5,29.822,2,3,0,0.000,0.000,0.240,0.240,81.0
1341763740,81.1,43,56.5,29.822,3,3,0,0.000,0.000,0.240,0.240,81.0
1341763800,81.1,43,56.5,29.823,0,0,0,0.000,0.000,0.240,0.240,81.0
1341763860,81.1,43,56.5,29.823,0,0,0,0.000,0.000,0.240,0.240,81.0
1341763920,80.9,44,56.9,29.822,2,3,22,0.000,0.000,0.240,0.240,81.0
1341763980,80.9,42,55.7,29.823,5,12,0,0.000,0.000,0.240,0.240,80.8
1341764040,80.8,42,55.6,29.823,5,7,22,0.000,0.000,0.240,0.240,80.7
1341764100,80.8,42,55.6,29.822,3,7,0,0.000,0.000,0.240,0.240,80.7
1341764160,80.7,42,55.5,29.823,3,6,0,0.000,0.000,0.240,0.240,80.6
1341764220,80.7,43,56.1,29.825,3,6,0,0.000,0.000,0.240,0.240,80.7
1341764280,80.7,43,56.1,29.824,0,1,0,0.000,0.000,0.240,0.240,80.7
1341764340,80.7,44,56.8,29.823,2,5,0,0.000,0.000,0.240,0.240,80.8
1341764400,80.7,43,56.1,29.825,3,6,22,0.000,0.000,0.240,0.240,80.7
1341764460,80.6,44,56.7,29.826,2,3,22,0.000,0.000,0.240,0.240,80.7
1341764520,80.6,43,56.0,29.826,2,3,22,0.000,0.000,0.240,0.240,80.6
1341764580,80.6,44,56.7,29.825,3,7,338,0.000,0.000,0.240,0.240,80.7
1341764640,80.6,44,56.7,29.825,2,3,0,0.000,0.000,0.240,0.240,80.7
1341764700,80.6,44,56.7,29.825,1,3,0,0.000,0.000,0.240,0.240,80.7
1341764760,80.5,44,56.6,29.824,1,2,0,0.000,0.000,0.240,0.240,80.6
1341764820,80.5,44,56.6,29.825,2,3,338,0.000,0.000,0.240,0.240,80.6
1341764880,80.5,45,57.2,29.825,2,3,338,0.000,0.000,0.240,0.240,80.7
1341764940,80.5,44,56.6,29.823,3,5,0,0.000,0.000,0.240,0.240,80.6
1341765000,80.5,44,56.6,29.825,1,2,45,0.000,0.000,0.240,0.240,80.6
1341765060,80.4,44,56.5,29.825,3,3,0,0.000,0.000,0.240,0.240,80.6
1341765120,80.4,44,56.5,29.827,2,5,338,0.000,0.000,0.240,0.240,80.6
1341765180,80.4,44,56.5,29.827,2,5,0,0.000,0.000,0.240,0.240,80.6
1341765240,80.3,46,57.6,29.828,2,3,0,0.000,0.000,0.240,0.240,80.7
1341765300,80.3,44,56.4,29.828,3,5,22,0.000,0.000,0.240,0.240,80.5
1341765360,80.2,44,56.3,29.830,2,5,338,0.000,0.000,0.240,0.240,80.2
1341765420,80.2,44,56.3,29.833,3,7,0,0.000,0.000,0.240,0.240,80.2
1341765480,80.1,43,55.6,29.833,3,6,0,0.000,0.000,0.240,0.240,80.1
1341765540,80.0,45,56.7,29.832,1,3,0,0.000,0.000,0.240,0.240,80.0
1341765600,79.9,45,56.7,29.835,1,2,0,0.000,0.000,0.240,0.240,79.9
1341765660,79.8,45,56.6,29.835,0,1,0,0.000,0.000,0.240,0.240,79.8
1341765720,79.8,45,56.6,29.835,2,7,0,0.000,0.000,0.240,0.240,79.8
1341765780,79.7,45,56.5,29.834,3,7,22,0.000,0.000,0.240,0.240,79.7
1341765840,79.6,45,56.4,29.836,1,3,0,0.000,0.000,0.240,0.240,79.6
1341765900,79.5,45,56.3,29.837,2,3,0,0.000,0.000,0.240,0.240,79.5
1341765960,79.5,46,56.9,29.837,2,5,0,0.000,0.000,0.240,0.240,79.5
1341766020,79.4,45,56.2,29.837,2,3,0,0.000,0.000,0.240,0.240,79.4
1341766080,79.3,45,56.1,29.837,1,3,0,0.000,0.000,0.240,0.240,79.3
1341766140,79.2,45,56.0,29.837,2,3,45,0.000,0.000,0.240,0.240,79.2
1341766200,79.1,46,56.5,29.835,2,3,45,0.000,0.000,0.240,0.240,79.1
1341766260,78.9,46,56.4,29.837,2,3,22,0.000,0.000,0.240,0.240,78.9
1341766320,78.8,46,56.3,29.838,2,3,22,0.000,0.000,0.240,0.240,78.8
1341766380,78.7,47,56.8,29.838,1,3,22,0.000,0.000,0.240,0.240,78.7
1341766440,78.7,46,56.2,29.838,1,2,22,0.000,0.000,0.240,0.240,78.7
1341766500,78.5,46,56.0,29.838,0,2,22,0.000,0.000,0.240,0.240,78.5
1341766560,78.4,47,56.5,29.839,1,3,22,0.000,0.000,0.240,0.240,78.4
1341766620,78.3,47,56.4,29.839,1,3,22,0.000,0.000,0.240,0.240,78.3
1341766680,78.3,48,57.0,29.839,0,1,22,0.000,0.000,0.240,0.240,78.3
1341766740,78.2,48,56.9,29.839,1,3,22,0.000,0.000,0.240,0.240,78.2
1341766800,78.1,47,56.2,29.839,0,1,22,0.000,0.000,0.240,0.240,78.1
1341766860,78.1,48,56.8,29.840,0,0,22,0.000,0.000,0.240,0.240,78.1
1341766920,78.0,48,56.7,29.839,0,1,22,0.000,0.000,0.240,0.240,78.0
1341766980,78.0,48,56.7,29.840,0,1,22,0.000,0.000,0.240,0.240,78.0
1341767040,77.9,48,56.6,29.839,0,1,22,0.000,0.000,0.240,0.240,77.9
1341767100,77.8,48,56.5,29.839,1,2,22,0.000,0.000,0.240,0.240,77.8
1341767160,77.8,49,57.1,29.839,0,1,22,0.000,0.000,0.240,0.240,77.8
1341767220,77.7,49,57.0,29.840,0,1,22,0.000,0.000,0.240,0.240,77.7
1341767280,77.6,49,56.9,29.840,1,2,22,0.000,0.000,0.240,0.240,77.6
1341767340,77.6,50,57.5,29.840,0,0,22,0.000,0.000,0.240,0.240,77.6
1341767400,77.5,49,56.8,29.839,0,1,22,0.000,0.000,0.240,0.240,77.5
1341767460,77.4,48,56.2,29.839,0,2,22,0.000,0.000,0.240,0.240,77.4
1341767520,77.3,49,56.6,29.839,0,2,22,0.000,0.000,0.240,0.240,77.3
1341767580,77.2,49,56.6,29.841,0,3,0,0.000,0.000,0.240,0.240,77.2
1341767640,77.1,50,57.0,29.841,0,1,0,0.000,0.000,0.240,0.240,77.1
1341767700,77.0,49,56.4,29.841,1,2,0,0.000,0.000,0.240,0.240,77.0
1341767760,76.8,50,56.8,29.841,0,0,0,0.000,0.000,0.240,0.240,76.8
1341767820,76.7,51,57.2,29.843,0,1,0,0.000,0.000,0.240,0.240,76.7
1341767880,76.6,51,57.1,29.845,1,2,0,0.000,0.000,0.240,0.240,76.6
1341767940,76.4,50,56.4,29.843,0,3,0,0.000,0.000,0.240,0.240,76.4
1341768000,76.3,52,57.4,29.844,0,1,0,0.000,0.000,0.240,0.240,76.3
1341768060,76.2,52,57.3,29.845,0,1,0,0.000,0.000,0.240,0.240,76.2
1341768120,76.1,51,56.7,29.845,0,0,0,0.000,0.000,0.240,0.240,76.1
1341768180,75.9,51,56.5,29.847,0,1,0,0.000,0.000,0.240,0.240,75.9
1341768240,75.8,51,56.4,29.849,2,5,45,0.000,0.000,0.240,0.240,75.8
1341768300,75.7,51,56.3,29.848,1,3,45,0.000,0.000,0.240,0.240,75.7
1341768360,75.5,51,56.1,29.848,0,1,45,0.000,0.000,0.240,0.240,75.5
1341768420,75.4,51,56.0,29.850,3,6,22,0.000,0.000,0.240,0.240,75.4
1341768480,75.3,51,55.9,29.848,2,3,22,0.000,0.000,0.240,0.240,75.3
1341768540,75.2,51,55.8,29.849,1,3,22,0.000,0.000,0.240,0.240,75.2
1341768600,75.1,52,56.3,29.849,1,3,22,0.000,0.000,0.240,0.240,75.1
1341768660,75.0,51,55.6,29.850,1,3,22,0.000,0.000,0.240,0.240,75.0
1341768720,74.9,52,56.1,29.848,1,2,22,0.000,0.000,0.240,0.240,74.9
1341768780,74.9,52,56.1,29.849,1,2,22,0.000,0.000,0.240,0.240,74.9
1341768840,74.8,51,55.5,29.850,1,3,22,0.000,0.000,0.240,0.240,74.8
1341768900,74.7,52,55.9,29.848,0,2,22,0.000,0.000,0.240,0.240,74.7
1341768960,74.7,52,55.9,29.849,0,2,22,0.000,0.000,0.240,0.240,74.7
1341769020,74.6,52,55.8,29.851,0,0,22,0.000,0.000,0.240,0.240,74.6
1341769080,74.5,52,55.7,29.851,0,1,22,0.000,0.000,0.240,0.240,74.5
1341769140,74.5,52,55.7,29.852,0,2,22,0.000,0.000,0.240,0.240,74.5
1341769200,74.4,53,56.2,29.851,1,3,22,0.000,0.000,0.240,0.240,74.4
1341769260,74.3,52,55.5,29.852,1,3,22,0.000,0.000,0.240,0.240,74.3
1341769320,74.3,53,56.1,29.851,0,1,22,0.000,0.000,0.240,0.240,74.3
1341769380,74.2,53,56.0,29.849,0,0,22,0.000,0.000,0.240,0.240,74.2
1341769440,74.1,53,55.9,29.854,0,1,22,0.000,0.000,0.240,0.240,74.1
1341769500,74.1,53,55.9,29.853,0,1,22,0.000,0.000,0.240,0.240,74.1
1341769560,74.0,53,55.8,29.856,0,2,22,0.000,0.000,0.240,0.240,74.0
1341769620,74.0,53,55.8,29.855,0,1,22,0.000,0.000,0.240,0.240,74.0
1341769680,73.9,53,55.7,29.858,0,1,22,0.000,0.000,0.240,0.240,73.9
1341769740,73.9,53,55.7,29.857,0,0,22,0.000,0.000,0.240,0.240,73.9
1341769800,73.8,54,56.1,29.856,0,0,22,0.000,0.000,0.240,0.240,73.8
1341769860,73.8,54,56.1,29.856,0,0,22,0.000,0.000,0.240,0.240,73.8
1341769920,73.7,54,56.0,29.855,0,1,22,0.000,0.000,0.240,0.240,73.7
1341769980,73.6,54,55.9,29.855,0,1,22,0.000,0.000,0.240,0.240,73.6
1341770040,73.6,54,55.9,29.856,0,0,22,0.000,0.000,0.240,0.240,73.6
1341770100,73.5,55,56.3,29.855,0,0,22,0.000,0.000,0.240,0.240,73.5
1341770160,73.5,55,56.3,29.855,0,0,22,0.000,0.000,0.240,0.240,73.5
1341770220,73.4,55,56.2,29.856,0,1,22,0.000,0.000,0.240,0.240,73.4
1341770280,73.4,55,56.2,29.856,0,1,22,0.000,0.000,0.240,0.240,73.4
1341770340,73.3,55,56.2,29.857,0,0,22,0.000,0.000,0.240,0.240,73.3
1341770400,73.2,56,56.6,29.856,0,1,22,0.000,0.000,0.240,0.240,73.2
1341770460,73.1,55,56.0,29.857,1,2,22,0.000,0.000,0.240,0.240,73.1
1341770520,73.1,56,56.5,29.857,0,0,22,0.000,0.000,0.240,0.240,73.1
1341770580,73.0,56,56.4,29.857,0,0,22,0.000,0.000,0.240,0.240,73.0
1341770640,73.0,56,56.4,29.858,0,0,22,0.000,0.000,0.240,0.240,73.0
1341770700,72.9,55,55.8,29.856,1,2,22,0.000,0.000,0.240,0.240,72.9
1341770760,72.8,56,56.2,29.858,0,2,22,0.000,0.000,0.240,0.240,72.8
1341770820,72.8,55,55.7,29.858,1,2,22,0.000,0.000,0.240,0.240,72.8
1341770880,72.7,55,55.6,29.858,1,2,22,0.000,0.000,0.240,0.240,72.7
1341770940,72.7,56,56.1,29.859,0,0,22,0.000,0.000,0.240,0.240,72.7
1341771000,72.6,57,56.5,29.858,0,1,22,0.000,0.000,0.240,0.240,72.6
1341771060,72.6,55,55.5,29.860,0,1,22,0.000,0.000,0.240,0.240,72.6
1341771120,72.5,55,55.4,29.860,1,2,22,0.000,0.000,0.240,0.240,72.5
1341771180,72.5,56,55.9,29.862,1,2,22,0.000,0.000,0.240,0.240,72.5
1341771240,72.4,56,55.8,29.863,0,1,22,0.000,0.000,0.240,0.240,72.4
1341771300,72.4,56,55.8,29.862,1,3,22,0.000,0.000,0.240,0.240,72.4
1341771360,72.4,56,55.8,29.863,1,3,22,0.000,0.000,0.240,0.240,72.4
1341771420,72.3,56,55.7,29.863,0,2,22,0.000,0.000,0.240,0.240,72.3
1341771480,72.3,56,55.7,29.863,2,3,22,0.000,0.000,0.240,0.240,72.3
1341771540,72.2,56,55.6,29.864,1,3,22,0.000,0.000,0.240,0.240,72.2
1341771600,72.2,56,55.6,29.865,1,3,22,0.000,0.000,0.240,0.240,72.2
1341771660,72.2,56,55.6,29.865,0,1,22,0.000,0.000,0.240,0.240,72.2
1341771720,72.2,56,55.6,29.865,0,1,22,0.000,0.000,0.240,0.240,72.2
1341771780,72.2,57,56.1,29.865,0,0,22,0.000,0.000,0.240,0.240,72.2
1341771840,72.1,57,56.0,29.864,0,1,22,0.000,0.000,0.240,0.240,72.1
1341771900,72.1,57,56.0,29.864,0,0,22,0.000,0.000,0.240,0.240,72.1
1341771960,72.1,57,56.0,29.864,1,2,22,0.000,0.000,0.240,0.240,72.1
1341772020,72.0,57,55.9,29.865,1,3,22,0.000,0.000,0.240,0.240,72.0
1341772080,72.0,57,55.9,29.865,0,1,22,0.000,0.000,0.240,0.240,72.0
1341772140,71.9,57,55.8,29.866,0,1,22,0.000,0.000,0.240,0.240,71.9
1341772200,71.9,58,56.3,29.865,0,2,22,0.000,0.000,0.240,0.240,71.9
1341772260,71.8,57,55.7,29.866,0,3,22,0.000,0.000,0.240,0.240,71.8
1341772320,71.8,57,55.7,29.866,0,2,22,0.000,0.000,0.240,0.240,71.8
1341772380,71.8,58,56.2,29.866,0,0,22,0.000,0.000,0.240,0.240,71.8
1341772440,71.7,58,56.1,29.866,1,2,22,0.000,0.000,0.240,0.240,71.7
1341772500,71.7,58,56.1,29.866,0,0,22,0.000,0.000,0.240,0.240,71.7
1341772560,71.6,58,56.0,29.866,1,3,22,0.000,0.000,0.240,0.240,71.6
1341772620,71.6,59,56.5,29.866,0,1,22,0.000,0.000,0.240,0.240,71.6
1341772680,71.5,59,56.4,29.866,1,2,22,0.000,0.000,0.240,0.240,71.5
1341772740,71.5,58,55.9,29.866,0,1,22,0.000,0.000,0.240,0.240,71.5
1341772800,71.5,58,55.9,29.865,1,3,22,0.000,0.000,0.240,0.240,71.5
1341772860,71.4,58,55.9,29.866,1,2,22,0.000,0.000,0.240,0.240,71.4
1341772920,71.4,59,56.3,29.867,0,0,22,0.000,0.000,0.240,0.240,71.4
1341772980,71.4,58,55.9,29.866,0,0,22,0.000,0.000,0.240,0.240,71.4
1341773040,71.3,58,55.8,29.866,0,0,22,0.000,0.000,0.240,0.240,71.3
1341773100,71.3,58,55.8,29.866,0,1,22,0.000,0.000,0.240,0.240,71.3
1341773160,71.3,59,56.2,29.865,0,0,22,0.000,0.000,0.240,0.240,71.3
1341773220,71.3,58,55.8,29.865,0,0,22,0.000,0.000,0.240,0.240,71.3
1341773280,71.3,59,56.2,29.866,0,0,22,0.000,0.000,0.240,0.240,71.3
1341773340,71.3,58,55.8,29.865,0,1,22,0.000,0.000,0.240,0.240,71.3
1341773400,71.3,58,55.8,29.867,0,0,22,0.000,0.000,0.240,0.240,71.3
1341773460,71.2,59,56.1,29.870,0,0,22,0.000,0.000,0.240,0.240,71.2
1341773520,71.2,59,56.1,29.870,0,1,22,0.000,0.000,0.240,0.240,71.2
1341773580,71.2,59,56.1,29.871,0,0,22,0.000,0.000,0.240,0.240,71.2
1341773640,71.1,59,56.0,29.872,0,0,22,0.000,0.000,0.240,0.240,71.1
1341773700,71.1,59,56.0,29.872,0,0,22,0.000,0.000,0.240,0.240,71.1
1341773760,71.1,59,56.0,29.873,0,1,22,0.000,0.000,0.240,0.240,71.1
1341773820,71.0,59,55.9,29.875,0,0,22,0.000,0.000,0.240,0.240,71.0
1341773880,71.0,59,55.9,29.875,0,0,22,0.000,0.000,0.240,0.240,71.0
1341773940,71.0,58,55.5,29.875,0,0,22,0.000,0.000,0.240,0.240,71.0
1341774000,71.0,59,55.9,29.875,0,0,22,0.000,0.000,0.240,0.240,71.0
1341774060,70.9,58,55.4,29.874,1,2,22,0.000,0.000,0.240,0.240,70.9
1341774120,70.9,60,56.3,29.875,0,0,22,0.000,0.000,0.240,0.240,70.9
1341774180,70.9,60,56.3,29.874,0,0,22,0.000,0.000,0.240,0.240,70.9
1341774240,70.9,60,56.3,29.876,0,1,22,0.000,0.000,0.240,0.240,70.9
1341774300,70.8,60,56.2,29.874,0,0,22,0.000,0.000,0.240,0.240,70.8
1341774360,70.8,61,56.7,29.875,0,0,22,0.000,0.000,0.240,0.240,70.8
1341774420,70.8,61,56.7,29.877,0,0,22,0.000,0.000,0.240,0.240,70.8
1341774480,70.8,61,56.7,29.877,0,0,22,0.000,0.000,0.240,0.240,70.8
1341774540,70.7,61,56.6,29.877,0,0,22,0.000,0.000,0.240,0.240,70.7
1341774600,70.7,61,56.6,29.877,0,0,22,0.000,0.000,0.240,0.240,70.7
1341774660,70.6,61,56.5,29.876,0,0,22,0.000,0.000,0.240,0.240,70.6
1341774720,70.6,60,56.0,29.876,0,0,22,0.000,0.000,0.240,0.240,70.6
1341774780,70.6,60,56.0,29.876,0,0,22,0.000,0.000,0.240,0.240,70.6
1341774840,70.5,60,55.9,29.876,0,0,22,0.000,0.000,0.240,0.240,70.5
1341774900,70.5,60,55.9,29.876,0,0,22,0.000,0.000,0.240,0.240,70.5
1341774960,70.4,60,55.8,29.876,0,0,22,0.000,0.000,0.240,0.240,70.4
1341775020,70.4,59,55.4,29.877,0,2,22,0.000,0.000,0.240,0.240,70.4
1341775080,70.4,59,55.4,29.878,0,2,22,0.000,0.000,0.240,0.240,70.4
1341775140,70.4,58,54.9,29.878,0,0,22,0.000,0.000,0.240,0.240,70.4
1341775200,70.4,58,54.9,29.877,0,0,22,0.000,0.000,0.240,0.240,70.4
1341775260,70.4,59,55.4,29.880,1,3,0,0.000,0.000,0.240,0.240,70.4
1341775320,70.4,57,54.4,29.878,1,3,0,0.000,0.000,0.240,0.240,70.4
1341775380,70.4,57,54.4,29.878,1,2,0,0.000,0.000,0.240,0.240,70.4
1341775440,70.5,57,54.5,29.880,1,3,22,0.000,0.000,0.240,0.240,70.5
1341775500,70.5,57,54.5,29.878,1,3,22,0.000,0.000,0.240,0.240,70.5
1341775560,70.6,57,54.6,29.880,2,3,22,0.000,0.000,0.240,0.240,70.6
1341775620,70.6,57,54.6,29.883,0,0,22,0.000,0.000,0.240,0.240,70.6
1341775680,70.7,57,54.7,29.883,1,5,22,0.000,0.000,0.240,0.240,70.7
1341775740,70.7,57,54.7,29.884,0,1,22,0.000,0.000,0.240,0.240,70.7
1341775800,70.8,57,54.8,29.883,1,3,22,0.000,0.000,0.240,0.240,70.8
1341775860,70.8,57,54.8,29.885,2,3,22,0.000,0.000,0.240,0.240,70.8
1341775920,70.8,58,55.3,29.885,2,3,22,0.000,0.000,0.240,0.240,70.8
1341775980,70.7,58,55.2,29.886,1,2,22,0.000,0.000,0.240,0.240,70.7
1341776040,70.7,58,55.2,29.886,0,2,22,0.000,0.000,0.240,0.240,70.7
1341776100,70.6,58,55.1,29.886,2,3,22,0.000,0.000,0.240,0.240,70.6
1341776160,70.6,58,55.1,29.886,0,1,22,0.000,0.000,0.240,0.240,70.6
1341776220,70.5,58,55.0,29.886,1,3,22,0.000,0.000,0.240,0.240,70.5
1341776280,70.5,58,55.0,29.886,0,0,22,0.000,0.000,0.240,0.240,70.5
1341776340,70.4,58,54.9,29.888,0,1,22,0.000,0.000,0.240,0.240,70.4
1341776400,70.4,58,54.9,29.888,0,1,22,0.000,0.000,0.240,0.240,70.4
1341776460,70.3,58,54.8,29.890,0,1,22,0.000,0.000,0.240,0.240,70.3
1341776520,70.3,58,54.8,29.889,1,3,22,0.000,0.000,0.240,0.240,70.3
1341776580,70.2,58,54.7,29.889,0,1,22,0.000,0.000,0.240,0.240,70.2
1341776640,70.2,58,54.7,29.891,1,3,22,0.000,0.000,0.240,0.240,70.2
1341776700,70.2,58,54.7,29.888,1,3,22,0.000,0.000,0.240,0.240,70.2
1341776760,70.2,58,54.7,29.888,0,0,22,0.000,0.000,0.240,0.240,70.2
1341776820,70.1,58,54.6,29.888,0,0,22,0.000,0.000,0.240,0.240,70.1
1341776880,70.1,58,54.6,29.887,0,0,22,0.000,0.000,0.240,0.240,70.1
1341776940,70.1,58,54.6,29.888,1,3,22,0.000,0.000,0.240,0.240,70.1
1341777000,70.1,58,54.6,29.886,0,0,22,0.000,0.000,0.240,0.240,70.1
1341777060,70.1,58,54.6,29.886,0,1,22,0.000,0.000,0.240,0.240,70.1
1341777120,70.0,58,54.5,29.886,0,1,22,0.000,0.000,0.240,0.240,70.0
1341777180,70.0,59,55.0,29.886,0,1,22,0.000,0.000,0.240,0.240,70.0
1341777240,70.0,59,55.0,29.885,0,0,22,0.000,0.000,0.240,0.240,70.0
1341777300,70.0,58,54.5,29.885,0,0,22,0.000,0.000,0.240,0.240,70.0
1341777360,70.0,59,55.0,29.885,1,2,22,0.000,0.000,0.240,0.240,70.0
1341777420,70.0,58,54.5,29.886,0,1,22,0.000,0.000,0.240,0.240,70.0
1341777480,69.9,58,54.4,29.884,1,3,0,0.000,0.000,0.240,0.240,69.9
1341777540,69.9,58,54.4,29.885,0,0,0,0.000,0.000,0.240,0.240,69.9
1341777600,69.9,59,54.9,29.887,0,0,0,0.000,0.000,0.240,0.240,69.9
1341777660,69.9,59,54.9,29.887,0,0,0,0.000,0.000,0.240,0.240,69.9
1341777720,69.9,59,54.9,29.886,0,0,0,0.000,0.000,0.240,0.240,69.9
1341777780,69.8,61,55.7,29.887,0,0,0,0.000,0.000,0.240,0.240,69.8
1341777840,69.8,60,55.3,29.888,0,1,0,0.000,0.000,0.240,0.240,69.8
1341777900,69.8,60,55.3,29.888,0,0,0,0.000,0.000,0.240,0.240,69.8
1341777960,69.8,61,55.7,29.889,0,0,0,0.000,0.000,0.240,0.240,69.8
1341778020,69.7,61,55.6,29.890,0,0,0,0.000,0.000,0.240,0.240,69.7
1341778080,69.7,60,55.2,29.891,0,0,0,0.000,0.000,0.240,0.240,69.7
1341778140,69.6,60,55.1,29.891,0,0,0,0.000,0.000,0.240,0.240,69.6
1341778200,69.6,61,55.6,29.893,0,0,0,0.000,0.000,0.240,0.240,69.6
1341778260,69.5,61,55.5,29.892,0,1,0,0.000,0.000,0.240,0.240,69.5
1341778320,69.4,61,55.4,29.894,1,3,0,0.000,0.000,0.240,0.240,69.4
1341778380,69.4,61,55.4,29.892,0,0,0,0.000,0.000,0.240,0.240,69.4
1341778440,69.3,62,55.7,29.891,1,2,0,0.000,0.000,0.240,0.240,69.3
1341778500,69.2,62,55.6,29.893,0,0,0,0.000,0.000,0.240,0.240,69.2
1341778560,69.1,62,55.5,29.891,0,0,0,0.000,0.000,0.240,0.240,69.1
1341778620,69.1,62,55.5,29.891,0,0,0,0.000,0.000,0.240,0.240,69.1
1341778680,69.0,62,55.4,29.894,0,0,0,0.000,0.000,0.240,0.240,69.0
1341778740,69.0,62,55.4,29.894,0,0,0,0.000,0.000,0.240,0.240,69.0
1341778800,68.9,62,55.3,29.894,0,0,0,0.000,0.000,0.240,0.240,68.9
1341778860,68.9,63,55.8,29.893,0,0,0,0.000,0.000,0.240,0.240,68.9
1341778920,68.8,63,55.7,29.895,0,0,0,0.000,0.000,0.240,0.240,68.8
1341778980,68.8,62,55.2,29.895,0,0,0,0.000,0.000,0.240,0.240,68.8
1341779040,68.7,61,54.7,29.896,0,0,0,0.000,0.000,0.240,0.240,68.7
1341779100,68.7,61,54.7,29.897,0,0,0,0.000,0.000,0.240,0.240,68.7
1341779160,68.7,61,54.7,29.898,0,0,0,0.000,0.000,0.240,0.240,68.7
1341779220,68.6,61,54.6,29.898,0,0,0,0.000,0.000,0.240,0.240,68.6
1341779280,68.6,60,54.2,29.899,0,0,0,0.000,0.000,0.240,0.240,68.6
1341779340,68.6,60,54.2,29.899,0,0,0,0.000,0.000,0.240,0.240,68.6
1341779400,68.5,60,54.1,29.899,0,0,0,0.000,0.000,0.240,0.240,68.5
1341779460,68.5,59,53.6,29.899,0,1,0,0.000,0.000,0.240,0.240,68.5
1341779520,68.5,60,54.1,29.901,0,0,0,0.000,0.000,0.240,0.240,68.5
1341779580,68.5,59,53.6,29.900,0,0,0,0.000,0.000,0.240,0.240,68.5
1341779640,68.6,60,54.2,29.900,0,0,0,0.000,0.000,0.240,0.240,68.6
1341779700,68.5,59,53.6,29.901,0,1,0,0.000,0.000,0.240,0.240,68.5
1341779760,68.6,60,54.2,29.901,0,0,0,0.000,0.000,0.240,0.240,68.6
1341779820,68.6,60,54.2,29.900,0,2,0,0.000,0.000,0.240,0.240,68.6
1341779880,68.6,61,54.6,29.901,0,0,0,0.000,0.000,0.240,0.240,68.6
1341779940,68.6,60,54.2,29.901,0,0,0,0.000,0.000,0.240,0.240,68.6
1341780000,68.6,60,54.2,29.900,0,1,0,0.000,0.000,0.240,0.240,68.6
1341780060,68.5,61,54.5,29.899,0,0,0,0.000,0.000,0.240,0.240,68.5
1341780120,68.5,61,54.5,29.899,0,0,0,0.000,0.000,0.240,0.240,68.5
1341780180,68.5,61,54.5,29.900,0,0,0,0.000,0.000,0.240,0.240,68.5
1341780240,68.5,61,54.5,29.900,0,0,0,0.000,0.000,0.240,0.240,68.5
1341780300,68.5,60,54.1,29.900,0,1,0,0.000,0.000,0.240,0.240,68.5
1341780360,68.4,60,54.0,29.900,0,0,0,0.000,0.000,0.240,0.240,68.4
1341780420,68.4,60,54.0,29.900,1,3,0,0.000,0.000,0.240,0.240,68.4
1341780480,68.4,60,54.0,29.901,0,1,0,0.000,0.000,0.240,0.240,68.4
1341780540,68.3,60,53.9,29.901,0,2,0,0.000,0.000,0.240,0.240,68.3
1341780600,68.3,60,53.9,29.902,0,0,0,0.000,0.000,0.240,0.240,68.3
1341780660,68.3,60,53.9,29.903,0,0,0,0.000,0.000,0.240,0.240,68.3
1341780720,68.3,61,54.3,29.902,0,1,0,0.000,0.000,0.240,0.240,68.3
1341780780,68.3,61,54.3,29.900,0,0,0,0.000,0.000,0.240,0.240,68.3
1341780840,68.3,61,54.3,29.901,0,0,0,0.000,0.000,0.240,0.240,68.3
1341780900,68.3,60,53.9,29.900,0,0,0,0.000,0.000,0.240,0.240,68.3
1341780960,68.3,60,53.9,29.899,0,0,0,0.000,0.000,0.240,0.240,68.3
1341781020,68.3,61,54.3,29.899,0,0,0,0.000,0.000,0.240,0.240,68.3
1341781080,68.3,61,54.3,29.900,0,0,0,0.000,0.000,0.240,0.240,68.3
1341781140,68.2,61,54.2,29.898,0,1,0,0.000,0.000,0.240,0.240,68.2
1341781200,68.2,61,54.2,29.898,0,0,0,0.000,0.000,0.240,0.240,68.2
1341781260,68.2,61,54.2,29.897,0,1,0,0.000,0.000,0.240,0.240,68.2
1341781320,68.2,61,54.2,29.898,0,0,0,0.000,0.000,0.240,0.240,68.2
1341781380,68.1,61,54.1,29.899,0,0,0,0.000,0.000,0.240,0.240,68.1
1341781440,68.1,62,54.6,29.900,0,0,0,0.000,0.000,0.240,0.240,68.1
1341781500,68.1,64,55.5,29.902,0,0,0,0.000,0.000,0.240,0.240,68.1
1341781560,68.0,63,54.9,29.902,0,0,0,0.000,0.000,0.240,0.240,68.0
1341781620,68.0,65,55.8,29.903,0,0,0,0.000,0.000,0.240,0.240,68.0
1341781680,67.9,64,55.3,29.904,0,0,0,0.000,0.000,0.240,0.240,67.9
1341781740,67.8,65,55.6,29.905,0,0,0,0.000,0.000,0.240,0.240,67.8
1341781800,67.7,64,55.1,29.904,0,1,0,0.000,0.000,0.240,0.240,67.7
1341781860,67.6,64,55.0,29.905,0,1,0,0.000,0.000,0.240,0.240,67.6
1341781920,67.4,64,54.8,29.906,0,0,0,0.000,0.000,0.240,0.240,67.4
1341781980,67.3,64,54.7,29.908,0,1,0,0.000,0.000,0.240,0.240,67.3
1341782040,67.2,64,54.6,29.909,0,1,0,0.000,0.000,0.240,0.240,67.2
1341782100,67.0,65,54.8,29.910,0,1,0,0.000,0.000,0.240,0.240,67.0
1341782160,66.9,65,54.7,29.910,1,2,0,0.000,0.000,0.240,0.240,66.9
1341782220,66.7,64,54.1,29.910,0,0,0,0.000,0.000,0.240,0.240,66.7
1341782280,66.6,65,54.5,29.909,0,0,0,0.000,0.000,0.240,0.240,66.6
1341782340,66.6,65,54.5,29.910,0,0,0,0.000,0.000,0.240,0.240,66.6
1341782400,66.5,65,54.4,29.910,0,0,0,0.000,0.000,0.240,0.240,66.5
1341782460,66.5,65,54.4,29.912,0,0,0,0.000,0.000,0.240,0.240,66.5
1341782520,66.4,65,54.3,29.911,0,0,0,0.000,0.000,0.240,0.240,66.4
1341782580,66.3,65,54.2,29.911,0,0,0,0.000,0.000,0.240,0.240,66.3
1341782640,66.3,65,54.2,29.911,0,0,0,0.000,0.000,0.240,0.240,66.3
1341782700,66.3,64,53.8,29.910,0,0,0,0.000,0.000,0.240,0.240,66.3
1341782760,66.2,64,53.7,29.910,0,0,0,0.000,0.000,0.240,0.240,66.2
1341782820,66.2,64,53.7,29.910,0,0,0,0.000,0.000,0.240,0.240,66.2
1341782880,66.1,64,53.6,29.910,0,0,0,0.000,0.000,0.240,0.240,66.1
1341782940,66.1,64,53.6,29.911,0,0,0,0.000,0.000,0.240,0.240,66.1
1341783000,66.1,64,53.6,29.909,0,0,0,0.000,0.000,0.240,0.240,66.1
1341783060,66.1,64,53.6,29.910,0,0,0,0.000,0.000,0.240,0.240,66.1
1341783120,66.1,64,53.6,29.908,0,0,0,0.000,0.000,0.240,0.240,66.1
1341783180,66.1,64,53.6,29.908,0,0,0,0.000,0.000,0.240,0.240,66.1
1341783240,66.1,64,53.6,29.908,0,0,0,0.000,0.000,0.240,0.240,66.1
1341783300,66.1,65,54.0,29.907,0,0,0,0.000,0.000,0.240,0.240,66.1
1341783360,66.1,64,53.6,29.908,0,0,0,0.000,0.000,0.240,0.240,66.1
1341783420,66.1,64,53.6,29.908,0,0,0,0.000,0.000,0.240,0.240,66.1
1341783480,66.1,64,53.6,29.908,0,1,0,0.000,0.000,0.240,0.240,66.1
1341783540,66.2,65,54.1,29.907,0,0,0,0.000,0.000,0.240,0.240,66.2
1341783600,66.3,65,54.2,29.905,0,1,0,0.000,0.000,0.240,0.240,66.3
1341783660,66.3,65,54.2,29.903,0,0,0,0.000,0.000,0.240,0.240,66.3
1341783720,66.3,64,53.8,29.905,0,1,0,0.000,0.000,0.240,0.240,66.3
1341783780,66.3,64,53.8,29.905,0,0,0,0.000,0.000,0.240,0.240,66.3
1341783840,66.4,64,53.8,29.905,0,0,0,0.000,0.000,0.240,0.240,66.4
1341783900,66.4,64,53.8,29.906,0,0,0,0.000,0.000,0.240,0.240,66.4
1341783960,66.4,64,53.8,29.906,0,0,0,0.000,0.000,0.240,0.240,66.4
1341784020,66.4,64,53.8,29.906,0,0,0,0.000,0.000,0.240,0.240,66.4
1341784080,66.4,64,53.8,29.907,0,0,0,0.000,0.000,0.240,0.240,66.4
1341784140,66.5,64,53.9,29.907,0,0,0,0.000,0.000,0.240,0.240,66.5
1341784200,66.5,64,53.9,29.906,0,0,0,0.000,0.000,0.240,0.240,66.5
1341784260,66.4,64,53.8,29.907,0,0,0,0.000,0.000,0.240,0.240,66.4
1341784320,66.4,64,53.8,29.905,0,0,0,0.000,0.000,0.240,0.240,66.4
1341784380,66.4,65,54.3,29.905,0,0,0,0.000,0.000,0.240,0.240,66.4
1341784440,66.4,64,53.8,29.908,0,0,0,0.000,0.000,0.240,0.240,66.4
1341784500,66.3,64,53.8,29.906,0,0,0,0.000,0.000,0.240,0.240,66.3
1341784560,66.3,64,53.8,29.909,0,0,0,0.000,0.000,0.240,0.240,66.3
1341784620,66.3,64,53.8,29.908,0,0,0,0.000,0.000,0.240,0.240,66.3
1341784680,66.3,64,53.8,29.909,0,0,0,0.000,0.000,0.240,0.240,66.3
1341784740,66.2,65,54.1,29.907,0,0,0,0.000,0.000,0.240,0.240,66.2
1341784800,66.2,65,54.1,29.905,0,0,0,0.000,0.000,0.240,0.240,66.2
1341784860,66.1,65,54.0,29.904,0,0,0,0.000,0.000,0.240,0.240,66.1
1341784920,66.1,65,54.0,29.904,0,0,0,0.000,0.000,0.240,0.240,66.1
1341784980,66.0,65,53.9,29.904,0,0,0,0.000,0.000,0.240,0.240,66.0
1341785040,66.0,65,53.9,29.905,0,0,0,0.000,0.000,0.240,0.240,66.0
1341785100,65.9,65,53.8,29.902,0,0,0,0.000,0.000,0.240,0.240,65.9
1341785160,65.9,65,53.8,29.904,0,0,0,0.000,0.000,0.240,0.240,65.9
1341785220,65.8,65,53.7,29.904,0,0,0,0.000,0.000,0.240,0.240,65.8
1341785280,65.8,66,54.1,29.905,0,0,0,0.000,0.000,0.240,0.240,65.8
1341785340,65.7,66,54.0,29.905,0,0,0,0.000,0.000,0.240,0.240,65.7
1341785400,65.6,66,53.9,29.905,0,0,0,0.000,0.000,0.240,0.240,65.6
1341785460,65.6,66,53.9,29.903,0,0,0,0.000,0.000,0.240,0.240,65.6
1341785520,65.5,66,53.8,29.903,0,0,0,0.000,0.000,0.240,0.240,65.5
1341785580,65.5,66,53.8,29.903,0,0,0,0.000,0.000,0.240,0.240,65.5
1341785640,65.4,66,53.7,29.903,0,0,0,0.000,0.000,0.240,0.240,65.4
1341785700,65.4,66,53.7,29.904,0,0,0,0.000,0.000,0.240,0.240,65.4
1341785760,65.3,66,53.6,29.905,0,0,0,0.000,0.000,0.240,0.240,65.3
1341785820,65.2,67,54.0,29.906,0,0,0,0.000,0.000,0.240,0.240,65.2
1341785880,65.2,67,54.0,29.904,0,0,0,0.000,0.000,0.240,0.240,65.2
1341785940,65.1,67,53.9,29.904,0,0,0,0.000,0.000,0.240,0.240,65.1
1341786000,65.0,67,53.8,29.905,0,0,0,0.000,0.000,0.240,0.240,65.0
1341786060,65.0,67,53.8,29.904,0,0,0,0.000,0.000,0.240,0.240,65.0
1341786120,64.9,67,53.7,29.905,0,0,0,0.000,0.000,0.240,0.240,64.9
1341786180,64.9,68,54.1,29.904,0,0,0,0.000,0.000,0.240,0.240,64.9
1341786240,64.9,68,54.1,29.906,0,0,0,0.000,0.000,0.240,0.240,64.9
1341786300,64.8,68,54.0,29.906,0,0,0,0.000,0.000,0.240,0.240,64.8
1341786360,64.7,68,53.9,29.907,0,0,0,0.000,0.000,0.240,0.240,64.7
1341786420,64.7,69,54.3,29.908,0,0,0,0.000,0.000,0.240,0.240,64.7
1341786480,64.6,69,54.2,29.909,0,0,0,0.000,0.000,0.240,0.240,64.6
1341786540,64.6,70,54.6,29.912,0,0,0,0.000,0.000,0.240,0.240,64.6
1341786600,64.5,70,54.5,29.909,0,0,0,0.000,0.000,0.240,0.240,64.5
1341786660,64.5,70,54.5,29.909,0,0,0,0.000,0.000,0.240,0.240,64.5
1341786720,64.4,70,54.4,29.911,0,0,0,0.000,0.000,0.240,0.240,64.4
1341786780,64.3,70,54.3,29.909,0,0,0,0.000,0.000,0.240,0.240,64.3
1341786840,64.3,70,54.3,29.909,0,0,0,0.000,0.000,0.240,0.240,64.3
1341786900,64.2,70,54.2,29.908,0,0,0,0.000,0.000,0.240,0.240,64.2
1341786960,64.2,70,54.2,29.907,0,0,0,0.000,0.000,0.240,0.240,64.2
1341787020,64.1,70,54.1,29.906,0,0,0,0.000,0.000,0.240,0.240,64.1
1341787080,64.1,70,54.1,29.906,0,0,0,0.000,0.000,0.240,0.240,64.1
1341787140,64.0,71,54.4,29.906,0,0,0,0.000,0.000,0.240,0.240,64.0
1341787200,64.0,71,54.4,29.906,0,0,0,0.000,0.000,0.240,0.240,64.0
1341787260,63.9,71,54.3,29.906,0,0,0,0.000,0.000,0.240,0.240,63.9
1341787320,63.8,71,54.2,29.906,0,0,0,0.000,0.000,0.240,0.240,63.8
1341787380,63.8,71,54.2,29.904,0,0,0,0.000,0.000,0.240,0.240,63.8
1341787440,63.7,71,54.1,29.903,0,0,0,0.000,0.000,0.240,0.240,63.7
1341787500,63.6,71,54.0,29.904,0,0,0,0.000,0.000,0.240,0.240,63.6
1341787560,63.5,71,53.9,29.904,0,0,0,0.000,0.000,0.240,0.240,63.5
1341787620,63.5,72,54.3,29.905,0,0,0,0.000,0.000,0.240,0.240,63.5
1341787680,63.4,73,54.6,29.906,0,0,0,0.000,0.000,0.240,0.240,63.4
1341787740,63.4,73,54.6,29.906,0,0,0,0.000,0.000,0.240,0.240,63.4
1341787800,63.4,73,54.6,29.908,0,0,0,0.000,0.000,0.240,0.240,63.4
1341787860,63.3,74,54.9,29.906,0,0,0,0.000,0.000,0.240,0.240,63.3
1341787920,63.3,74,54.9,29.906,0,0,0,0.000,0.000,0.240,0.240,63.3
1341787980,63.3,74,54.9,29.907,0,0,0,0.000,0.000,0.240,0.240,63.3
1341788040,63.2,74,54.8,29.907,0,0,0,0.000,0.000,0.240,0.240,63.2
1341788100,63.2,74,54.8,29.907,0,0,0,0.000,0.000,0.240,0.240,63.2
1341788160,63.2,75,55.1,29.908,0,1,0,0.000,0.000,0.240,0.240,63.2
1341788220,63.1,75,55.0,29.910,0,0,0,0.000,0.000,0.240,0.240,63.1
1341788280,63.1,75,55.0,29.911,0,1,0,0.000,0.000,0.240,0.240,63.1
1341788340,63.1,75,55.0,29.911,0,0,0,0.000,0.000,0.240,0.240,63.1
1341788400,63.0,75,54.9,29.912,0,0,0,0.000,0.000,0.240,0.240,63.0
1341788460,63.0,75,54.9,29.912,0,0,0,0.000,0.000,0.240,0.240,63.0
1341788520,63.0,76,55.3,29.912,0,1,0,0.000,0.000,0.240,0.240,63.0
1341788580,62.9,76,55.2,29.912,0,0,0,0.000,0.000,0.240,0.240,62.9
1341788640,62.9,76,55.2,29.912,0,0,0,0.000,0.000,0.240,0.240,62.9
1341788700,62.8,76,55.1,29.911,0,0,0,0.000,0.000,0.240,0.240,62.8
1341788760,62.8,76,55.1,29.911,0,0,0,0.000,0.000,0.240,0.240,62.8
1341788820,62.7,76,55.0,29.912,0,0,0,0.000,0.000,0.240,0.240,62.7
1341788880,62.7,76,55.0,29.911,0,0,0,0.000,0.000,0.240,0.240,62.7
1341788940,62.6,76,54.9,29.912,0,0,0,0.000,0.000,0.240,0.240,62.6
1341789000,62.5,76,54.8,29.911,0,0,0,0.000,0.000,0.240,0.240,62.5
1341789060,62.5,76,54.8,29.911,0,0,0,0.000,0.000,0.240,0.240,62.5
1341789120,62.4,76,54.7,29.911,0,0,0,0.000,0.000,0.240,0.240,62.4
1341789180,62.4,76,54.7,29.910,0,0,0,0.000,0.000,0.240,0.240,62.4
1341789240,62.3,77,55.0,29.909,0,0,0,0.000,0.000,0.240,0.240,62.3
1341789300,62.3,77,55.0,29.910,0,0,0,0.000,0.000,0.240,0.240,62.3
1341789360,62.2,77,54.9,29.910,0,0,0,0.000,0.000,0.240,0.240,62.2
1341789420,62.2,77,54.9,29.910,0,0,0,0.000,0.000,0.240,0.240,62.2
1341789480,62.1,77,54.8,29.911,0,0,0,0.000,0.000,0.240,0.240,62.1
1341789540,62.1,77,54.8,29.912,0,0,0,0.000,0.000,0.240,0.240,62.1
1341789600,62.0,77,54.7,29.911,0,0,0,0.000,0.000,0.240,0.240,62.0
1341789660,62.0,77,54.7,29.911,0,0,0,0.000,0.000,0.240,0.240,62.0
1341789720,61.9,77,54.6,29.910,0,0,0,0.000,0.000,0.240,0.240,61.9
1341789780,61.9,78,55.0,29.912,0,0,0,0.000,0.000,0.240,0.240,61.9
1341789840,61.8,78,54.9,29.912,0,0,0,0.000,0.000,0.240,0.240,61.8
1341789900,61.8,78,54.9,29.912,0,0,0,0.000,0.000,0.240,0.240,61.8
1341789960,61.7,78,54.8,29.912,0,0,0,0.000,0.000,0.240,0.240,61.7
1341790020,61.7,78,54.8,29.913,0,0,0,0.000,0.000,0.240,0.240,61.7
1341790080,61.7,78,54.8,29.914,0,0,0,0.000,0.000,0.240,0.240,61.7
1341790140,61.6,78,54.7,29.914,0,0,0,0.000,0.000,0.240,0.240,61.6
1341790200,61.6,78,54.7,29.914,0,0,0,0.000,0.000,0.240,0.240,61.6
1341790260,61.6,78,54.7,29.915,0,0,0,0.000,0.000,0.240,0.240,61.6
1341790320,61.5,78,54.6,29.915,0,0,0,0.000,0.000,0.240,0.240,61.5
1341790380,61.5,78,54.6,29.916,0,0,0,0.000,0.000,0.240,0.240,61.5
1341790440,61.4,78,54.5,29.916,0,0,0,0.000,0.000,0.240,0.240,61.4
1341790500,61.4,78,54.5,29.914,0,0,0,0.000,0.000,0.240,0.240,61.4
1341790560,61.4,79,54.8,29.914,0,0,0,0.000,0.000,0.240,0.240,61.4
1341790620,61.4,79,54.8,29.915,0,0,0,0.000,0.000,0.240,0.240,61.4
1341790680,61.3,79,54.7,29.914,0,0,0,0.000,0.000,0.240,0.240,61.3
1341790740,61.3,79,54.7,29.912,0,0,0,0.000,0.000,0.240,0.240,61.3
1341790800,61.3,79,54.7,29.913,0,0,0,0.000,0.000,0.240,0.240,61.3
1341790860,61.2,79,54.6,29.913,0,0,0,0.000,0.000,0.240,0.240,61.2
1341790920,61.2,79,54.6,29.912,0,0,0,0.000,0.000,0.240,0.240,61.2
1341790980,61.2,79,54.6,29.913,0,0,0,0.000,0.000,0.240,0.240,61.2
1341791040,61.1,79,54.5,29.912,0,0,0,0.000,0.000,0.240,0.240,61.1
1341791100,61.1,79,54.5,29.912,1,2,0,0.000,0.000,0.240,0.240,61.1
1341791160,61.1,79,54.5,29.912,0,1,0,0.000,0.000,0.240,0.240,61.1
1341791220,61.0,79,54.4,29.911,0,0,0,0.000,0.000,0.240,0.240,61.0
1341791280,61.0,79,54.4,29.913,0,0,0,0.000,0.000,0.240,0.240,61.0
1341791340,61.0,79,54.4,29.913,0,0,0,0.000,0.000,0.240,0.240,61.0
1341791400,61.0,79,54.4,29.912,0,0,0,0.000,0.000,0.240,0.240,61.0
1341791460,60.9,79,54.3,29.913,0,0,0,0.000,0.000,0.240,0.240,60.9
1341791520,60.9,79,54.3,29.913,0,0,0,0.000,0.000,0.240,0.240,60.9
1341791580,60.9,79,54.3,29.912,0,0,0,0.000,0.000,0.240,0.240,60.9
1341791640,60.9,78,54.0,29.912,0,0,0,0.000,0.000,0.240,0.240,60.9
1341791700,60.9,79,54.3,29.912,0,0,0,0.000,0.000,0.240,0.240,60.9
1341791760,60.8,79,54.2,29.913,0,0,0,0.000,0.000,0.240,0.240,60.8
1341791820,60.8,79,54.2,29.913,1,2,0,0.000,0.000,0.240,0.240,60.8
1341791880,60.8,79,54.2,29.913,0,0,0,0.000,0.000,0.240,0.240,60.8
1341791940,60.8,79,54.2,29.913,0,0,0,0.000,0.000,0.240,0.240,60.8
