1337817600,62.7,95,61.2,30.070,0,0,22,0.000,0.000,3.400,3.400,62.7
1337817660,62.7,95,61.2,30.071,0,1,22,0.000,0.000,3.400,3.400,62.7
1337817720,62.7,95,61.2,30.070,0,1,22,0.000,0.000,3.400,3.400,62.7
1337817780,62.7,95,61.2,30.070,0,1,22,0.000,0.000,3.400,3.400,62.7
1337817840,0.0,95,-1.1,30.070,0,1,22,0.000,0.000,3.400,3.400,0.0
1337817900,0.0,95,-1.1,30.070,0,1,22,0.000,0.000,3.400,3.400,0.0
1337817960,0.0,95,-1.1,30.070,0,1,22,0.000,0.000,3.400,3.400,0.0
1337818020,0.0,95,-1.1,30.070,0,1,22,0.000,0.000,3.400,3.400,0.0
1337818080,62.6,95,61.1,30.071,1,2,180,0.000,0.000,3.400,3.400,62.6
1337818140,62.5,95,61.0,30.070,0,0,180,0.000,0.000,3.400,3.400,62.5
1337818200,62.5,95,61.0,30.070,0,1,180,0.000,0.000,3.400,3.400,62.5
1337818260,62.5,95,61.0,30.070,0,1,180,0.000,0.000,3.400,3.400,62.5
1337818320,62.5,95,61.0,30.070,0,1,180,0.000,0.000,3.400,3.400,62.5
1337818380,62.5,95,61.0,30.070,0,1,180,0.000,0.000,3.400,3.400,62.5
1337818440,62.5,95,61.0,30.070,1,2,180,0.000,0.000,3.400,3.400,62.5
1337818500,62.4,95,60.9,30.070,0,1,180,0.000,0.000,3.400,3.400,62.4
1337818560,62.4,95,60.9,30.070,0,0,180,0.000,0.000,3.400,3.400,62.4
1337818620,62.4,95,60.9,30.071,1,1,180,0.000,0.000,3.400,3.400,62.4
1337818680,62.4,95,60.9,30.071,0,2,180,0.000,0.000,3.400,3.400,62.4
1337818740,62.4,95,60.9,30.071,1,2,180,0.000,0.000,3.400,3.400,62.4
1337818800,62.3,95,60.8,30.070,1,3,180,0.000,0.000,3.400,3.400,62.3
1337818860,62.3,95,60.8,30.072,1,2,180,0.000,0.000,3.400,3.400,62.3
1337818920,62.3,95,60.8,30.071,0,1,180,0.000,0.000,3.400,3.400,62.3
1337818980,62.3,95,60.8,30.072,0,1,180,0.000,0.000,3.400,3.400,62.3
1337819040,62.3,95,60.8,30.072,0,0,180,0.000,0.000,3.400,3.400,62.3
1337819100,62.3,95,60.8,30.073,0,0,180,0.000,0.000,3.400,3.400,62.3
1337819160,62.3,95,60.8,30.072,0,0,180,0.000,0.000,3.400,3.400,62.3
1337819220,62.3,95,60.8,30.072,0,0,180,0.000,0.000,3.400,3.400,62.3
1337819280,62.3,95,60.8,30.072,0,0,180,0.000,0.000,3.400,3.400,62.3
1337819340,62.3,95,60.8,30.073,0,1,180,0.000,0.000,3.400,3.400,62.3
1337819400,62.3,96,61.1,30.074,0,2,180,0.000,0.000,3.400,3.400,62.3
1337819460,62.3,95,60.8,30.074,1,2,180,0.000,0.000,3.400,3.400,62.3
1337819520,62.2,95,60.8,30.074,0,2,180,0.000,0.000,3.400,3.400,62.2
1337819580,62.2,95,60.8,30.074,0,1,180,0.000,0.000,3.400,3.400,62.2
1337819640,62.2,95,60.8,30.075,1,2,180,0.000,0.000,3.400,3.400,62.2
1337819700,62.2,95,60.8,30.075,1,3,180,0.000,0.000,3.400,3.400,62.2
1337819760,62.2,95,60.8,30.076,2,3,225,0.000,0.000,3.400,3.400,62.2
1337819820,62.2,95,60.8,30.077,0,1,225,0.000,0.000,3.400,3.400,62.2
1337819880,62.2,95,60.8,30.077,1,2,225,0.000,0.000,3.400,3.400,62.2
1337819940,62.2,95,60.8,30.076,0,1,225,0.000,0.000,3.400,3.400,62.2
1337820000,62.1,95,60.7,30.078,0,0,225,0.000,0.000,3.400,3.400,62.1
1337820060,62.2,95,60.8,30.078,0,0,225,0.000,0.000,3.400,3.400,62.2
1337820120,62.1,95,60.7,30.077,0,0,225,0.000,0.000,3.400,3.400,62.1
1337820180,62.1,95,60.7,30.076,0,1,225,0.000,0.000,3.400,3.400,62.1
1337820240,62.1,95,60.7,30.076,0,1,225,0.000,0.000,3.400,3.400,62.1
1337820300,62.1,95,60.7,30.077,0,0,225,0.000,0.000,3.400,3.400,62.1
1337820360,62.1,95,60.7,30.076,0,0,225,0.000,0.000,3.400,3.400,62.1
1337820420,62.1,95,60.7,30.076,0,1,248,0.000,0.000,3.400,3.400,62.1
1337820480,62.1,95,60.7,30.077,0,1,248,0.000,0.000,3.400,3.400,62.1
1337820540,62.1,95,60.7,30.077,0,0,248,0.000,0.000,3.400,3.400,62.1
1337820600,62.1,95,60.7,30.077,0,0,248,0.000,0.000,3.400,3.400,62.1
1337820660,62.1,95,60.7,30.075,0,0,248,0.000,0.000,3.400,3.400,62.1
1337820720,62.1,95,60.7,30.078,0,0,248,0.000,0.000,3.400,3.400,62.1
1337820780,62.1,95,60.7,30.076,0,1,248,0.000,0.000,3.400,3.400,62.1
1337820840,62.1,95,60.7,30.078,0,1,248,0.000,0.000,3.400,3.400,62.1
1337820900,62.1,95,60.7,30.079,0,0,248,0.000,0.000,3.400,3.400,62.1
1337820960,62.0,95,60.6,30.080,0,0,248,0.000,0.000,3.400,3.400,62.0
1337821020,62.0,95,60.6,30.080,0,0,248,0.000,0.000,3.400,3.400,62.0
1337821080,62.0,95,60.6,30.078,0,1,248,0.000,0.000,3.400,3.400,62.0
1337821140,62.0,95,60.6,30.081,1,2,248,0.000,0.000,3.400,3.400,62.0
1337821200,62.0,95,60.6,30.080,0,0,248,0.000,0.000,3.400,3.400,62.0
1337821260,62.0,95,60.6,30.079,0,1,248,0.000,0.000,3.400,3.400,62.0
1337821320,62.0,95,60.6,30.079,0,1,248,0.000,0.000,3.400,3.400,62.0
1337821380,62.0,95,60.6,30.081,0,0,248,0.000,0.000,3.400,3.400,62.0
1337821440,61.9,95,60.5,30.080,1,2,248,0.000,0.000,3.400,3.400,61.9
1337821500,61.9,95,60.5,30.082,0,0,248,0.000,0.000,3.400,3.400,61.9
1337821560,61.9,95,60.5,30.081,0,0,248,0.000,0.000,3.400,3.400,61.9
1337821620,61.9,96,60.7,30.082,0,0,248,0.000,0.000,3.400,3.400,61.9
1337821680,61.9,96,60.7,30.084,0,0,248,0.000,0.000,3.400,3.400,61.9
1337821740,61.9,96,60.7,30.084,0,1,248,0.000,0.000,3.400,3.400,61.9
1337821800,61.8,96,60.6,30.085,0,0,248,0.000,0.000,3.400,3.400,61.8
1337821860,61.9,96,60.7,30.084,0,0,248,0.000,0.000,3.400,3.400,61.9
1337821920,61.8,96,60.6,30.085,0,1,248,0.000,0.000,3.400,3.400,61.8
1337821980,61.8,96,60.6,30.085,0,1,248,0.000,0.000,3.400,3.400,61.8
1337822040,61.8,96,60.6,30.086,0,0,248,0.000,0.000,3.400,3.400,61.8
1337822100,61.8,96,60.6,30.085,0,1,248,0.000,0.000,3.400,3.400,61.8
1337822160,61.8,96,60.6,30.086,0,2,248,0.000,0.000,3.400,3.400,61.8
1337822220,61.7,95,60.3,30.086,0,2,248,0.000,0.000,3.400,3.400,61.7
1337822280,61.7,95,60.3,30.086,1,2,248,0.000,0.000,3.400,3.400,61.7
1337822340,61.7,95,60.3,30.086,0,1,248,0.000,0.000,3.400,3.400,61.7
1337822400,61.6,95,60.2,30.086,0,1,248,0.000,0.000,3.400,3.400,61.6
1337822460,61.6,95,60.2,30.086,1,3,248,0.000,0.000,3.400,3.400,61.6
1337822520,61.6,95,60.2,30.086,0,1,248,0.000,0.000,3.400,3.400,61.6
1337822580,61.6,95,60.2,30.086,0,2,248,0.000,0.000,3.400,3.400,61.6
1337822640,61.6,95,60.2,30.086,0,1,248,0.000,0.000,3.400,3.400,61.6
1337822700,61.6,95,60.2,30.086,0,1,248,0.000,0.000,3.400,3.400,61.6
1337822760,61.5,95,60.1,30.086,0,0,248,0.000,0.000,3.400,3.400,61.5
1337822820,61.5,95,60.1,30.086,0,0,248,0.000,0.000,3.400,3.400,61.5
1337822880,61.5,95,60.1,30.086,0,1,248,0.000,0.000,3.400,3.400,61.5
1337822940,61.5,95,60.1,30.087,0,0,248,0.000,0.000,3.400,3.400,61.5
1337823000,61.5,95,60.1,30.086,0,0,248,0.000,0.000,3.400,3.400,61.5
1337823060,61.5,95,60.1,30.087,0,0,248,0.000,0.000,3.400,3.400,61.5
1337823120,61.5,95,60.1,30.086,0,0,248,0.000,0.000,3.400,3.400,61.5
1337823180,61.5,95,60.1,30.086,0,0,248,0.000,0.000,3.400,3.400,61.5
1337823240,61.5,95,60.1,30.087,0,0,248,0.000,0.000,3.400,3.400,61.5
1337823300,61.5,95,60.1,30.088,0,0,248,0.000,0.000,3.400,3.400,61.5
1337823360,61.5,95,60.1,30.087,0,0,248,0.000,0.000,3.400,3.400,61.5
1337823420,61.5,95,60.1,30.088,0,0,248,0.000,0.000,3.400,3.400,61.5
1337823480,61.5,95,60.1,30.089,0,0,248,0.000,0.000,3.400,3.400,61.5
1337823540,61.5,95,60.1,30.091,0,1,248,0.000,0.000,3.400,3.400,61.5
1337823600,61.5,95,60.1,30.090,1,2,248,0.000,0.000,3.400,3.400,61.5
1337823660,61.5,95,60.1,30.089,0,0,248,0.000,0.000,3.400,3.400,61.5
1337823720,61.5,95,60.1,30.090,0,1,248,0.000,0.000,3.400,3.400,61.5
1337823780,61.5,95,60.1,30.091,0,1,248,0.000,0.000,3.400,3.400,61.5
1337823840,61.5,95,60.1,30.093,1,2,248,0.000,0.000,3.400,3.400,61.5
1337823900,61.5,95,60.1,30.092,0,0,248,0.000,0.000,3.400,3.400,61.5
1337823960,61.5,95,60.1,30.095,0,1,248,0.000,0.000,3.400,3.400,61.5
1337824020,61.6,95,60.2,30.095,0,0,248,0.000,0.000,3.400,3.400,61.6
1337824080,61.6,95,60.2,30.095,0,0,248,0.000,0.000,3.400,3.400,61.6
1337824140,61.6,95,60.2,30.096,0,0,248,0.000,0.000,3.400,3.400,61.6
1337824200,61.6,95,60.2,30.095,0,0,248,0.000,0.000,3.400,3.400,61.6
1337824260,61.6,95,60.2,30.095,0,0,248,0.000,0.000,3.400,3.400,61.6
1337824320,61.6,95,60.2,30.096,0,0,248,0.000,0.000,3.400,3.400,61.6
1337824380,61.6,95,60.2,30.096,0,0,248,0.000,0.000,3.400,3.400,61.6
1337824440,61.6,96,60.4,30.097,0,0,248,0.000,0.000,3.400,3.400,61.6
1337824500,61.6,96,60.4,30.095,0,1,248,0.000,0.000,3.400,3.400,61.6
1337824560,61.6,96,60.4,30.096,1,2,248,0.000,0.000,3.400,3.400,61.6
1337824620,61.6,95,60.2,30.097,0,0,248,0.000,0.000,3.400,3.400,61.6
1337824680,61.6,95,60.2,30.096,1,2,248,0.000,0.000,3.400,3.400,61.6
1337824740,61.6,95,60.2,30.097,0,1,248,0.000,0.000,3.400,3.400,61.6
1337824800,61.6,95,60.2,30.097,0,0,248,0.000,0.000,3.400,3.400,61.6
1337824860,61.6,95,60.2,30.098,0,0,248,0.000,0.000,3.400,3.400,61.6
1337824920,61.6,95,60.2,30.098,0,0,248,0.000,0.000,3.400,3.400,61.6
1337824980,61.6,95,60.2,30.097,0,0,248,0.000,0.000,3.400,3.400,61.6
1337825040,61.6,95,60.2,30.098,0,0,248,0.000,0.000,3.400,3.400,61.6
1337825100,61.6,95,60.2,30.098,0,1,248,0.000,0.000,3.400,3.400,61.6
1337825160,61.6,95,60.2,30.099,0,0,248,0.000,0.000,3.400,3.400,61.6
1337825220,61.6,95,60.2,30.098,0,0,248,0.000,0.000,3.400,3.400,61.6
1337825280,61.6,95,60.2,30.097,0,0,248,0.000,0.000,3.400,3.400,61.6
1337825340,61.6,95,60.2,30.098,0,0,248,0.000,0.000,3.400,3.400,61.6
1337825400,61.6,95,60.2,30.098,0,0,248,0.000,0.000,3.400,3.400,61.6
1337825460,61.6,95,60.2,30.099,0,0,248,0.000,0.000,3.400,3.400,61.6
1337825520,61.6,95,60.2,30.099,0,0,248,0.000,0.000,3.400,3.400,61.6
1337825580,61.6,95,60.2,30.099,0,0,248,0.000,0.000,3.400,3.400,61.6
1337825640,61.6,95,60.2,30.098,0,0,248,0.000,0.000,3.400,3.400,61.6
1337825700,61.7,95,60.3,30.102,0,0,248,0.000,0.000,3.400,3.400,61.7
1337825760,61.7,95,60.3,30.103,0,0,248,0.000,0.000,3.400,3.400,61.7
1337825820,61.7,95,60.3,30.104,0,0,248,0.000,0.000,3.400,3.400,61.7
1337825880,61.7,95,60.3,30.105,0,0,248,0.000,0.000,3.400,3.400,61.7
1337825940,61.7,95,60.3,30.104,0,0,248,0.000,0.000,3.400,3.400,61.7
1337826000,61.7,95,60.3,30.105,0,0,248,0.000,0.000,3.400,3.400,61.7
1337826060,61.7,95,60.3,30.106,0,0,248,0.000,0.000,3.400,3.400,61.7
1337826120,61.7,95,60.3,30.105,0,0,248,0.000,0.000,3.400,3.400,61.7
1337826180,61.7,95,60.3,30.105,0,0,248,0.000,0.000,3.400,3.400,61.7
1337826240,61.7,95,60.3,30.106,0,0,248,0.000,0.000,3.400,3.400,61.7
1337826300,61.7,95,60.3,30.106,0,0,248,0.000,0.000,3.400,3.400,61.7
1337826360,61.7,95,60.3,30.107,0,0,248,0.000,0.000,3.400,3.400,61.7
1337826420,61.7,95,60.3,30.108,0,0,248,0.000,0.000,3.400,3.400,61.7
1337826480,61.7,95,60.3,30.110,0,0,248,0.000,0.000,3.400,3.400,61.7
1337826540,61.7,95,60.3,30.111,0,0,248,0.000,0.000,3.400,3.400,61.7
1337826600,61.7,95,60.3,30.111,0,0,248,0.000,0.000,3.400,3.400,61.7
1337826660,61.8,95,60.4,30.112,0,0,248,0.000,0.000,3.400,3.400,61.8
1337826720,61.8,95,60.4,30.112,0,0,248,0.000,0.000,3.400,3.400,61.8
1337826780,61.8,95,60.4,30.112,0,0,248,0.000,0.000,3.400,3.400,61.8
1337826840,61.7,95,60.3,30.113,0,0,248,0.000,0.000,3.400,3.400,61.7
1337826900,61.8,95,60.4,30.114,0,0,248,0.000,0.000,3.400,3.400,61.8
1337826960,61.7,95,60.3,30.113,0,0,248,0.000,0.000,3.400,3.400,61.7
1337827020,61.8,95,60.4,30.113,0,0,248,0.000,0.000,3.400,3.400,61.8
1337827080,61.8,95,60.4,30.113,0,0,248,0.000,0.000,3.400,3.400,61.8
1337827140,61.8,95,60.4,30.113,0,0,248,0.000,0.000,3.400,3.400,61.8
1337827200,61.7,95,60.3,30.114,0,0,248,0.000,0.000,3.400,3.400,61.7
1337827260,61.8,95,60.4,30.113,0,0,248,0.000,0.000,3.400,3.400,61.8
1337827320,61.7,95,60.3,30.115,0,0,248,0.000,0.000,3.400,3.400,61.7
1337827380,61.8,95,60.4,30.113,0,0,248,0.000,0.000,3.400,3.400,61.8
1337827440,61.8,95,60.4,30.114,0,0,248,0.000,0.000,3.400,3.400,61.8
1337827500,61.8,95,60.4,30.116,0,0,248,0.000,0.000,3.400,3.400,61.8
1337827560,61.8,95,60.4,30.114,0,0,248,0.000,0.000,3.400,3.400,61.8
1337827620,61.8,95,60.4,30.115,0,0,248,0.000,0.000,3.400,3.400,61.8
1337827680,61.8,95,60.4,30.116,0,0,248,0.000,0.000,3.400,3.400,61.8
1337827740,61.8,95,60.4,30.115,0,0,248,0.000,0.000,3.400,3.400,61.8
1337827800,61.8,95,60.4,30.117,0,0,248,0.000,0.000,3.400,3.400,61.8
1337827860,61.8,95,60.4,30.118,0,0,248,0.000,0.000,3.400,3.400,61.8
1337827920,61.8,95,60.4,30.118,0,0,248,0.000,0.000,3.400,3.400,61.8
1337827980,61.8,95,60.4,30.118,0,0,248,0.000,0.000,3.400,3.400,61.8
1337828040,61.8,95,60.4,30.119,0,0,248,0.000,0.000,3.400,3.400,61.8
1337828100,61.8,95,60.4,30.118,0,0,248,0.000,0.000,3.400,3.400,61.8
1337828160,61.8,95,60.4,30.120,0,0,248,0.000,0.000,3.400,3.400,61.8
1337828220,61.8,95,60.4,30.119,0,0,248,0.000,0.000,3.400,3.400,61.8
1337828280,61.8,95,60.4,30.117,0,0,248,0.000,0.000,3.400,3.400,61.8
1337828340,61.8,95,60.4,30.119,0,0,248,0.000,0.000,3.400,3.400,61.8
1337828400,61.8,95,60.4,30.120,0,0,248,0.000,0.000,3.400,3.400,61.8
1337828460,61.8,95,60.4,30.120,0,0,248,0.000,0.000,3.400,3.400,61.8
1337828520,61.9,95,60.5,30.121,0,0,248,0.000,0.000,3.400,3.400,61.9
1337828580,61.9,95,60.5,30.121,0,0,248,0.000,0.000,3.400,3.400,61.9
1337828640,61.9,95,60.5,30.124,0,0,248,0.000,0.000,3.400,3.400,61.9
1337828700,61.9,95,60.5,30.124,0,0,248,0.000,0.000,3.400,3.400,61.9
1337828760,62.0,95,60.6,30.126,0,0,248,0.000,0.000,3.400,3.400,62.0
1337828820,62.0,95,60.6,30.125,0,0,248,0.000,0.000,3.400,3.400,62.0
1337828880,62.0,95,60.6,30.126,0,0,248,0.000,0.000,3.400,3.400,62.0
1337828940,62.0,95,60.6,30.127,0,0,248,0.000,0.000,3.400,3.400,62.0
1337829000,62.0,95,60.6,30.127,0,0,248,0.000,0.000,3.400,3.400,62.0
1337829060,62.0,95,60.6,30.128,0,0,248,0.000,0.000,3.400,3.400,62.0
1337829120,62.0,95,60.6,30.127,0,0,248,0.000,0.000,3.400,3.400,62.0
1337829180,62.0,95,60.6,30.127,0,0,248,0.000,0.000,3.400,3.400,62.0
1337829240,62.1,95,60.7,30.127,0,0,248,0.000,0.000,3.400,3.400,62.1
1337829300,62.1,95,60.7,30.128,0,0,248,0.000,0.000,3.400,3.400,62.1
1337829360,62.1,95,60.7,30.128,0,0,248,0.000,0.000,3.400,3.400,62.1
1337829420,62.1,95,60.7,30.129,0,0,248,0.000,0.000,3.400,3.400,62.1
1337829480,62.0,95,60.6,30.128,0,0,248,0.000,0.000,3.400,3.400,62.0
1337829540,62.1,95,60.7,30.130,0,0,248,0.000,0.000,3.400,3.400,62.1
1337829600,62.1,95,60.7,30.130,0,0,248,0.000,0.000,3.400,3.400,62.1
1337829660,62.0,95,60.6,30.132,0,0,248,0.000,0.000,3.400,3.400,62.0
1337829720,62.0,95,60.6,30.132,0,0,248,0.000,0.000,3.400,3.400,62.0
1337829780,62.1,95,60.7,30.133,0,0,248,0.000,0.000,3.400,3.400,62.1
1337829840,62.1,95,60.7,30.133,0,0,248,0.000,0.000,3.400,3.400,62.1
1337829900,62.1,95,60.7,30.133,0,1,248,0.000,0.000,3.400,3.400,62.1
1337829960,62.1,95,60.7,30.134,0,1,248,0.000,0.000,3.400,3.400,62.1
1337830020,62.1,95,60.7,30.134,1,2,248,0.000,0.000,3.400,3.400,62.1
1337830080,62.0,95,60.6,30.134,1,2,180,0.000,0.000,3.400,3.400,62.0
1337830140,62.1,95,60.7,30.135,0,1,180,0.000,0.000,3.400,3.400,62.1
1337830200,62.1,95,60.7,30.135,0,1,180,0.000,0.000,3.400,3.400,62.1
1337830260,62.1,95,60.7,30.135,1,3,202,0.000,0.000,3.400,3.400,62.1
1337830320,62.1,95,60.7,30.135,1,3,202,0.000,0.000,3.400,3.400,62.1
1337830380,62.1,95,60.7,30.137,1,2,202,0.000,0.000,3.400,3.400,62.1
1337830440,62.1,95,60.7,30.137,1,2,202,0.000,0.000,3.400,3.400,62.1
1337830500,62.0,95,60.6,30.136,1,2,202,0.000,0.000,3.400,3.400,62.0
1337830560,62.0,95,60.6,30.137,0,1,202,0.000,0.000,3.400,3.400,62.0
1337830620,62.0,95,60.6,30.137,1,2,202,0.000,0.000,3.400,3.400,62.0
1337830680,62.0,95,60.6,30.137,2,3,202,0.000,0.000,3.400,3.400,62.0
1337830740,62.0,95,60.6,30.138,0,1,202,0.000,0.000,3.400,3.400,62.0
1337830800,62.0,95,60.6,30.139,1,3,202,0.000,0.000,3.400,3.400,62.0
1337830860,62.0,95,60.6,30.140,1,2,202,0.000,0.000,3.400,3.400,62.0
1337830920,62.1,95,60.7,30.140,1,2,202,0.000,0.000,3.400,3.400,62.1
1337830980,62.0,95,60.6,30.140,1,2,202,0.000,0.000,3.400,3.400,62.0
1337831040,62.0,95,60.6,30.140,0,1,202,0.000,0.000,3.400,3.400,62.0
1337831100,62.0,95,60.6,30.141,0,1,202,0.000,0.000,3.400,3.400,62.0
1337831160,62.0,95,60.6,30.142,1,3,225,0.000,0.000,3.400,3.400,62.0
1337831220,62.0,95,60.6,30.142,1,2,225,0.000,0.000,3.400,3.400,62.0
1337831280,62.0,95,60.6,30.142,1,2,225,0.000,0.000,3.400,3.400,62.0
1337831340,62.0,95,60.6,30.143,0,3,225,0.000,0.000,3.400,3.400,62.0
1337831400,62.0,95,60.6,30.143,1,3,225,0.000,0.000,3.400,3.400,62.0
1337831460,62.0,95,60.6,30.144,1,2,225,0.000,0.000,3.400,3.400,62.0
1337831520,62.0,95,60.6,30.143,1,2,225,0.000,0.000,3.400,3.400,62.0
1337831580,62.0,95,60.6,30.144,1,2,225,0.000,0.000,3.400,3.400,62.0
1337831640,62.0,95,60.6,30.142,0,0,225,0.000,0.000,3.400,3.400,62.0
1337831700,62.0,95,60.6,30.143,0,0,225,0.000,0.000,3.400,3.400,62.0
1337831760,62.0,95,60.6,30.142,0,0,225,0.000,0.000,3.400,3.400,62.0
1337831820,62.1,95,60.7,30.143,0,0,225,0.000,0.000,3.400,3.400,62.1
1337831880,62.1,95,60.7,30.142,0,0,225,0.000,0.000,3.400,3.400,62.1
1337831940,62.1,95,60.7,30.142,1,2,225,0.000,0.000,3.400,3.400,62.1
1337832000,62.1,95,60.7,30.141,0,1,225,0.000,0.000,3.400,3.400,62.1
1337832060,62.1,95,60.7,30.143,0,1,225,0.000,0.000,3.400,3.400,62.1
1337832120,62.1,95,60.7,30.144,0,0,225,0.000,0.000,3.400,3.400,62.1
1337832180,62.1,95,60.7,30.144,0,0,225,0.000,0.000,3.400,3.400,62.1
1337832240,62.2,95,60.8,30.144,0,0,225,0.000,0.000,3.400,3.400,62.2
1337832300,62.2,95,60.8,30.146,0,0,225,0.000,0.000,3.400,3.400,62.2
1337832360,62.2,95,60.8,30.145,1,3,225,0.000,0.000,3.400,3.400,62.2
1337832420,62.2,95,60.8,30.146,0,1,225,0.000,0.000,3.400,3.400,62.2
1337832480,62.2,95,60.8,30.145,1,3,225,0.000,0.000,3.400,3.400,62.2
1337832540,62.2,95,60.8,30.148,2,3,202,0.000,0.000,3.400,3.400,62.2
1337832600,62.2,95,60.8,30.148,1,3,202,0.000,0.000,3.400,3.400,62.2
1337832660,62.2,95,60.8,30.148,1,2,202,0.000,0.000,3.400,3.400,62.2
1337832720,62.2,95,60.8,30.149,0,1,202,0.000,0.000,3.400,3.400,62.2
1337832780,62.2,95,60.8,30.148,1,1,202,0.000,0.000,3.400,3.400,62.2
1337832840,62.2,95,60.8,30.147,0,0,202,0.000,0.000,3.400,3.400,62.2
1337832900,62.3,95,60.8,30.149,0,2,202,0.000,0.000,3.400,3.400,62.3
1337832960,62.2,95,60.8,30.149,1,2,202,0.000,0.000,3.400,3.400,62.2
1337833020,62.3,95,60.8,30.149,1,2,202,0.000,0.000,3.400,3.400,62.3
1337833080,62.3,95,60.8,30.149,0,1,202,0.000,0.000,3.400,3.400,62.3
1337833140,62.3,95,60.8,30.149,0,1,202,0.000,0.000,3.400,3.400,62.3
1337833200,62.3,95,60.8,30.149,2,3,202,0.000,0.000,3.400,3.400,62.3
1337833260,62.3,95,60.8,30.150,1,3,202,0.000,0.000,3.400,3.400,62.3
1337833320,62.4,94,60.7,30.149,1,3,202,0.000,0.000,3.400,3.400,62.4
1337833380,62.4,95,60.9,30.151,2,3,202,0.000,0.000,3.400,3.400,62.4
1337833440,62.4,94,60.7,30.149,2,5,248,0.000,0.000,3.400,3.400,62.4
1337833500,62.4,94,60.7,30.152,1,2,248,0.000,0.000,3.400,3.400,62.4
1337833560,62.4,94,60.7,30.152,2,3,202,0.000,0.000,3.400,3.400,62.4
1337833620,62.4,94,60.7,30.151,1,2,202,0.000,0.000,3.400,3.400,62.4
1337833680,62.4,94,60.7,30.152,1,3,202,0.000,0.000,3.400,3.400,62.4
1337833740,62.4,94,60.7,30.151,0,1,202,0.000,0.000,3.400,3.400,62.4
1337833800,62.4,94,60.7,30.152,1,3,202,0.000,0.000,3.400,3.400,62.4
1337833860,62.5,94,60.7,30.152,1,3,202,0.000,0.000,3.400,3.400,62.5
1337833920,62.5,94,60.7,30.152,0,1,202,0.000,0.000,3.400,3.400,62.5
1337833980,62.4,94,60.7,30.151,0,1,202,0.000,0.000,3.400,3.400,62.4
1337834040,62.5,94,60.7,30.151,2,3,225,0.000,0.000,3.400,3.400,62.5
1337834100,62.5,94,60.7,30.152,1,3,225,0.000,0.000,3.400,3.400,62.5
1337834160,62.5,94,60.7,30.151,1,3,270,0.000,0.000,3.400,3.400,62.5
1337834220,62.5,94,60.7,30.152,1,3,270,0.000,0.000,3.400,3.400,62.5
1337834280,62.4,94,60.7,30.152,1,3,270,0.000,0.000,3.400,3.400,62.4
1337834340,62.4,94,60.7,30.152,2,3,225,0.000,0.000,3.400,3.400,62.4
1337834400,62.5,94,60.7,30.153,1,2,248,0.000,0.000,3.400,3.400,62.5
1337834460,62.5,94,60.7,30.153,0,2,248,0.000,0.000,3.400,3.400,62.5
1337834520,62.5,94,60.7,30.155,1,2,248,0.000,0.000,3.400,3.400,62.5
1337834580,62.5,94,60.7,30.154,2,3,248,0.000,0.000,3.400,3.400,62.5
1337834640,62.5,94,60.7,30.156,2,3,180,0.000,0.000,3.400,3.400,62.5
1337834700,62.5,94,60.7,30.155,0,1,180,0.000,0.000,3.400,3.400,62.5
1337834760,62.5,94,60.7,30.156,1,2,180,0.000,0.000,3.400,3.400,62.5
1337834820,62.5,94,60.7,30.156,0,0,180,0.000,0.000,3.400,3.400,62.5
1337834880,62.5,93,60.4,30.157,1,2,270,0.000,0.000,3.400,3.400,62.5
1337834940,62.5,93,60.4,30.157,0,0,270,0.000,0.000,3.400,3.400,62.5
1337835000,62.5,94,60.7,30.157,1,2,270,0.000,0.000,3.400,3.400,62.5
1337835060,62.6,94,60.8,30.157,0,0,270,0.000,0.000,3.400,3.400,62.6
1337835120,62.6,94,60.8,30.158,1,2,248,0.000,0.000,3.400,3.400,62.6
1337835180,62.6,94,60.8,30.158,0,1,248,0.000,0.000,3.400,3.400,62.6
1337835240,62.6,94,60.8,30.159,1,3,202,0.000,0.000,3.400,3.400,62.6
1337835300,62.6,94,60.8,30.159,1,5,202,0.000,0.000,3.400,3.400,62.6
1337835360,62.6,94,60.8,30.159,3,5,180,0.000,0.000,3.400,3.400,62.6
1337835420,62.6,93,60.5,30.162,1,2,180,0.000,0.000,3.400,3.400,62.6
1337835480,62.6,93,60.5,30.160,1,2,180,0.000,0.000,3.400,3.400,62.6
1337835540,62.6,94,60.8,30.161,0,1,180,0.000,0.000,3.400,3.400,62.6
1337835600,62.6,94,60.8,30.161,0,0,180,0.000,0.000,3.400,3.400,62.6
1337835660,62.7,94,60.9,30.161,0,1,180,0.000,0.000,3.400,3.400,62.7
1337835720,62.7,94,60.9,30.161,2,5,202,0.000,0.000,3.400,3.400,62.7
1337835780,62.7,94,60.9,30.161,1,2,202,0.000,0.000,3.400,3.400,62.7
1337835840,62.7,93,60.6,30.161,3,3,180,0.000,0.000,3.400,3.400,62.7
1337835900,62.7,93,60.6,30.162,1,3,202,0.000,0.000,3.400,3.400,62.7
1337835960,62.7,93,60.6,30.161,0,2,202,0.000,0.000,3.400,3.400,62.7
1337836020,62.7,93,60.6,30.164,0,0,202,0.000,0.000,3.400,3.400,62.7
1337836080,62.7,93,60.6,30.163,0,1,202,0.000,0.000,3.400,3.400,62.7
1337836140,62.7,93,60.6,30.164,0,0,202,0.000,0.000,3.400,3.400,62.7
1337836200,62.7,93,60.6,30.165,0,1,202,0.000,0.000,3.400,3.400,62.7
1337836260,62.8,94,61.0,30.162,2,3,180,0.000,0.000,3.400,3.400,62.8
1337836320,62.8,93,60.7,30.163,1,3,180,0.000,0.000,3.400,3.400,62.8
1337836380,62.8,93,60.7,30.164,0,1,180,0.000,0.000,3.400,3.400,62.8
1337836440,62.8,93,60.7,30.164,2,3,202,0.000,0.000,3.400,3.400,62.8
1337836500,62.8,93,60.7,30.163,0,0,202,0.000,0.000,3.400,3.400,62.8
1337836560,62.9,93,60.8,30.165,0,0,202,0.000,0.000,3.400,3.400,62.9
1337836620,62.9,93,60.8,30.166,2,3,180,0.000,0.000,3.400,3.400,62.9
1337836680,62.8,93,60.7,30.164,1,2,158,0.000,0.000,3.400,3.400,62.8
1337836740,62.9,93,60.8,30.164,1,2,180,0.000,0.000,3.400,3.400,62.9
1337836800,62.9,93,60.8,30.166,2,3,202,0.000,0.000,3.400,3.400,62.9
1337836860,62.8,93,60.7,30.167,3,3,180,0.000,0.000,3.400,3.400,62.8
1337836920,62.8,93,60.7,30.166,2,3,202,0.000,0.000,3.400,3.400,62.8
1337836980,62.8,93,60.7,30.166,3,3,180,0.000,0.000,3.400,3.400,62.8
1337837040,62.8,93,60.7,30.168,3,5,202,0.000,0.000,3.400,3.400,62.8
1337837100,62.8,93,60.7,30.167,3,5,180,0.000,0.000,3.400,3.400,62.8
1337837160,62.8,93,60.7,30.167,1,2,202,0.000,0.000,3.400,3.400,62.8
1337837220,62.8,93,60.7,30.167,1,3,202,0.000,0.000,3.400,3.400,62.8
1337837280,62.7,93,60.6,30.168,0,1,202,0.000,0.000,3.400,3.400,62.7
1337837340,62.8,93,60.7,30.168,1,3,180,0.000,0.000,3.400,3.400,62.8
1337837400,62.8,93,60.7,30.167,2,3,202,0.000,0.000,3.400,3.400,62.8
1337837460,62.8,93,60.7,30.169,2,3,158,0.000,0.000,3.400,3.400,62.8
1337837520,62.8,93,60.7,30.167,1,3,158,0.000,0.000,3.400,3.400,62.8
1337837580,62.8,93,60.7,30.168,0,0,158,0.000,0.000,3.400,3.400,62.8
1337837640,62.8,93,60.7,30.168,0,2,180,0.000,0.000,3.400,3.400,62.8
1337837700,62.9,93,60.8,30.168,0,1,180,0.000,0.000,3.400,3.400,62.9
1337837760,62.9,93,60.8,30.168,0,2,180,0.000,0.000,3.400,3.400,62.9
1337837820,62.9,93,60.8,30.167,1,3,225,0.000,0.000,3.400,3.400,62.9
1337837880,62.9,93,60.8,30.168,1,2,225,0.000,0.000,3.400,3.400,62.9
1337837940,63.0,93,60.9,30.167,0,1,225,0.000,0.000,3.400,3.400,63.0
1337838000,63.0,93,60.9,30.167,0,1,225,0.000,0.000,3.400,3.400,63.0
1337838060,63.0,93,60.9,30.168,0,1,225,0.000,0.000,3.400,3.400,63.0
1337838120,63.1,93,61.0,30.168,1,3,292,0.000,0.000,3.400,3.400,63.1
1337838180,63.1,93,61.0,30.168,2,3,270,0.000,0.000,3.400,3.400,63.1
1337838240,63.1,93,61.0,30.167,1,3,270,0.000,0.000,3.400,3.400,63.1
1337838300,63.2,93,61.1,30.168,1,3,225,0.000,0.000,3.400,3.400,63.2
1337838360,63.2,93,61.1,30.168,2,5,248,0.000,0.000,3.400,3.400,63.2
1337838420,63.2,93,61.1,30.168,1,2,315,0.000,0.000,3.400,3.400,63.2
1337838480,63.3,92,60.9,30.168,0,1,292,0.000,0.000,3.400,3.400,63.3
1337838540,63.4,93,61.3,30.168,1,3,292,0.000,0.000,3.400,3.400,63.4
1337838600,63.4,92,61.0,30.168,3,3,225,0.000,0.000,3.400,3.400,63.4
1337838660,63.4,92,61.0,30.169,2,3,270,0.000,0.000,3.400,3.400,63.4
1337838720,63.4,92,61.0,30.169,1,3,270,0.000,0.000,3.400,3.400,63.4
1337838780,63.4,92,61.0,30.169,1,3,270,0.000,0.000,3.400,3.400,63.4
1337838840,63.4,91,60.7,30.168,1,3,225,0.000,0.000,3.400,3.400,63.4
1337838900,63.5,91,60.8,30.169,1,3,180,0.000,0.000,3.400,3.400,63.5
1337838960,63.5,91,60.8,30.168,2,3,225,0.000,0.000,3.400,3.400,63.5
1337839020,63.5,91,60.8,30.168,2,3,202,0.000,0.000,3.400,3.400,63.5
1337839080,63.6,92,61.2,30.169,1,2,292,0.000,0.000,3.400,3.400,63.6
1337839140,63.6,91,60.9,30.169,2,3,248,0.000,0.000,3.400,3.400,63.6
1337839200,63.6,91,60.9,30.169,1,3,292,0.000,0.000,3.400,3.400,63.6
1337839260,63.6,91,60.9,30.169,2,3,292,0.000,0.000,3.400,3.400,63.6
1337839320,63.6,91,60.9,30.168,0,0,292,0.000,0.000,3.400,3.400,63.6
1337839380,63.6,91,60.9,30.169,0,0,292,0.000,0.000,3.400,3.400,63.6
1337839440,63.6,91,60.9,30.169,2,3,180,0.000,0.000,3.400,3.400,63.6
1337839500,63.6,91,60.9,30.169,1,3,180,0.000,0.000,3.400,3.400,63.6
1337839560,63.6,91,60.9,30.169,1,2,202,0.000,0.000,3.400,3.400,63.6
1337839620,63.6,91,60.9,30.169,2,3,202,0.000,0.000,3.400,3.400,63.6
1337839680,63.6,91,60.9,30.168,2,3,292,0.000,0.000,3.400,3.400,63.6
1337839740,63.6,91,60.9,30.169,2,5,202,0.000,0.000,3.400,3.400,63.6
1337839800,63.6,91,60.9,30.169,1,2,202,0.000,0.000,3.400,3.400,63.6
1337839860,63.6,91,60.9,30.169,0,2,202,0.000,0.000,3.400,3.400,63.6
1337839920,63.6,91,60.9,30.169,1,2,202,0.000,0.000,3.400,3.400,63.6
1337839980,63.6,91,60.9,30.168,2,3,180,0.000,0.000,3.400,3.400,63.6
1337840040,63.6,91,60.9,30.169,2,3,180,0.000,0.000,3.400,3.400,63.6
1337840100,63.6,91,60.9,30.170,0,2,292,0.000,0.000,3.400,3.400,63.6
1337840160,63.6,91,60.9,30.169,1,2,292,0.000,0.000,3.400,3.400,63.6
1337840220,63.6,91,60.9,30.169,2,3,202,0.000,0.000,3.400,3.400,63.6
1337840280,63.6,91,60.9,30.169,2,3,180,0.000,0.000,3.400,3.400,63.6
1337840340,63.6,91,60.9,30.169,1,2,225,0.000,0.000,3.400,3.400,63.6
1337840400,63.7,91,61.0,30.170,3,3,202,0.000,0.000,3.400,3.400,63.7
1337840460,63.8,90,60.8,30.168,2,3,202,0.000,0.000,3.400,3.400,63.8
1337840520,63.8,90,60.8,30.170,0,1,202,0.000,0.000,3.400,3.400,63.8
1337840580,63.9,90,60.9,30.169,0,1,202,0.000,0.000,3.400,3.400,63.9
1337840640,63.9,90,60.9,30.169,0,1,202,0.000,0.000,3.400,3.400,63.9
1337840700,64.0,91,61.3,30.169,0,1,202,0.000,0.000,3.400,3.400,64.0
1337840760,64.1,91,61.4,30.169,0,0,202,0.000,0.000,3.400,3.400,64.1
1337840820,64.1,90,61.1,30.168,0,0,202,0.000,0.000,3.400,3.400,64.1
1337840880,64.2,90,61.2,30.169,0,1,225,0.000,0.000,3.400,3.400,64.2
1337840940,64.3,90,61.3,30.170,0,1,225,0.000,0.000,3.400,3.400,64.3
1337841000,64.3,90,61.3,30.169,0,0,225,0.000,0.000,3.400,3.400,64.3
1337841060,64.3,90,61.3,30.169,0,0,225,0.000,0.000,3.400,3.400,64.3
1337841120,64.4,90,61.4,30.170,0,0,225,0.000,0.000,3.400,3.400,64.4
1337841180,64.5,90,61.5,30.170,0,1,225,0.000,0.000,3.400,3.400,64.5
1337841240,64.6,90,61.6,30.169,0,1,225,0.000,0.000,3.400,3.400,64.6
1337841300,64.6,90,61.6,30.170,0,0,225,0.000,0.000,3.400,3.400,64.6
1337841360,64.7,89,61.4,30.169,0,1,225,0.000,0.000,3.400,3.400,64.7
1337841420,64.7,90,61.7,30.169,0,0,225,0.000,0.000,3.400,3.400,64.7
1337841480,64.8,90,61.8,30.170,0,0,225,0.000,0.000,3.400,3.400,64.8
1337841540,64.8,89,61.5,30.170,0,1,225,0.000,0.000,3.400,3.400,64.8
1337841600,64.9,89,61.6,30.170,1,2,225,0.000,0.000,3.400,3.400,64.9
1337841660,64.9,89,61.6,30.169,1,2,225,0.000,0.000,3.400,3.400,64.9
1337841720,65.0,89,61.7,30.170,0,0,225,0.000,0.000,3.400,3.400,65.0
1337841780,65.0,89,61.7,30.170,0,1,225,0.000,0.000,3.400,3.400,65.0
1337841840,65.0,88,61.4,30.169,2,2,225,0.000,0.000,3.400,3.400,65.0
1337841900,65.0,88,61.4,30.170,0,1,225,0.000,0.000,3.400,3.400,65.0
1337841960,65.1,88,61.5,30.170,0,0,225,0.000,0.000,3.400,3.400,65.1
1337842020,65.2,89,61.9,30.170,1,3,315,0.000,0.000,3.400,3.400,65.2
1337842080,65.3,89,62.0,30.170,2,3,315,0.000,0.000,3.400,3.400,65.3
1337842140,65.4,88,61.8,30.169,1,2,315,0.000,0.000,3.400,3.400,65.4
1337842200,65.4,88,61.8,30.170,0,2,315,0.000,0.000,3.400,3.400,65.4
1337842260,65.5,88,61.9,30.170,0,1,315,0.000,0.000,3.400,3.400,65.5
1337842320,65.6,87,61.6,30.170,0,0,315,0.000,0.000,3.400,3.400,65.6
1337842380,65.6,87,61.6,30.170,1,3,225,0.000,0.000,3.400,3.400,65.6
1337842440,65.7,87,61.7,30.170,1,3,225,0.000,0.000,3.400,3.400,65.7
1337842500,65.7,87,61.7,30.171,0,0,225,0.000,0.000,3.400,3.400,65.7
1337842560,65.8,87,61.8,30.171,1,3,202,0.000,0.000,3.400,3.400,65.8
1337842620,65.8,87,61.8,30.172,2,3,180,0.000,0.000,3.400,3.400,65.8
1337842680,65.9,87,61.9,30.173,1,2,158,0.000,0.000,3.400,3.400,65.9
1337842740,65.9,87,61.9,30.171,0,1,158,0.000,0.000,3.400,3.400,65.9
1337842800,65.9,87,61.9,30.172,1,3,158,0.000,0.000,3.400,3.400,65.9
1337842860,65.9,87,61.9,30.173,1,2,158,0.000,0.000,3.400,3.400,65.9
1337842920,65.9,86,61.6,30.173,0,0,158,0.000,0.000,3.400,3.400,65.9
1337842980,65.9,87,61.9,30.173,1,3,158,0.000,0.000,3.400,3.400,65.9
1337843040,65.9,86,61.6,30.173,0,1,158,0.000,0.000,3.400,3.400,65.9
1337843100,66.0,87,62.0,30.173,0,1,158,0.000,0.000,3.400,3.400,66.0
1337843160,66.0,87,62.0,30.175,0,0,158,0.000,0.000,3.400,3.400,66.0
1337843220,66.1,88,62.4,30.173,0,0,158,0.000,0.000,3.400,3.400,66.1
1337843280,66.1,88,62.4,30.173,0,0,158,0.000,0.000,3.400,3.400,66.1
1337843340,66.1,87,62.1,30.174,0,1,158,0.000,0.000,3.400,3.400,66.1
1337843400,66.1,87,62.1,30.173,0,0,158,0.000,0.000,3.400,3.400,66.1
1337843460,66.1,87,62.1,30.173,0,0,158,0.000,0.000,3.400,3.400,66.1
1337843520,66.1,87,62.1,30.174,0,0,158,0.000,0.000,3.400,3.400,66.1
1337843580,66.1,87,62.1,30.176,1,2,158,0.000,0.000,3.400,3.400,66.1
1337843640,66.1,87,62.1,30.176,1,2,158,0.000,0.000,3.400,3.400,66.1
1337843700,66.1,87,62.1,30.175,0,1,158,0.000,0.000,3.400,3.400,66.1
1337843760,66.1,87,62.1,30.175,2,3,202,0.000,0.000,3.400,3.400,66.1
1337843820,66.1,87,62.1,30.176,2,3,202,0.000,0.000,3.400,3.400,66.1
1337843880,66.1,86,61.8,30.174,1,2,202,0.000,0.000,3.400,3.400,66.1
1337843940,66.1,87,62.1,30.174,0,1,202,0.000,0.000,3.400,3.400,66.1
1337844000,66.2,88,62.5,30.175,0,1,202,0.000,0.000,3.400,3.400,66.2
1337844060,66.3,88,62.6,30.174,0,1,202,0.000,0.000,3.400,3.400,66.3
1337844120,66.4,87,62.4,30.174,0,0,202,0.000,0.000,3.400,3.400,66.4
1337844180,66.4,88,62.7,30.175,1,3,202,0.000,0.000,3.400,3.400,66.4
1337844240,66.4,87,62.4,30.177,0,1,180,0.000,0.000,3.400,3.400,66.4
1337844300,66.5,87,62.5,30.175,0,0,180,0.000,0.000,3.400,3.400,66.5
1337844360,66.5,87,62.5,30.176,1,2,202,0.000,0.000,3.400,3.400,66.5
1337844420,66.5,87,62.5,30.175,1,2,225,0.000,0.000,3.400,3.400,66.5
1337844480,66.5,87,62.5,30.176,1,2,225,0.000,0.000,3.400,3.400,66.5
1337844540,66.5,87,62.5,30.179,2,3,225,0.000,0.000,3.400,3.400,66.5
1337844600,66.5,86,62.2,30.181,0,1,225,0.000,0.000,3.400,3.400,66.5
1337844660,66.5,86,62.2,30.179,0,2,225,0.000,0.000,3.400,3.400,66.5
1337844720,66.5,86,62.2,30.182,1,3,225,0.000,0.000,3.400,3.400,66.5
1337844780,66.5,87,62.5,30.181,1,3,225,0.000,0.000,3.400,3.400,66.5
1337844840,66.5,86,62.2,30.182,1,2,270,0.000,0.000,3.400,3.400,66.5
1337844900,66.5,86,62.2,30.182,1,2,270,0.000,0.000,3.400,3.400,66.5
1337844960,66.5,86,62.2,30.181,1,2,270,0.000,0.000,3.400,3.400,66.5
1337845020,66.5,86,62.2,30.182,1,3,202,0.000,0.000,3.400,3.400,66.5
1337845080,66.6,86,62.3,30.181,0,1,202,0.000,0.000,3.400,3.400,66.6
1337845140,66.8,87,62.8,30.182,1,3,202,0.000,0.000,3.400,3.400,66.8
1337845200,66.9,87,62.9,30.181,1,2,158,0.000,0.000,3.400,3.400,66.9
1337845260,67.1,87,63.1,30.178,3,3,158,0.000,0.000,3.400,3.400,67.1
1337845320,67.3,86,63.0,30.179,1,2,158,0.000,0.000,3.400,3.400,67.3
1337845380,67.4,86,63.1,30.177,0,1,158,0.000,0.000,3.400,3.400,67.4
1337845440,67.8,88,64.1,30.177,2,3,158,0.000,0.000,3.400,3.400,67.8
1337845500,68.0,86,63.7,30.179,2,3,135,0.000,0.000,3.400,3.400,68.0
1337845560,68.1,84,63.1,30.177,1,3,135,0.000,0.000,3.400,3.400,68.1
1337845620,68.3,84,63.3,30.179,2,2,225,0.000,0.000,3.400,3.400,68.3
1337845680,68.5,85,63.8,30.178,2,2,202,0.000,0.000,3.400,3.400,68.5
1337845740,68.8,85,64.1,30.179,0,2,180,0.000,0.000,3.400,3.400,68.8
1337845800,68.9,83,63.5,30.179,0,1,112,0.000,0.000,3.400,3.400,68.9
1337845860,69.1,84,64.1,30.176,3,3,135,0.000,0.000,3.400,3.400,69.1
1337845920,69.1,82,63.4,30.179,2,5,180,0.000,0.000,3.400,3.400,69.1
1337845980,69.2,81,63.1,30.180,0,1,180,0.000,0.000,3.400,3.400,69.2
1337846040,69.2,82,63.5,30.179,1,3,248,0.000,0.000,3.400,3.400,69.2
1337846100,69.2,81,63.1,30.183,0,2,248,0.000,0.000,3.400,3.400,69.2
1337846160,69.2,83,63.8,30.183,2,3,158,0.000,0.000,3.400,3.400,69.2
1337846220,69.2,81,63.1,30.183,1,2,180,0.000,0.000,3.400,3.400,69.2
1337846280,69.2,81,63.1,30.182,3,3,180,0.000,0.000,3.400,3.400,69.2
1337846340,69.1,81,63.0,30.183,2,3,180,0.000,0.000,3.400,3.400,69.1
1337846400,69.1,80,62.7,30.182,3,6,158,0.000,0.000,3.400,3.400,69.1
1337846460,69.0,80,62.6,30.183,2,3,180,0.000,0.000,3.400,3.400,69.0
1337846520,68.9,80,62.5,30.186,2,3,225,0.000,0.000,3.400,3.400,68.9
1337846580,68.9,80,62.5,30.184,2,2,202,0.000,0.000,3.400,3.400,68.9
1337846640,68.9,82,63.2,30.184,1,2,202,0.000,0.000,3.400,3.400,68.9
1337846700,68.9,82,63.2,30.184,2,3,158,0.000,0.000,3.400,3.400,68.9
1337846760,68.9,82,63.2,30.185,1,3,135,0.000,0.000,3.400,3.400,68.9
1337846820,68.9,81,62.8,30.186,2,3,158,0.000,0.000,3.400,3.400,68.9
1337846880,68.9,81,62.8,30.188,2,3,158,0.000,0.000,3.400,3.400,68.9
1337846940,68.9,81,62.8,30.188,3,6,158,0.000,0.000,3.400,3.400,68.9
1337847000,68.9,81,62.8,30.188,2,3,158,0.000,0.000,3.400,3.400,68.9
1337847060,68.9,80,62.5,30.189,2,3,202,0.000,0.000,3.400,3.400,68.9
1337847120,68.9,80,62.5,30.188,0,0,202,0.000,0.000,3.400,3.400,68.9
1337847180,68.9,81,62.8,30.189,1,3,225,0.000,0.000,3.400,3.400,68.9
1337847240,68.9,80,62.5,30.188,0,0,225,0.000,0.000,3.400,3.400,68.9
1337847300,69.0,81,62.9,30.188,0,1,248,0.000,0.000,3.400,3.400,69.0
1337847360,69.0,82,63.3,30.188,0,0,248,0.000,0.000,3.400,3.400,69.0
1337847420,69.0,82,63.3,30.186,1,3,225,0.000,0.000,3.400,3.400,69.0
1337847480,69.0,81,62.9,30.186,0,0,225,0.000,0.000,3.400,3.400,69.0
1337847540,69.1,82,63.4,30.189,0,0,225,0.000,0.000,3.400,3.400,69.1
1337847600,69.1,83,63.7,30.189,1,2,248,0.000,0.000,3.400,3.400,69.1
1337847660,69.2,82,63.5,30.189,1,1,248,0.000,0.000,3.400,3.400,69.2
1337847720,69.1,81,63.0,30.189,3,5,180,0.000,0.000,3.400,3.400,69.1
1337847780,69.0,81,62.9,30.191,2,2,180,0.000,0.000,3.400,3.400,69.0
1337847840,69.0,81,62.9,30.187,2,3,202,0.000,0.000,3.400,3.400,69.0
1337847900,69.0,81,62.9,30.188,1,2,202,0.000,0.000,3.400,3.400,69.0
1337847960,69.0,81,62.9,30.186,1,2,248,0.000,0.000,3.400,3.400,69.0
1337848020,69.0,81,62.9,30.187,0,1,248,0.000,0.000,3.400,3.400,69.0
1337848080,69.0,81,62.9,30.187,1,3,248,0.000,0.000,3.400,3.400,69.0
1337848140,69.0,82,63.3,30.188,2,3,180,0.000,0.000,3.400,3.400,69.0
1337848200,69.0,82,63.3,30.190,2,3,180,0.000,0.000,3.400,3.400,69.0
1337848260,69.0,82,63.3,30.187,3,3,180,0.000,0.000,3.400,3.400,69.0
1337848320,69.0,82,63.3,30.186,1,3,225,0.000,0.000,3.400,3.400,69.0
1337848380,69.0,82,63.3,30.186,3,5,180,0.000,0.000,3.400,3.400,69.0
1337848440,69.0,81,62.9,30.189,3,6,180,0.000,0.000,3.400,3.400,69.0
1337848500,69.0,81,62.9,30.187,1,3,202,0.000,0.000,3.400,3.400,69.0
1337848560,69.1,81,63.0,30.187,1,3,292,0.000,0.000,3.400,3.400,69.1
1337848620,69.2,81,63.1,30.190,1,5,270,0.000,0.000,3.400,3.400,69.2
1337848680,69.3,81,63.2,30.186,2,6,292,0.000,0.000,3.400,3.400,69.3
1337848740,69.4,80,63.0,30.186,3,9,202,0.000,0.000,3.400,3.400,69.4
1337848800,69.4,80,63.0,30.189,3,6,202,0.000,0.000,3.400,3.400,69.4
1337848860,69.5,80,63.1,30.187,2,5,180,0.000,0.000,3.400,3.400,69.5
1337848920,69.5,80,63.1,30.188,3,5,202,0.000,0.000,3.400,3.400,69.5
1337848980,69.5,81,63.4,30.188,3,5,180,0.000,0.000,3.400,3.400,69.5
1337849040,69.5,79,62.7,30.188,2,3,180,0.000,0.000,3.400,3.400,69.5
1337849100,69.4,80,63.0,30.189,2,3,158,0.000,0.000,3.400,3.400,69.4
1337849160,69.4,81,63.3,30.188,1,3,180,0.000,0.000,3.400,3.400,69.4
1337849220,69.4,80,63.0,30.188,1,2,180,0.000,0.000,3.400,3.400,69.4
1337849280,69.4,81,63.3,30.185,3,7,180,0.000,0.000,3.400,3.400,69.4
1337849340,69.3,80,62.9,30.188,2,3,180,0.000,0.000,3.400,3.400,69.3
1337849400,69.3,81,63.2,30.189,2,3,225,0.000,0.000,3.400,3.400,69.3
1337849460,69.3,81,63.2,30.190,1,2,158,0.000,0.000,3.400,3.400,69.3
1337849520,69.3,82,63.6,30.187,0,2,158,0.000,0.000,3.400,3.400,69.3
1337849580,69.3,82,63.6,30.188,2,3,158,0.000,0.000,3.400,3.400,69.3
1337849640,69.2,81,63.1,30.189,2,3,158,0.000,0.000,3.400,3.400,69.2
1337849700,69.2,80,62.8,30.190,2,3,135,0.000,0.000,3.400,3.400,69.2
1337849760,69.2,82,63.5,30.191,1,3,135,0.000,0.000,3.400,3.400,69.2
1337849820,69.3,80,62.9,30.190,1,3,292,0.000,0.000,3.400,3.400,69.3
1337849880,69.3,80,62.9,30.191,1,3,180,0.000,0.000,3.400,3.400,69.3
1337849940,69.3,80,62.9,30.192,1,3,158,0.000,0.000,3.400,3.400,69.3
1337850000,69.4,81,63.3,30.191,0,1,158,0.000,0.000,3.400,3.400,69.4
1337850060,69.4,82,63.7,30.188,0,2,158,0.000,0.000,3.400,3.400,69.4
1337850120,69.4,80,63.0,30.188,1,2,225,0.000,0.000,3.400,3.400,69.4
1337850180,69.4,79,62.6,30.191,1,3,225,0.000,0.000,3.400,3.400,69.4
1337850240,69.4,79,62.6,30.188,1,2,248,0.000,0.000,3.400,3.400,69.4
1337850300,69.4,80,63.0,30.186,2,5,248,0.000,0.000,3.400,3.400,69.4
1337850360,69.4,79,62.6,30.187,1,2,225,0.000,0.000,3.400,3.400,69.4
1337850420,69.5,79,62.7,30.186,0,1,292,0.000,0.000,3.400,3.400,69.5
1337850480,69.5,81,63.4,30.185,1,2,225,0.000,0.000,3.400,3.400,69.5
1337850540,69.6,80,63.2,30.187,1,3,225,0.000,0.000,3.400,3.400,69.6
1337850600,69.7,81,63.6,30.186,0,2,202,0.000,0.000,3.400,3.400,69.7
1337850660,69.8,82,64.1,30.185,1,1,225,0.000,0.000,3.400,3.400,69.8
1337850720,69.8,81,63.7,30.185,3,9,225,0.000,0.000,3.400,3.400,69.8
1337850780,69.8,79,63.0,30.186,3,3,202,0.000,0.000,3.400,3.400,69.8
1337850840,69.9,79,63.1,30.186,1,3,202,0.000,0.000,3.400,3.400,69.9
1337850900,69.9,79,63.1,30.186,0,1,202,0.000,0.000,3.400,3.400,69.9
1337850960,69.9,79,63.1,30.186,1,3,202,0.000,0.000,3.400,3.400,69.9
1337851020,70.0,79,63.2,30.187,1,2,292,0.000,0.000,3.400,3.400,70.0
1337851080,70.0,80,63.5,30.185,1,2,225,0.000,0.000,3.400,3.400,70.0
1337851140,70.0,81,63.9,30.187,1,2,225,0.000,0.000,3.400,3.400,70.0
1337851200,70.0,80,63.5,30.187,1,2,225,0.000,0.000,3.400,3.400,70.0
1337851260,70.0,78,62.8,30.185,3,6,180,0.000,0.000,3.400,3.400,70.0
1337851320,70.0,78,62.8,30.187,2,3,225,0.000,0.000,3.400,3.400,70.0
1337851380,70.0,79,63.2,30.187,2,3,202,0.000,0.000,3.400,3.400,70.0
1337851440,69.9,78,62.7,30.186,2,6,180,0.000,0.000,3.400,3.400,69.9
1337851500,69.9,79,63.1,30.185,1,2,135,0.000,0.000,3.400,3.400,69.9
1337851560,69.9,81,63.8,30.186,1,3,135,0.000,0.000,3.400,3.400,69.9
1337851620,69.9,82,64.2,30.187,1,2,180,0.000,0.000,3.400,3.400,69.9
1337851680,69.9,80,63.4,30.187,2,3,202,0.000,0.000,3.400,3.400,69.9
1337851740,69.9,81,63.8,30.186,3,5,180,0.000,0.000,3.400,3.400,69.9
1337851800,69.9,79,63.1,30.187,1,2,180,0.000,0.000,3.400,3.400,69.9
1337851860,69.9,79,63.1,30.186,1,3,135,0.000,0.000,3.400,3.400,69.9
1337851920,69.9,79,63.1,30.184,1,3,158,0.000,0.000,3.400,3.400,69.9
1337851980,69.9,80,63.4,30.185,2,3,225,0.000,0.000,3.400,3.400,69.9
1337852040,70.0,81,63.9,30.184,2,3,180,0.000,0.000,3.400,3.400,70.0
1337852100,69.9,80,63.4,30.185,3,7,180,0.000,0.000,3.400,3.400,69.9
1337852160,69.9,78,62.7,30.185,2,3,202,0.000,0.000,3.400,3.400,69.9
1337852220,69.9,79,63.1,30.186,0,2,225,0.000,0.000,3.400,3.400,69.9
1337852280,69.9,81,63.8,30.188,2,3,248,0.000,0.000,3.400,3.400,69.9
1337852340,69.9,79,63.1,30.185,2,5,202,0.000,0.000,3.400,3.400,69.9
1337852400,69.9,79,63.1,30.188,3,3,180,0.000,0.000,3.400,3.400,69.9
1337852460,69.9,79,63.1,30.186,2,3,202,0.000,0.000,3.400,3.400,69.9
1337852520,69.9,79,63.1,30.186,3,6,225,0.000,0.000,3.400,3.400,69.9
1337852580,69.9,78,62.7,30.186,1,2,158,0.000,0.000,3.400,3.400,69.9
1337852640,69.9,82,64.2,30.186,1,1,158,0.000,0.000,3.400,3.400,69.9
1337852700,69.9,80,63.4,30.186,2,5,158,0.000,0.000,3.400,3.400,69.9
1337852760,69.9,80,63.4,30.184,1,3,180,0.000,0.000,3.400,3.400,69.9
1337852820,69.8,79,63.0,30.187,3,7,202,0.000,0.000,3.400,3.400,69.8
1337852880,69.8,79,63.0,30.185,2,6,180,0.000,0.000,3.400,3.400,69.8
1337852940,69.8,81,63.7,30.188,1,3,202,0.000,0.000,3.400,3.400,69.8
1337853000,69.8,80,63.3,30.187,3,5,180,0.000,0.000,3.400,3.400,69.8
1337853060,69.8,81,63.7,30.187,1,3,202,0.000,0.000,3.400,3.400,69.8
1337853120,69.8,82,64.1,30.186,0,1,202,0.000,0.000,3.400,3.400,69.8
1337853180,69.9,82,64.2,30.188,2,3,180,0.000,0.000,3.400,3.400,69.9
1337853240,69.9,80,63.4,30.186,0,2,180,0.000,0.000,3.400,3.400,69.9
1337853300,70.0,81,63.9,30.187,2,5,180,0.000,0.000,3.400,3.400,70.0
1337853360,70.1,81,64.0,30.187,1,2,158,0.000,0.000,3.400,3.400,70.1
1337853420,70.2,81,64.1,30.188,0,2,225,0.000,0.000,3.400,3.400,70.2
1337853480,70.3,79,63.5,30.187,1,3,180,0.000,0.000,3.400,3.400,70.3
1337853540,70.4,79,63.6,30.188,1,3,202,0.000,0.000,3.400,3.400,70.4
1337853600,70.5,79,63.7,30.184,0,1,202,0.000,0.000,3.400,3.400,70.5
1337853660,70.7,81,64.6,30.186,1,2,248,0.000,0.000,3.400,3.400,70.7
1337853720,70.8,80,64.3,30.186,1,2,158,0.000,0.000,3.400,3.400,70.8
1337853780,70.9,80,64.4,30.183,1,3,158,0.000,0.000,3.400,3.400,70.9
1337853840,71.0,80,64.5,30.182,2,2,180,0.000,0.000,3.400,3.400,71.0
1337853900,71.1,81,65.0,30.183,3,5,180,0.000,0.000,3.400,3.400,71.1
1337853960,71.1,80,64.6,30.181,2,5,180,0.000,0.000,3.400,3.400,71.1
1337854020,71.3,78,64.1,30.180,1,3,202,0.000,0.000,3.400,3.400,71.3
1337854080,71.3,82,65.5,30.180,2,3,202,0.000,0.000,3.400,3.400,71.3
1337854140,71.5,80,65.0,30.180,2,3,225,0.000,0.000,3.400,3.400,71.5
1337854200,71.7,81,65.6,30.180,3,7,202,0.000,0.000,3.400,3.400,71.7
1337854260,71.8,78,64.6,30.178,2,3,202,0.000,0.000,3.400,3.400,71.8
1337854320,72.0,77,64.4,30.177,2,3,225,0.000,0.000,3.400,3.400,72.0
1337854380,72.2,78,65.0,30.178,0,1,202,0.000,0.000,3.400,3.400,72.2
1337854440,72.4,79,65.5,30.178,0,2,225,0.000,0.000,3.400,3.400,72.4
1337854500,72.6,79,65.7,30.179,3,5,225,0.000,0.000,3.400,3.400,72.6
1337854560,72.9,74,64.1,30.178,3,7,180,0.000,0.000,3.400,3.400,72.9
1337854620,73.1,76,65.1,30.178,3,5,202,0.000,0.000,3.400,3.400,73.1
1337854680,73.3,78,66.0,30.178,2,2,202,0.000,0.000,3.400,3.400,73.3
1337854740,73.4,77,65.7,30.177,3,10,180,0.000,0.000,3.400,3.400,73.4
1337854800,73.3,75,64.9,30.177,3,7,180,0.000,0.000,3.400,3.400,73.3
1337854860,73.1,77,65.5,30.178,2,3,180,0.000,0.000,3.400,3.400,73.1
1337854920,73.0,76,65.0,30.178,2,3,180,0.000,0.000,3.400,3.400,73.0
1337854980,72.9,77,65.3,30.177,1,2,158,0.000,0.000,3.400,3.400,72.9
1337855040,72.8,78,65.5,30.178,2,3,180,0.000,0.000,3.400,3.400,72.8
1337855100,72.8,74,64.0,30.178,2,3,158,0.000,0.000,3.400,3.400,72.8
1337855160,72.7,74,63.9,30.178,2,3,180,0.000,0.000,3.400,3.400,72.7
1337855220,72.7,76,64.7,30.178,3,5,180,0.000,0.000,3.400,3.400,72.7
1337855280,72.7,73,63.5,30.178,2,5,248,0.000,0.000,3.400,3.400,72.7
1337855340,72.7,73,63.5,30.178,0,1,248,0.000,0.000,3.400,3.400,72.7
1337855400,72.7,76,64.7,30.177,1,3,248,0.000,0.000,3.400,3.400,72.7
1337855460,72.6,75,64.2,30.179,2,3,180,0.000,0.000,3.400,3.400,72.6
1337855520,72.5,77,64.9,30.179,3,5,180,0.000,0.000,3.400,3.400,72.5
1337855580,72.4,75,64.0,30.179,2,5,158,0.000,0.000,3.400,3.400,72.4
1337855640,72.2,77,64.6,30.179,3,5,180,0.000,0.000,3.400,3.400,72.2
1337855700,72.1,77,64.5,30.179,2,3,180,0.000,0.000,3.400,3.400,72.1
1337855760,71.9,78,64.7,30.178,3,3,180,0.000,0.000,3.400,3.400,71.9
1337855820,71.8,76,63.8,30.178,3,3,158,0.000,0.000,3.400,3.400,71.8
1337855880,71.7,78,64.5,30.177,3,5,180,0.000,0.000,3.400,3.400,71.7
1337855940,71.5,76,63.5,30.177,3,7,202,0.000,0.000,3.400,3.400,71.5
1337856000,71.5,75,63.2,30.177,3,6,180,0.000,0.000,3.400,3.400,71.5
1337856060,71.5,77,63.9,30.177,3,5,158,0.000,0.000,3.400,3.400,71.5
1337856120,71.5,75,63.2,30.175,3,10,180,0.000,0.000,3.400,3.400,71.5
1337856180,71.6,75,63.3,30.175,3,7,180,0.000,0.000,3.400,3.400,71.6
1337856240,71.6,76,63.6,30.176,2,3,158,0.000,0.000,3.400,3.400,71.6
1337856300,71.7,76,63.7,30.176,2,3,158,0.000,0.000,3.400,3.400,71.7
1337856360,71.7,76,63.7,30.174,2,5,180,0.000,0.000,3.400,3.400,71.7
1337856420,71.7,75,63.4,30.175,3,6,202,0.000,0.000,3.400,3.400,71.7
1337856480,71.7,75,63.4,30.174,3,5,202,0.000,0.000,3.400,3.400,71.7
1337856540,71.8,77,64.2,30.174,1,3,135,0.000,0.000,3.400,3.400,71.8
1337856600,71.9,76,63.9,30.174,3,3,180,0.000,0.000,3.400,3.400,71.9
1337856660,72.2,76,64.2,30.173,2,3,180,0.000,0.000,3.400,3.400,72.2
1337856720,72.4,76,64.4,30.174,0,1,158,0.000,0.000,3.400,3.400,72.4
1337856780,72.6,73,63.4,30.174,2,3,225,0.000,0.000,3.400,3.400,72.6
1337856840,72.7,72,63.1,30.173,1,3,158,0.000,0.000,3.400,3.400,72.7
1337856900,72.9,72,63.3,30.173,1,2,68,0.000,0.000,3.400,3.400,72.9
1337856960,73.0,73,63.8,30.172,1,3,158,0.000,0.000,3.400,3.400,73.0
1337857020,73.1,76,65.1,30.173,3,6,158,0.000,0.000,3.400,3.400,73.1
1337857080,73.2,71,63.2,30.172,2,3,225,0.000,0.000,3.400,3.400,73.2
1337857140,73.5,72,63.9,30.171,3,6,225,0.000,0.000,3.400,3.400,73.5
1337857200,73.7,70,63.3,30.173,3,6,202,0.000,0.000,3.400,3.400,73.7
1337857260,73.9,70,63.5,30.173,3,10,202,0.000,0.000,3.400,3.400,73.9
1337857320,74.0,71,64.0,30.171,3,6,180,0.000,0.000,3.400,3.400,74.0
1337857380,74.1,70,63.7,30.171,3,3,180,0.000,0.000,3.400,3.400,74.1
1337857440,74.1,72,64.5,30.172,5,10,180,0.000,0.000,3.400,3.400,74.1
1337857500,74.0,69,63.2,30.171,1,3,158,0.000,0.000,3.400,3.400,74.0
1337857560,73.8,70,63.4,30.171,5,12,158,0.000,0.000,3.400,3.400,73.8
1337857620,73.7,71,63.7,30.171,2,3,180,0.000,0.000,3.400,3.400,73.7
1337857680,73.6,71,63.6,30.170,3,7,180,0.000,0.000,3.400,3.400,73.6
1337857740,73.3,71,63.3,30.171,2,3,180,0.000,0.000,3.400,3.400,73.3
1337857800,73.2,71,63.2,30.170,3,6,158,0.000,0.000,3.400,3.400,73.2
1337857860,73.0,72,63.4,30.170,3,5,180,0.000,0.000,3.400,3.400,73.0
1337857920,72.8,72,63.2,30.170,3,9,180,0.000,0.000,3.400,3.400,72.8
1337857980,72.6,71,62.7,30.170,3,8,248,0.000,0.000,3.400,3.400,72.6
1337858040,72.5,72,63.0,30.171,3,7,180,0.000,0.000,3.400,3.400,72.5
1337858100,72.4,73,63.3,30.170,2,3,248,0.000,0.000,3.400,3.400,72.4
1337858160,72.3,71,62.4,30.171,3,5,270,0.000,0.000,3.400,3.400,72.3
1337858220,72.2,73,63.1,30.170,2,5,225,0.000,0.000,3.400,3.400,72.2
1337858280,72.2,72,62.7,30.169,3,5,180,0.000,0.000,3.400,3.400,72.2
1337858340,72.2,71,62.3,30.170,3,7,202,0.000,0.000,3.400,3.400,72.2
1337858400,72.2,72,62.7,30.168,2,5,202,0.000,0.000,3.400,3.400,72.2
1337858460,72.4,73,63.3,30.168,3,7,248,0.000,0.000,3.400,3.400,72.4
1337858520,72.5,73,63.4,30.168,3,6,270,0.000,0.000,3.400,3.400,72.5
1337858580,72.6,72,63.1,30.168,2,3,270,0.000,0.000,3.400,3.400,72.6
1337858640,72.7,73,63.5,30.167,3,5,270,0.000,0.000,3.400,3.400,72.7
1337858700,72.8,72,63.2,30.166,1,2,180,0.000,0.000,3.400,3.400,72.8
1337858760,72.9,74,64.1,30.168,2,10,315,0.000,0.000,3.400,3.400,72.9
1337858820,72.9,72,63.3,30.167,3,7,248,0.000,0.000,3.400,3.400,72.9
1337858880,72.9,73,63.7,30.169,3,8,225,0.000,0.000,3.400,3.400,72.9
1337858940,72.8,72,63.2,30.169,2,3,225,0.000,0.000,3.400,3.400,72.8
1337859000,72.7,73,63.5,30.169,2,5,225,0.000,0.000,3.400,3.400,72.7
1337859060,72.6,73,63.4,30.168,2,3,315,0.000,0.000,3.400,3.400,72.6
1337859120,72.6,74,63.8,30.170,2,3,315,0.000,0.000,3.400,3.400,72.6
1337859180,72.5,73,63.4,30.169,1,1,315,0.000,0.000,3.400,3.400,72.5
1337859240,72.4,74,63.6,30.169,0,1,202,0.000,0.000,3.400,3.400,72.4
1337859300,72.4,76,64.4,30.170,1,3,180,0.000,0.000,3.400,3.400,72.4
1337859360,72.4,75,64.0,30.171,0,1,180,0.000,0.000,3.400,3.400,72.4
1337859420,72.3,77,64.7,30.171,0,1,180,0.000,0.000,3.400,3.400,72.3
1337859480,72.3,75,63.9,30.171,3,6,225,0.000,0.000,3.400,3.400,72.3
1337859540,72.2,76,64.2,30.172,1,2,135,0.000,0.000,3.400,3.400,72.2
1337859600,72.2,77,64.6,30.172,2,3,135,0.000,0.000,3.400,3.400,72.2
1337859660,72.1,75,63.7,30.171,3,3,292,0.000,0.000,3.400,3.400,72.1
1337859720,72.0,75,63.6,30.171,3,5,202,0.000,0.000,3.400,3.400,72.0
1337859780,71.9,75,63.5,30.171,3,3,180,0.000,0.000,3.400,3.400,71.9
1337859840,71.9,74,63.2,30.171,3,6,270,0.000,0.000,3.400,3.400,71.9
1337859900,71.8,75,63.4,30.171,3,3,180,0.000,0.000,3.400,3.400,71.8
1337859960,71.7,76,63.7,30.172,2,3,292,0.000,0.000,3.400,3.400,71.7
1337860020,71.7,76,63.7,30.170,2,3,270,0.000,0.000,3.400,3.400,71.7
1337860080,71.7,76,63.7,30.171,1,3,270,0.000,0.000,3.400,3.400,71.7
1337860140,71.6,76,63.6,30.171,2,3,225,0.000,0.000,3.400,3.400,71.6
1337860200,71.6,76,63.6,30.172,1,3,270,0.000,0.000,3.400,3.400,71.6
1337860260,71.5,77,63.9,30.172,2,3,180,0.000,0.000,3.400,3.400,71.5
1337860320,71.5,77,63.9,30.173,2,3,248,0.000,0.000,3.400,3.400,71.5
1337860380,71.4,76,63.4,30.171,3,9,180,0.000,0.000,3.400,3.400,71.4
1337860440,71.4,76,63.4,30.172,2,3,292,0.000,0.000,3.400,3.400,71.4
1337860500,71.3,76,63.3,30.171,3,7,202,0.000,0.000,3.400,3.400,71.3
1337860560,71.3,76,63.3,30.171,3,5,180,0.000,0.000,3.400,3.400,71.3
1337860620,71.3,76,63.3,30.171,3,5,202,0.000,0.000,3.400,3.400,71.3
1337860680,71.3,76,63.3,30.171,3,5,202,0.000,0.000,3.400,3.400,71.3
1337860740,71.3,76,63.3,30.172,5,9,202,0.000,0.000,3.400,3.400,71.3
1337860800,71.2,76,63.2,30.171,3,5,338,0.000,0.000,3.400,3.400,71.2
1337860860,71.1,76,63.1,30.170,1,3,292,0.000,0.000,3.400,3.400,71.1
1337860920,71.1,76,63.1,30.171,2,5,292,0.000,0.000,3.400,3.400,71.1
1337860980,71.0,77,63.4,30.170,2,3,202,0.000,0.000,3.400,3.400,71.0
1337861040,71.0,76,63.1,30.169,2,3,225,0.000,0.000,3.400,3.400,71.0
1337861100,71.0,76,63.1,30.171,3,12,248,0.000,0.000,3.400,3.400,71.0
1337861160,70.8,76,62.9,30.170,5,12,202,0.000,0.000,3.400,3.400,70.8
1337861220,70.8,76,62.9,30.172,3,3,0,0.000,0.000,3.400,3.400,70.8
1337861280,70.8,76,62.9,30.171,3,5,180,0.000,0.000,3.400,3.400,70.8
1337861340,70.8,76,62.9,30.172,2,3,270,0.000,0.000,3.400,3.400,70.8
1337861400,70.7,76,62.8,30.171,2,5,202,0.000,0.000,3.400,3.400,70.7
1337861460,70.8,76,62.9,30.172,2,3,270,0.000,0.000,3.400,3.400,70.8
1337861520,70.8,76,62.9,30.172,1,3,202,0.000,0.000,3.400,3.400,70.8
1337861580,70.9,77,63.3,30.171,2,3,248,0.000,0.000,3.400,3.400,70.9
1337861640,71.0,78,63.8,30.172,1,2,248,0.000,0.000,3.400,3.400,71.0
1337861700,71.0,78,63.8,30.170,2,3,248,0.000,0.000,3.400,3.400,71.0
1337861760,71.1,77,63.5,30.170,3,5,225,0.000,0.000,3.400,3.400,71.1
1337861820,71.1,77,63.5,30.170,2,3,180,0.000,0.000,3.400,3.400,71.1
1337861880,71.0,77,63.4,30.170,3,5,202,0.000,0.000,3.400,3.400,71.0
1337861940,71.0,77,63.4,30.170,2,3,248,0.000,0.000,3.400,3.400,71.0
1337862000,71.0,77,63.4,30.171,3,6,315,0.000,0.000,3.400,3.400,71.0
1337862060,71.0,76,63.1,30.171,3,7,225,0.000,0.000,3.400,3.400,71.0
1337862120,70.9,76,63.0,30.171,3,5,270,0.000,0.000,3.400,3.400,70.9
1337862180,70.9,77,63.3,30.170,1,3,202,0.000,0.000,3.400,3.400,70.9
1337862240,70.8,77,63.2,30.169,3,6,202,0.000,0.000,3.400,3.400,70.8
1337862300,70.7,77,63.1,30.169,2,3,202,0.000,0.000,3.400,3.400,70.7
1337862360,70.7,77,63.1,30.170,0,1,202,0.000,0.000,3.400,3.400,70.7
1337862420,70.7,78,63.5,30.168,1,3,202,0.000,0.000,3.400,3.400,70.7
1337862480,70.7,78,63.5,30.169,2,3,270,0.000,0.000,3.400,3.400,70.7
1337862540,70.6,78,63.4,30.167,3,9,225,0.000,0.000,3.400,3.400,70.6
1337862600,70.6,78,63.4,30.169,2,3,202,0.000,0.000,3.400,3.400,70.6
1337862660,70.5,78,63.3,30.169,2,3,180,0.000,0.000,3.400,3.400,70.5
1337862720,70.4,79,63.6,30.167,3,3,180,0.000,0.000,3.400,3.400,70.4
1337862780,70.4,78,63.2,30.166,2,6,270,0.000,0.000,3.400,3.400,70.4
1337862840,70.3,78,63.1,30.167,2,5,180,0.000,0.000,3.400,3.400,70.3
1337862900,70.3,79,63.5,30.167,2,6,158,0.000,0.000,3.400,3.400,70.3
1337862960,70.3,79,63.5,30.164,0,2,158,0.000,0.000,3.400,3.400,70.3
1337863020,70.3,80,63.8,30.165,1,3,315,0.000,0.000,3.400,3.400,70.3
1337863080,70.3,80,63.8,30.165,2,3,315,0.000,0.000,3.400,3.400,70.3
1337863140,70.2,80,63.7,30.165,2,6,225,0.000,0.000,3.400,3.400,70.2
1337863200,70.2,79,63.4,30.163,1,2,248,0.000,0.000,3.400,3.400,70.2
1337863260,70.2,80,63.7,30.164,2,5,202,0.000,0.000,3.400,3.400,70.2
1337863320,70.1,80,63.6,30.165,3,6,180,0.000,0.000,3.400,3.400,70.1
1337863380,70.1,80,63.6,30.166,3,6,225,0.000,0.000,3.400,3.400,70.1
1337863440,70.1,79,63.3,30.165,3,5,225,0.000,0.000,3.400,3.400,70.1
1337863500,70.1,80,63.6,30.164,2,8,225,0.000,0.000,3.400,3.400,70.1
1337863560,70.0,80,63.5,30.164,1,5,202,0.000,0.000,3.400,3.400,70.0
1337863620,70.0,79,63.2,30.165,3,9,225,0.000,0.000,3.400,3.400,70.0
1337863680,70.0,80,63.5,30.165,3,6,180,0.000,0.000,3.400,3.400,70.0
1337863740,70.0,80,63.5,30.164,3,6,202,0.000,0.000,3.400,3.400,70.0
1337863800,70.0,80,63.5,30.165,3,6,180,0.000,0.000,3.400,3.400,70.0
1337863860,70.1,79,63.3,30.163,3,7,202,0.000,0.000,3.400,3.400,70.1
1337863920,70.1,80,63.6,30.165,1,3,0,0.000,0.000,3.400,3.400,70.1
1337863980,70.1,80,63.6,30.165,3,9,225,0.000,0.000,3.400,3.400,70.1
1337864040,70.1,80,63.6,30.164,3,5,202,0.000,0.000,3.400,3.400,70.1
1337864100,70.2,80,63.7,30.164,3,7,180,0.000,0.000,3.400,3.400,70.2
1337864160,70.2,81,64.1,30.164,0,2,180,0.000,0.000,3.400,3.400,70.2
1337864220,70.3,81,64.2,30.163,1,2,180,0.000,0.000,3.400,3.400,70.3
1337864280,70.3,81,64.2,30.163,0,0,180,0.000,0.000,3.400,3.400,70.3
1337864340,70.4,82,64.6,30.163,2,5,270,0.000,0.000,3.400,3.400,70.4
1337864400,70.5,80,64.0,30.163,1,2,270,0.000,0.000,3.400,3.400,70.5
1337864460,70.5,80,64.0,30.164,0,1,270,0.000,0.000,3.400,3.400,70.5
1337864520,70.5,79,63.7,30.162,3,5,202,0.000,0.000,3.400,3.400,70.5
1337864580,70.6,79,63.8,30.163,3,8,225,0.000,0.000,3.400,3.400,70.6
1337864640,70.6,79,63.8,30.162,1,3,270,0.000,0.000,3.400,3.400,70.6
1337864700,70.6,79,63.8,30.162,0,1,248,0.000,0.000,3.400,3.400,70.6
1337864760,70.7,79,63.9,30.162,1,3,225,0.000,0.000,3.400,3.400,70.7
1337864820,70.8,80,64.3,30.162,2,3,292,0.000,0.000,3.400,3.400,70.8
1337864880,70.8,79,64.0,30.160,3,7,292,0.000,0.000,3.400,3.400,70.8
1337864940,70.9,78,63.7,30.160,3,6,180,0.000,0.000,3.400,3.400,70.9
1337865000,71.0,78,63.8,30.162,3,5,225,0.000,0.000,3.400,3.400,71.0
1337865060,71.0,78,63.8,30.161,3,5,292,0.000,0.000,3.400,3.400,71.0
1337865120,71.1,78,63.9,30.160,2,3,270,0.000,0.000,3.400,3.400,71.1
1337865180,71.1,78,63.9,30.162,3,5,225,0.000,0.000,3.400,3.400,71.1
1337865240,71.1,78,63.9,30.161,5,9,225,0.000,0.000,3.400,3.400,71.1
1337865300,71.2,78,64.0,30.162,5,12,202,0.000,0.000,3.400,3.400,71.2
1337865360,71.1,77,63.5,30.162,2,5,248,0.000,0.000,3.400,3.400,71.1
1337865420,71.2,77,63.6,30.159,2,5,180,0.000,0.000,3.400,3.400,71.2
1337865480,71.2,77,63.6,30.160,2,6,180,0.000,0.000,3.400,3.400,71.2
1337865540,71.2,78,64.0,30.159,2,3,292,0.000,0.000,3.400,3.400,71.2
1337865600,71.2,78,64.0,30.160,2,3,270,0.000,0.000,3.400,3.400,71.2
1337865660,71.2,77,63.6,30.161,2,3,270,0.000,0.000,3.400,3.400,71.2
1337865720,71.1,77,63.5,30.159,2,3,202,0.000,0.000,3.400,3.400,71.1
1337865780,71.1,77,63.5,30.160,1,3,248,0.000,0.000,3.400,3.400,71.1
1337865840,71.1,78,63.9,30.159,2,5,338,0.000,0.000,3.400,3.400,71.1
1337865900,71.0,77,63.4,30.160,5,9,225,0.000,0.000,3.400,3.400,71.0
1337865960,70.9,77,63.3,30.160,3,9,180,0.000,0.000,3.400,3.400,70.9
1337866020,70.9,77,63.3,30.159,3,3,180,0.000,0.000,3.400,3.400,70.9
1337866080,70.8,77,63.2,30.158,2,2,202,0.000,0.000,3.400,3.400,70.8
1337866140,70.8,77,63.2,30.159,2,7,270,0.000,0.000,3.400,3.400,70.8
1337866200,70.7,77,63.1,30.159,5,7,270,0.000,0.000,3.400,3.400,70.7
1337866260,70.6,77,63.0,30.159,3,6,180,0.000,0.000,3.400,3.400,70.6
1337866320,70.6,78,63.4,30.161,2,3,22,0.000,0.000,3.400,3.400,70.6
1337866380,70.5,78,63.3,30.161,3,7,202,0.000,0.000,3.400,3.400,70.5
1337866440,70.4,78,63.2,30.161,2,5,180,0.000,0.000,3.400,3.400,70.4
1337866500,70.4,78,63.2,30.161,2,3,158,0.000,0.000,3.400,3.400,70.4
1337866560,70.3,78,63.1,30.164,2,3,248,0.000,0.000,3.400,3.400,70.3
1337866620,70.3,79,63.5,30.163,3,10,202,0.000,0.000,3.400,3.400,70.3
1337866680,70.3,79,63.5,30.162,3,7,202,0.000,0.000,3.400,3.400,70.3
1337866740,70.3,79,63.5,30.163,2,3,202,0.000,0.000,3.400,3.400,70.3
1337866800,70.3,79,63.5,30.163,1,3,248,0.000,0.000,3.400,3.400,70.3
1337866860,70.2,80,63.7,30.163,1,3,180,0.000,0.000,3.400,3.400,70.2
1337866920,70.3,79,63.5,30.163,2,3,202,0.000,0.000,3.400,3.400,70.3
1337866980,70.2,80,63.7,30.165,1,3,180,0.000,0.000,3.400,3.400,70.2
1337867040,70.2,80,63.7,30.165,2,3,225,0.000,0.000,3.400,3.400,70.2
1337867100,70.2,79,63.4,30.164,1,3,248,0.000,0.000,3.400,3.400,70.2
1337867160,70.2,80,63.7,30.164,1,3,248,0.000,0.000,3.400,3.400,70.2
1337867220,70.2,80,63.7,30.164,0,1,338,0.000,0.000,3.400,3.400,70.2
1337867280,70.3,80,63.8,30.164,3,5,180,0.000,0.000,3.400,3.400,70.3
1337867340,70.3,79,63.5,30.164,3,9,180,0.000,0.000,3.400,3.400,70.3
1337867400,70.2,79,63.4,30.164,3,8,180,0.000,0.000,3.400,3.400,70.2
1337867460,70.2,80,63.7,30.166,2,5,202,0.000,0.000,3.400,3.400,70.2
1337867520,70.2,79,63.4,30.166,1,3,225,0.000,0.000,3.400,3.400,70.2
1337867580,70.2,79,63.4,30.167,0,1,225,0.000,0.000,3.400,3.400,70.2
1337867640,70.2,80,63.7,30.167,1,3,225,0.000,0.000,3.400,3.400,70.2
1337867700,70.2,80,63.7,30.165,2,3,202,0.000,0.000,3.400,3.400,70.2
1337867760,70.2,79,63.4,30.167,2,3,315,0.000,0.000,3.400,3.400,70.2
1337867820,70.2,80,63.7,30.166,1,2,45,0.000,0.000,3.400,3.400,70.2
1337867880,70.2,81,64.1,30.168,1,3,248,0.000,0.000,3.400,3.400,70.2
1337867940,70.2,80,63.7,30.168,1,3,248,0.000,0.000,3.400,3.400,70.2
1337868000,70.2,80,63.7,30.168,1,5,225,0.000,0.000,3.400,3.400,70.2
1337868060,70.2,80,63.7,30.168,3,7,180,0.000,0.000,3.400,3.400,70.2
1337868120,70.2,80,63.7,30.166,2,6,22,0.000,0.000,3.400,3.400,70.2
1337868180,70.2,79,63.4,30.167,2,5,180,0.000,0.000,3.400,3.400,70.2
1337868240,70.1,79,63.3,30.167,2,3,180,0.000,0.000,3.400,3.400,70.1
1337868300,70.1,79,63.3,30.167,2,3,315,0.000,0.000,3.400,3.400,70.1
1337868360,70.1,79,63.3,30.167,2,3,202,0.000,0.000,3.400,3.400,70.1
1337868420,70.0,80,63.5,30.167,3,5,225,0.000,0.000,3.400,3.400,70.0
1337868480,70.0,79,63.2,30.168,1,3,225,0.000,0.000,3.400,3.400,70.0
1337868540,70.0,79,63.2,30.166,2,3,180,0.000,0.000,3.400,3.400,70.0
1337868600,70.0,80,63.5,30.166,1,2,180,0.000,0.000,3.400,3.400,70.0
1337868660,69.9,80,63.4,30.165,2,3,202,0.000,0.000,3.400,3.400,69.9
1337868720,69.9,81,63.8,30.166,1,3,135,0.000,0.000,3.400,3.400,69.9
1337868780,69.8,81,63.7,30.166,2,3,180,0.000,0.000,3.400,3.400,69.8
1337868840,69.7,81,63.6,30.166,2,3,180,0.000,0.000,3.400,3.400,69.7
1337868900,69.7,80,63.3,30.165,7,12,180,0.000,0.000,3.400,3.400,69.7
1337868960,69.6,80,63.2,30.165,2,5,180,0.000,0.000,3.400,3.400,69.6
1337869020,69.6,80,63.2,30.164,3,5,158,0.000,0.000,3.400,3.400,69.6
1337869080,69.5,80,63.1,30.165,2,3,158,0.000,0.000,3.400,3.400,69.5
1337869140,69.5,81,63.4,30.164,3,3,180,0.000,0.000,3.400,3.400,69.5
1337869200,69.5,80,63.1,30.165,1,3,180,0.000,0.000,3.400,3.400,69.5
1337869260,69.5,81,63.4,30.164,0,1,180,0.000,0.000,3.400,3.400,69.5
1337869320,69.5,80,63.1,30.164,1,2,180,0.000,0.000,3.400,3.400,69.5
1337869380,69.5,80,63.1,30.165,3,6,202,0.000,0.000,3.400,3.400,69.5
1337869440,69.5,80,63.1,30.163,1,5,202,0.000,0.000,3.400,3.400,69.5
1337869500,69.6,80,63.2,30.162,1,2,135,0.000,0.000,3.400,3.400,69.6
1337869560,69.6,81,63.5,30.162,0,1,158,0.000,0.000,3.400,3.400,69.6
1337869620,69.6,81,63.5,30.164,1,2,158,0.000,0.000,3.400,3.400,69.6
1337869680,69.6,81,63.5,30.163,1,3,202,0.000,0.000,3.400,3.400,69.6
1337869740,69.7,81,63.6,30.163,1,3,180,0.000,0.000,3.400,3.400,69.7
1337869800,69.7,81,63.6,30.162,2,3,202,0.000,0.000,3.400,3.400,69.7
1337869860,69.7,80,63.3,30.161,1,3,202,0.000,0.000,3.400,3.400,69.7
1337869920,69.7,80,63.3,30.162,2,3,180,0.000,0.000,3.400,3.400,69.7
1337869980,69.8,80,63.3,30.162,2,3,180,0.000,0.000,3.400,3.400,69.8
1337870040,69.8,79,63.0,30.162,1,3,158,0.000,0.000,3.400,3.400,69.8
1337870100,69.9,81,63.8,30.162,1,3,158,0.000,0.000,3.400,3.400,69.9
1337870160,69.9,80,63.4,30.161,1,3,158,0.000,0.000,3.400,3.400,69.9
1337870220,70.0,81,63.9,30.162,0,1,158,0.000,0.000,3.400,3.400,70.0
1337870280,70.1,81,64.0,30.162,2,3,158,0.000,0.000,3.400,3.400,70.1
1337870340,70.1,79,63.3,30.161,2,3,180,0.000,0.000,3.400,3.400,70.1
1337870400,70.2,80,63.7,30.160,2,3,202,0.000,0.000,3.400,3.400,70.2
1337870460,70.3,80,63.8,30.160,2,5,180,0.000,0.000,3.400,3.400,70.3
1337870520,70.3,79,63.5,30.159,3,5,202,0.000,0.000,3.400,3.400,70.3
1337870580,70.3,79,63.5,30.159,1,2,158,0.000,0.000,3.400,3.400,70.3
1337870640,70.4,79,63.6,30.160,2,3,180,0.000,0.000,3.400,3.400,70.4
1337870700,70.4,79,63.6,30.158,2,3,180,0.000,0.000,3.400,3.400,70.4
1337870760,70.4,79,63.6,30.159,0,2,180,0.000,0.000,3.400,3.400,70.4
1337870820,70.4,80,63.9,30.159,1,3,180,0.000,0.000,3.400,3.400,70.4
1337870880,70.4,80,63.9,30.160,1,2,135,0.000,0.000,3.400,3.400,70.4
1337870940,70.5,80,64.0,30.160,1,2,225,0.000,0.000,3.400,3.400,70.5
1337871000,70.5,79,63.7,30.159,0,1,225,0.000,0.000,3.400,3.400,70.5
1337871060,70.6,80,64.1,30.160,0,1,225,0.000,0.000,3.400,3.400,70.6
1337871120,70.6,80,64.1,30.159,1,3,225,0.000,0.000,3.400,3.400,70.6
1337871180,70.6,79,63.8,30.159,1,3,248,0.000,0.000,3.400,3.400,70.6
1337871240,70.6,79,63.8,30.160,3,7,225,0.000,0.000,3.400,3.400,70.6
1337871300,70.6,78,63.4,30.158,3,6,202,0.000,0.000,3.400,3.400,70.6
1337871360,70.6,78,63.4,30.161,3,3,202,0.000,0.000,3.400,3.400,70.6
1337871420,70.6,78,63.4,30.160,3,6,225,0.000,0.000,3.400,3.400,70.6
1337871480,70.6,79,63.8,30.159,3,5,225,0.000,0.000,3.400,3.400,70.6
1337871540,70.7,79,63.9,30.159,2,5,202,0.000,0.000,3.400,3.400,70.7
1337871600,70.7,78,63.5,30.159,2,3,180,0.000,0.000,3.400,3.400,70.7
1337871660,70.7,78,63.5,30.159,3,5,225,0.000,0.000,3.400,3.400,70.7
1337871720,70.7,78,63.5,30.160,2,3,338,0.000,0.000,3.400,3.400,70.7
1337871780,70.7,78,63.5,30.159,2,3,225,0.000,0.000,3.400,3.400,70.7
1337871840,70.7,78,63.5,30.159,2,3,225,0.000,0.000,3.400,3.400,70.7
1337871900,70.7,78,63.5,30.159,0,1,225,0.000,0.000,3.400,3.400,70.7
1337871960,70.7,79,63.9,30.159,1,2,225,0.000,0.000,3.400,3.400,70.7
1337872020,70.7,78,63.5,30.159,0,1,248,0.000,0.000,3.400,3.400,70.7
1337872080,70.7,78,63.5,30.159,1,3,158,0.000,0.000,3.400,3.400,70.7
1337872140,70.7,79,63.9,30.160,1,2,158,0.000,0.000,3.400,3.400,70.7
1337872200,70.7,79,63.9,30.159,1,3,180,0.000,0.000,3.400,3.400,70.7
1337872260,70.7,78,63.5,30.159,3,5,270,0.000,0.000,3.400,3.400,70.7
1337872320,70.7,78,63.5,30.160,3,3,225,0.000,0.000,3.400,3.400,70.7
1337872380,70.7,78,63.5,30.160,2,3,202,0.000,0.000,3.400,3.400,70.7
1337872440,70.6,78,63.4,30.159,2,3,225,0.000,0.000,3.400,3.400,70.6
1337872500,70.6,79,63.8,30.159,2,3,135,0.000,0.000,3.400,3.400,70.6
1337872560,70.6,79,63.8,30.158,2,3,180,0.000,0.000,3.400,3.400,70.6
1337872620,70.6,78,63.4,30.159,3,5,180,0.000,0.000,3.400,3.400,70.6
1337872680,70.6,78,63.4,30.158,1,2,180,0.000,0.000,3.400,3.400,70.6
1337872740,70.6,78,63.4,30.158,2,3,180,0.000,0.000,3.400,3.400,70.6
1337872800,70.5,78,63.3,30.158,1,3,270,0.000,0.000,3.400,3.400,70.5
1337872860,70.5,77,62.9,30.158,5,7,180,0.000,0.000,3.400,3.400,70.5
1337872920,70.5,78,63.3,30.159,3,6,180,0.000,0.000,3.400,3.400,70.5
1337872980,70.5,77,62.9,30.159,1,3,158,0.000,0.000,3.400,3.400,70.5
1337873040,70.5,77,62.9,30.160,5,7,158,0.000,0.000,3.400,3.400,70.5
1337873100,70.4,76,62.5,30.159,3,6,202,0.000,0.000,3.400,3.400,70.4
1337873160,70.5,77,62.9,30.159,1,2,292,0.000,0.000,3.400,3.400,70.5
1337873220,70.5,77,62.9,30.160,1,2,270,0.000,0.000,3.400,3.400,70.5
1337873280,70.5,77,62.9,30.159,1,2,270,0.000,0.000,3.400,3.400,70.5
1337873340,70.5,79,63.7,30.160,2,3,180,0.000,0.000,3.400,3.400,70.5
1337873400,70.5,77,62.9,30.161,1,3,180,0.000,0.000,3.400,3.400,70.5
1337873460,70.4,78,63.2,30.161,2,3,202,0.000,0.000,3.400,3.400,70.4
1337873520,70.5,77,62.9,30.161,2,3,158,0.000,0.000,3.400,3.400,70.5
1337873580,70.5,77,62.9,30.161,1,2,180,0.000,0.000,3.400,3.400,70.5
1337873640,70.5,78,63.3,30.160,0,1,180,0.000,0.000,3.400,3.400,70.5
1337873700,70.5,78,63.3,30.160,1,3,180,0.000,0.000,3.400,3.400,70.5
1337873760,70.5,77,62.9,30.162,2,3,202,0.000,0.000,3.400,3.400,70.5
1337873820,70.5,77,62.9,30.161,3,6,202,0.000,0.000,3.400,3.400,70.5
1337873880,70.4,77,62.8,30.161,2,5,225,0.000,0.000,3.400,3.400,70.4
1337873940,70.5,76,62.6,30.161,3,3,202,0.000,0.000,3.400,3.400,70.5
1337874000,70.4,76,62.5,30.162,3,6,180,0.000,0.000,3.400,3.400,70.4
1337874060,70.4,76,62.5,30.160,3,5,180,0.000,0.000,3.400,3.400,70.4
1337874120,70.4,76,62.5,30.159,3,9,180,0.000,0.000,3.400,3.400,70.4
1337874180,70.3,76,62.4,30.161,3,3,225,0.000,0.000,3.400,3.400,70.3
1337874240,70.3,76,62.4,30.161,1,3,202,0.000,0.000,3.400,3.400,70.3
1337874300,70.3,77,62.7,30.161,3,10,135,0.000,0.000,3.400,3.400,70.3
1337874360,70.2,76,62.3,30.160,3,10,180,0.000,0.000,3.400,3.400,70.2
1337874420,70.2,78,63.0,30.161,1,2,180,0.000,0.000,3.400,3.400,70.2
1337874480,70.1,77,62.6,30.161,2,3,225,0.000,0.000,3.400,3.400,70.1
1337874540,70.1,77,62.6,30.162,2,3,225,0.000,0.000,3.400,3.400,70.1
1337874600,70.0,78,62.8,30.162,0,1,225,0.000,0.000,3.400,3.400,70.0
1337874660,70.0,78,62.8,30.162,1,3,202,0.000,0.000,3.400,3.400,70.0
1337874720,69.9,77,62.4,30.163,1,3,180,0.000,0.000,3.400,3.400,69.9
1337874780,69.9,78,62.7,30.162,0,1,180,0.000,0.000,3.400,3.400,69.9
1337874840,69.9,78,62.7,30.162,0,0,180,0.000,0.000,3.400,3.400,69.9
1337874900,69.9,78,62.7,30.162,0,0,180,0.000,0.000,3.400,3.400,69.9
1337874960,69.9,78,62.7,30.163,0,1,180,0.000,0.000,3.400,3.400,69.9
1337875020,69.9,78,62.7,30.162,0,2,202,0.000,0.000,3.400,3.400,69.9
1337875080,69.9,78,62.7,30.163,2,3,202,0.000,0.000,3.400,3.400,69.9
1337875140,69.9,77,62.4,30.162,2,3,202,0.000,0.000,3.400,3.400,69.9
1337875200,69.9,78,62.7,30.162,1,2,180,0.000,0.000,3.400,3.400,69.9
1337875260,69.9,78,62.7,30.162,0,2,180,0.000,0.000,3.400,3.400,69.9
1337875320,69.9,78,62.7,30.162,0,1,180,0.000,0.000,3.400,3.400,69.9
1337875380,69.9,78,62.7,30.162,2,3,202,0.000,0.000,3.400,3.400,69.9
1337875440,69.8,78,62.6,30.161,2,3,248,0.000,0.000,3.400,3.400,69.8
1337875500,69.8,78,62.6,30.161,1,3,225,0.000,0.000,3.400,3.400,69.8
1337875560,69.8,78,62.6,30.161,1,3,248,0.000,0.000,3.400,3.400,69.8
1337875620,69.8,78,62.6,30.160,3,5,180,0.000,0.000,3.400,3.400,69.8
1337875680,69.7,77,62.2,30.159,1,2,225,0.000,0.000,3.400,3.400,69.7
1337875740,69.7,78,62.5,30.159,2,5,225,0.000,0.000,3.400,3.400,69.7
1337875800,69.7,78,62.5,30.159,1,2,135,0.000,0.000,3.400,3.400,69.7
1337875860,69.7,78,62.5,30.161,1,3,135,0.000,0.000,3.400,3.400,69.7
1337875920,69.6,78,62.4,30.161,1,2,248,0.000,0.000,3.400,3.400,69.6
1337875980,69.6,79,62.8,30.160,1,3,180,0.000,0.000,3.400,3.400,69.6
1337876040,69.5,79,62.7,30.161,2,3,180,0.000,0.000,3.400,3.400,69.5
1337876100,69.5,79,62.7,30.161,3,6,225,0.000,0.000,3.400,3.400,69.5
1337876160,69.5,78,62.3,30.161,5,10,180,0.000,0.000,3.400,3.400,69.5
1337876220,69.4,78,62.2,30.162,2,5,180,0.000,0.000,3.400,3.400,69.4
1337876280,69.4,78,62.2,30.161,2,3,180,0.000,0.000,3.400,3.400,69.4
1337876340,69.3,79,62.5,30.163,1,3,225,0.000,0.000,3.400,3.400,69.3
1337876400,69.3,79,62.5,30.163,0,2,225,0.000,0.000,3.400,3.400,69.3
1337876460,69.3,79,62.5,30.162,0,1,225,0.000,0.000,3.400,3.400,69.3
1337876520,69.2,79,62.4,30.162,2,3,225,0.000,0.000,3.400,3.400,69.2
1337876580,69.2,79,62.4,30.163,0,2,225,0.000,0.000,3.400,3.400,69.2
1337876640,69.2,79,62.4,30.162,3,12,248,0.000,0.000,3.400,3.400,69.2
1337876700,69.1,78,61.9,30.162,5,12,180,0.000,0.000,3.400,3.400,69.1
1337876760,69.1,78,61.9,30.163,5,9,202,0.000,0.000,3.400,3.400,69.1
1337876820,69.0,78,61.9,30.163,3,6,202,0.000,0.000,3.400,3.400,69.0
1337876880,69.0,79,62.2,30.164,2,3,315,0.000,0.000,3.400,3.400,69.0
1337876940,68.9,79,62.1,30.164,2,6,248,0.000,0.000,3.400,3.400,68.9
1337877000,68.9,78,61.8,30.164,3,9,202,0.000,0.000,3.400,3.400,68.9
1337877060,68.8,78,61.7,30.165,3,3,202,0.000,0.000,3.400,3.400,68.8
1337877120,68.8,78,61.7,30.164,2,3,225,0.000,0.000,3.400,3.400,68.8
1337877180,68.7,79,61.9,30.164,1,2,338,0.000,0.000,3.400,3.400,68.7
1337877240,68.7,79,61.9,30.164,1,3,338,0.000,0.000,3.400,3.400,68.7
1337877300,68.6,79,61.8,30.165,3,6,180,0.000,0.000,3.400,3.400,68.6
1337877360,68.6,79,61.8,30.166,1,3,225,0.000,0.000,3.400,3.400,68.6
1337877420,68.5,79,61.7,30.167,3,3,225,0.000,0.000,3.400,3.400,68.5
1337877480,68.5,79,61.7,30.166,1,2,202,0.000,0.000,3.400,3.400,68.5
1337877540,68.4,79,61.6,30.167,2,5,202,0.000,0.000,3.400,3.400,68.4
1337877600,68.4,79,61.6,30.165,1,3,202,0.000,0.000,3.400,3.400,68.4
1337877660,68.3,79,61.5,30.167,2,3,158,0.000,0.000,3.400,3.400,68.3
1337877720,68.3,79,61.5,30.166,3,6,248,0.000,0.000,3.400,3.400,68.3
1337877780,68.2,79,61.4,30.166,5,6,202,0.000,0.000,3.400,3.400,68.2
1337877840,68.2,79,61.4,30.165,3,3,248,0.000,0.000,3.400,3.400,68.2
1337877900,68.2,80,61.8,30.166,2,3,202,0.000,0.000,3.400,3.400,68.2
1337877960,68.1,80,61.7,30.166,3,6,202,0.000,0.000,3.400,3.400,68.1
1337878020,68.1,80,61.7,30.165,2,3,180,0.000,0.000,3.400,3.400,68.1
1337878080,68.1,80,61.7,30.166,3,6,202,0.000,0.000,3.400,3.400,68.1
1337878140,68.0,80,61.6,30.167,2,3,248,0.000,0.000,3.400,3.400,68.0
1337878200,68.0,80,61.6,30.167,2,3,225,0.000,0.000,3.400,3.400,68.0
1337878260,68.0,80,61.6,30.169,2,6,225,0.000,0.000,3.400,3.400,68.0
1337878320,68.0,80,61.6,30.168,3,7,202,0.000,0.000,3.400,3.400,68.0
1337878380,68.0,80,61.6,30.170,2,3,202,0.000,0.000,3.400,3.400,68.0
1337878440,67.9,80,61.5,30.171,3,5,180,0.000,0.000,3.400,3.400,67.9
1337878500,67.9,80,61.5,30.171,1,2,248,0.000,0.000,3.400,3.400,67.9
1337878560,67.8,81,61.8,30.172,5,8,202,0.000,0.000,3.400,3.400,67.8
1337878620,67.8,80,61.4,30.171,2,3,292,0.000,0.000,3.400,3.400,67.8
1337878680,67.8,80,61.4,30.173,2,6,180,0.000,0.000,3.400,3.400,67.8
1337878740,67.8,80,61.4,30.172,2,5,180,0.000,0.000,3.400,3.400,67.8
1337878800,67.7,80,61.3,30.171,2,5,180,0.000,0.000,3.400,3.400,67.7
1337878860,67.7,80,61.3,30.172,3,6,202,0.000,0.000,3.400,3.400,67.7
1337878920,67.6,80,61.2,30.171,2,5,270,0.000,0.000,3.400,3.400,67.6
1337878980,67.6,80,61.2,30.171,2,3,202,0.000,0.000,3.400,3.400,67.6
1337879040,67.6,81,61.6,30.172,2,5,248,0.000,0.000,3.400,3.400,67.6
1337879100,67.6,80,61.2,30.172,1,3,225,0.000,0.000,3.400,3.400,67.6
1337879160,67.5,80,61.1,30.170,1,2,158,0.000,0.000,3.400,3.400,67.5
1337879220,67.5,80,61.1,30.172,0,0,158,0.000,0.000,3.400,3.400,67.5
1337879280,67.5,81,61.5,30.171,2,6,180,0.000,0.000,3.400,3.400,67.5
1337879340,67.4,81,61.4,30.170,3,3,180,0.000,0.000,3.400,3.400,67.4
1337879400,67.4,81,61.4,30.171,2,3,180,0.000,0.000,3.400,3.400,67.4
1337879460,67.4,80,61.0,30.171,3,6,202,0.000,0.000,3.400,3.400,67.4
1337879520,67.3,80,60.9,30.170,3,6,202,0.000,0.000,3.400,3.400,67.3
1337879580,67.3,80,60.9,30.174,1,2,270,0.000,0.000,3.400,3.400,67.3
1337879640,67.3,81,61.3,30.172,1,3,202,0.000,0.000,3.400,3.400,67.3
1337879700,67.2,81,61.2,30.171,3,5,202,0.000,0.000,3.400,3.400,67.2
1337879760,67.2,81,61.2,30.171,2,3,225,0.000,0.000,3.400,3.400,67.2
1337879820,67.2,81,61.2,30.171,2,5,225,0.000,0.000,3.400,3.400,67.2
1337879880,67.2,81,61.2,30.172,2,3,202,0.000,0.000,3.400,3.400,67.2
1337879940,67.1,81,61.1,30.173,2,3,225,0.000,0.000,3.400,3.400,67.1
1337880000,67.1,81,61.1,30.171,1,3,225,0.000,0.000,3.400,3.400,67.1
1337880060,67.1,81,61.1,30.174,1,3,180,0.000,0.000,3.400,3.400,67.1
1337880120,67.1,81,61.1,30.173,3,3,180,0.000,0.000,3.400,3.400,67.1
1337880180,67.0,81,61.0,30.174,1,2,158,0.000,0.000,3.400,3.400,67.0
1337880240,67.0,81,61.0,30.175,1,3,158,0.000,0.000,3.400,3.400,67.0
1337880300,67.0,81,61.0,30.176,1,3,158,0.000,0.000,3.400,3.400,67.0
1337880360,66.9,81,60.9,30.176,2,6,248,0.000,0.000,3.400,3.400,66.9
1337880420,66.9,81,60.9,30.176,2,3,248,0.000,0.000,3.400,3.400,66.9
1337880480,66.9,81,60.9,30.176,3,5,202,0.000,0.000,3.400,3.400,66.9
1337880540,66.9,81,60.9,30.176,2,3,248,0.000,0.000,3.400,3.400,66.9
1337880600,66.8,81,60.8,30.175,1,3,202,0.000,0.000,3.400,3.400,66.8
1337880660,66.8,82,61.1,30.176,1,5,202,0.000,0.000,3.400,3.400,66.8
1337880720,66.8,82,61.1,30.176,1,5,225,0.000,0.000,3.400,3.400,66.8
1337880780,66.8,82,61.1,30.174,2,3,225,0.000,0.000,3.400,3.400,66.8
1337880840,66.7,82,61.0,30.176,1,3,248,0.000,0.000,3.400,3.400,66.7
1337880900,66.7,82,61.0,30.174,1,3,180,0.000,0.000,3.400,3.400,66.7
1337880960,66.6,82,60.9,30.173,1,3,225,0.000,0.000,3.400,3.400,66.6
1337881020,66.6,82,60.9,30.173,2,3,225,0.000,0.000,3.400,3.400,66.6
1337881080,66.6,82,60.9,30.173,1,3,202,0.000,0.000,3.400,3.400,66.6
1337881140,66.5,82,60.8,30.173,1,3,202,0.000,0.000,3.400,3.400,66.5
1337881200,66.5,82,60.8,30.173,3,7,225,0.000,0.000,3.400,3.400,66.5
1337881260,66.4,82,60.7,30.171,3,6,180,0.000,0.000,3.400,3.400,66.4
1337881320,66.3,83,61.0,30.175,2,3,225,0.000,0.000,3.400,3.400,66.3
1337881380,66.3,83,61.0,30.173,1,3,180,0.000,0.000,3.400,3.400,66.3
1337881440,66.2,83,60.9,30.176,3,7,225,0.000,0.000,3.400,3.400,66.2
1337881500,66.2,82,60.5,30.176,3,3,225,0.000,0.000,3.400,3.400,66.2
1337881560,66.1,83,60.8,30.177,1,3,202,0.000,0.000,3.400,3.400,66.1
1337881620,66.0,83,60.7,30.177,3,6,180,0.000,0.000,3.400,3.400,66.0
1337881680,66.0,83,60.7,30.177,0,1,180,0.000,0.000,3.400,3.400,66.0
1337881740,65.9,83,60.6,30.179,1,2,180,0.000,0.000,3.400,3.400,65.9
1337881800,65.9,83,60.6,30.180,1,2,225,0.000,0.000,3.400,3.400,65.9
1337881860,65.8,83,60.5,30.182,1,3,225,0.000,0.000,3.400,3.400,65.8
1337881920,65.8,83,60.5,30.182,2,3,158,0.000,0.000,3.400,3.400,65.8
1337881980,65.7,83,60.4,30.182,1,3,90,0.000,0.000,3.400,3.400,65.7
1337882040,65.6,83,60.3,30.183,3,8,225,0.000,0.000,3.400,3.400,65.6
1337882100,65.6,82,60.0,30.183,1,5,158,0.000,0.000,3.400,3.400,65.6
1337882160,65.5,83,60.2,30.182,3,7,225,0.000,0.000,3.400,3.400,65.5
1337882220,65.5,83,60.2,30.183,2,3,248,0.000,0.000,3.400,3.400,65.5
1337882280,65.4,83,60.1,30.184,3,9,248,0.000,0.000,3.400,3.400,65.4
1337882340,65.4,83,60.1,30.185,3,6,180,0.000,0.000,3.400,3.400,65.4
1337882400,65.4,83,60.1,30.185,1,3,180,0.000,0.000,3.400,3.400,65.4
1337882460,65.3,83,60.0,30.185,1,2,202,0.000,0.000,3.400,3.400,65.3
1337882520,65.3,83,60.0,30.185,3,5,225,0.000,0.000,3.400,3.400,65.3
1337882580,65.3,83,60.0,30.185,2,3,270,0.000,0.000,3.400,3.400,65.3
1337882640,65.2,83,59.9,30.187,1,2,180,0.000,0.000,3.400,3.400,65.2
1337882700,65.2,83,59.9,30.185,1,3,202,0.000,0.000,3.400,3.400,65.2
1337882760,65.2,83,59.9,30.185,2,3,225,0.000,0.000,3.400,3.400,65.2
1337882820,65.1,83,59.8,30.188,3,5,225,0.000,0.000,3.400,3.400,65.1
1337882880,65.1,83,59.8,30.187,1,2,338,0.000,0.000,3.400,3.400,65.1
1337882940,65.1,83,59.8,30.188,3,9,202,0.000,0.000,3.400,3.400,65.1
1337883000,65.0,83,59.7,30.191,3,6,225,0.000,0.000,3.400,3.400,65.0
1337883060,65.0,83,59.7,30.189,1,2,248,0.000,0.000,3.400,3.400,65.0
1337883120,64.9,83,59.6,30.190,0,2,248,0.000,0.000,3.400,3.400,64.9
1337883180,64.9,83,59.6,30.190,1,3,225,0.000,0.000,3.400,3.400,64.9
1337883240,64.9,83,59.6,30.190,0,0,225,0.000,0.000,3.400,3.400,64.9
1337883300,64.8,83,59.5,30.190,3,3,202,0.000,0.000,3.400,3.400,64.8
1337883360,64.8,83,59.5,30.192,1,3,202,0.000,0.000,3.400,3.400,64.8
1337883420,64.8,83,59.5,30.190,3,6,248,0.000,0.000,3.400,3.400,64.8
1337883480,64.7,83,59.4,30.193,2,3,225,0.000,0.000,3.400,3.400,64.7
1337883540,64.7,83,59.4,30.193,3,6,225,0.000,0.000,3.400,3.400,64.7
1337883600,64.7,83,59.4,30.191,2,3,225,0.000,0.000,3.400,3.400,64.7
1337883660,64.7,84,59.8,30.193,2,3,202,0.000,0.000,3.400,3.400,64.7
1337883720,64.7,84,59.8,30.193,2,3,180,0.000,0.000,3.400,3.400,64.7
1337883780,64.6,84,59.7,30.194,1,3,225,0.000,0.000,3.400,3.400,64.6
1337883840,64.6,84,59.7,30.192,3,5,180,0.000,0.000,3.400,3.400,64.6
1337883900,64.6,84,59.7,30.194,3,5,180,0.000,0.000,3.400,3.400,64.6
1337883960,64.5,84,59.6,30.195,3,6,202,0.000,0.000,3.400,3.400,64.5
1337884020,64.5,84,59.6,30.195,3,6,180,0.000,0.000,3.400,3.400,64.5
1337884080,64.5,84,59.6,30.195,3,7,225,0.000,0.000,3.400,3.400,64.5
1337884140,64.5,84,59.6,30.195,3,9,202,0.000,0.000,3.400,3.400,64.5
1337884200,64.4,84,59.5,30.195,2,7,202,0.000,0.000,3.400,3.400,64.4
1337884260,64.4,84,59.5,30.196,3,12,202,0.000,0.000,3.400,3.400,64.4
1337884320,64.4,84,59.5,30.195,3,7,202,0.000,0.000,3.400,3.400,64.4
1337884380,64.4,84,59.5,30.195,2,3,202,0.000,0.000,3.400,3.400,64.4
1337884440,64.3,84,59.4,30.195,3,6,248,0.000,0.000,3.400,3.400,64.3
1337884500,64.3,85,59.7,30.196,2,3,225,0.000,0.000,3.400,3.400,64.3
1337884560,64.3,85,59.7,30.196,2,6,225,0.000,0.000,3.400,3.400,64.3
1337884620,64.3,85,59.7,30.197,3,6,225,0.000,0.000,3.400,3.400,64.3
1337884680,64.3,85,59.7,30.197,1,3,202,0.000,0.000,3.400,3.400,64.3
1337884740,64.2,85,59.6,30.196,3,5,202,0.000,0.000,3.400,3.400,64.2
1337884800,64.2,85,59.6,30.195,3,6,180,0.000,0.000,3.400,3.400,64.2
1337884860,64.2,85,59.6,30.196,3,5,180,0.000,0.000,3.400,3.400,64.2
1337884920,64.1,85,59.5,30.195,0,1,158,0.000,0.000,3.400,3.400,64.1
1337884980,64.2,85,59.6,30.196,1,2,158,0.000,0.000,3.400,3.400,64.2
1337885040,64.1,85,59.5,30.195,2,3,180,0.000,0.000,3.400,3.400,64.1
1337885100,64.1,85,59.5,30.196,1,3,180,0.000,0.000,3.400,3.400,64.1
1337885160,64.1,85,59.5,30.195,3,3,158,0.000,0.000,3.400,3.400,64.1
1337885220,64.1,86,59.8,30.195,1,2,180,0.000,0.000,3.400,3.400,64.1
1337885280,64.0,86,59.7,30.195,2,5,135,0.000,0.000,3.400,3.400,64.0
1337885340,64.0,86,59.7,30.195,1,3,202,0.000,0.000,3.400,3.400,64.0
1337885400,64.0,86,59.7,30.195,2,3,202,0.000,0.000,3.400,3.400,64.0
1337885460,63.9,86,59.6,30.196,3,5,158,0.000,0.000,3.400,3.400,63.9
1337885520,63.9,86,59.6,30.196,1,3,180,0.000,0.000,3.400,3.400,63.9
1337885580,63.9,86,59.6,30.195,1,2,180,0.000,0.000,3.400,3.400,63.9
1337885640,63.9,86,59.6,30.195,0,2,180,0.000,0.000,3.400,3.400,63.9
1337885700,63.9,86,59.6,30.198,1,3,180,0.000,0.000,3.400,3.400,63.9
1337885760,63.8,86,59.5,30.196,1,3,180,0.000,0.000,3.400,3.400,63.8
1337885820,63.8,86,59.5,30.195,1,2,180,0.000,0.000,3.400,3.400,63.8
1337885880,63.8,86,59.5,30.196,0,1,180,0.000,0.000,3.400,3.400,63.8
1337885940,63.7,86,59.4,30.195,1,2,180,0.000,0.000,3.400,3.400,63.7
1337886000,63.7,86,59.4,30.194,0,1,180,0.000,0.000,3.400,3.400,63.7
1337886060,63.7,86,59.4,30.194,1,2,135,0.000,0.000,3.400,3.400,63.7
1337886120,63.6,87,59.7,30.195,0,1,135,0.000,0.000,3.400,3.400,63.6
1337886180,63.6,87,59.7,30.195,1,2,158,0.000,0.000,3.400,3.400,63.6
1337886240,63.6,87,59.7,30.195,0,0,158,0.000,0.000,3.400,3.400,63.6
1337886300,63.6,87,59.7,30.199,0,0,158,0.000,0.000,3.400,3.400,63.6
1337886360,63.5,87,59.6,30.198,0,0,158,0.000,0.000,3.400,3.400,63.5
1337886420,63.5,87,59.6,30.196,0,1,158,0.000,0.000,3.400,3.400,63.5
1337886480,63.5,87,59.6,30.197,1,3,180,0.000,0.000,3.400,3.400,63.5
1337886540,63.4,87,59.5,30.195,0,1,180,0.000,0.000,3.400,3.400,63.4
1337886600,63.4,87,59.5,30.197,0,1,158,0.000,0.000,3.400,3.400,63.4
1337886660,63.4,87,59.5,30.198,0,0,158,0.000,0.000,3.400,3.400,63.4
1337886720,63.4,87,59.5,30.198,0,0,158,0.000,0.000,3.400,3.400,63.4
1337886780,63.4,88,59.8,30.199,1,3,180,0.000,0.000,3.400,3.400,63.4
1337886840,63.3,88,59.7,30.197,0,1,180,0.000,0.000,3.400,3.400,63.3
1337886900,63.3,88,59.7,30.199,0,1,158,0.000,0.000,3.400,3.400,63.3
1337886960,63.3,88,59.7,30.198,1,2,180,0.000,0.000,3.400,3.400,63.3
1337887020,63.2,88,59.6,30.197,2,3,180,0.000,0.000,3.400,3.400,63.2
1337887080,63.2,88,59.6,30.195,0,2,180,0.000,0.000,3.400,3.400,63.2
1337887140,63.2,88,59.6,30.198,1,2,180,0.000,0.000,3.400,3.400,63.2
1337887200,63.2,88,59.6,30.195,2,3,225,0.000,0.000,3.400,3.400,63.2
1337887260,63.1,88,59.5,30.196,1,2,202,0.000,0.000,3.400,3.400,63.1
1337887320,63.1,88,59.5,30.198,0,1,202,0.000,0.000,3.400,3.400,63.1
1337887380,63.1,88,59.5,30.196,1,2,202,0.000,0.000,3.400,3.400,63.1
1337887440,63.1,88,59.5,30.195,1,2,202,0.000,0.000,3.400,3.400,63.1
1337887500,63.0,88,59.4,30.197,2,3,202,0.000,0.000,3.400,3.400,63.0
1337887560,63.0,88,59.4,30.196,2,5,180,0.000,0.000,3.400,3.400,63.0
1337887620,63.0,88,59.4,30.198,1,3,180,0.000,0.000,3.400,3.400,63.0
1337887680,63.0,88,59.4,30.197,0,1,112,0.000,0.000,3.400,3.400,63.0
1337887740,63.0,88,59.4,30.199,1,2,135,0.000,0.000,3.400,3.400,63.0
1337887800,62.9,88,59.3,30.200,1,3,135,0.000,0.000,3.400,3.400,62.9
1337887860,62.9,88,59.3,30.200,1,3,158,0.000,0.000,3.400,3.400,62.9
1337887920,62.9,88,59.3,30.201,0,2,158,0.000,0.000,3.400,3.400,62.9
1337887980,62.9,88,59.3,30.202,0,1,158,0.000,0.000,3.400,3.400,62.9
1337888040,62.9,88,59.3,30.202,1,3,158,0.000,0.000,3.400,3.400,62.9
1337888100,62.9,89,59.6,30.204,1,3,158,0.000,0.000,3.400,3.400,62.9
1337888160,62.9,89,59.6,30.202,0,1,158,0.000,0.000,3.400,3.400,62.9
1337888220,62.9,89,59.6,30.204,0,1,158,0.000,0.000,3.400,3.400,62.9
1337888280,62.9,89,59.6,30.203,0,1,158,0.000,0.000,3.400,3.400,62.9
1337888340,62.9,89,59.6,30.206,0,2,158,0.000,0.000,3.400,3.400,62.9
1337888400,62.8,89,59.5,30.205,0,0,158,0.000,0.000,3.400,3.400,62.8
1337888460,62.8,89,59.5,30.203,0,1,158,0.000,0.000,3.400,3.400,62.8
1337888520,62.8,89,59.5,30.204,2,5,158,0.000,0.000,3.400,3.400,62.8
1337888580,62.8,89,59.5,30.204,1,2,158,0.000,0.000,3.400,3.400,62.8
1337888640,62.8,89,59.5,30.205,0,1,158,0.000,0.000,3.400,3.400,62.8
1337888700,62.8,89,59.5,30.207,0,1,158,0.000,0.000,3.400,3.400,62.8
1337888760,62.7,89,59.4,30.205,1,3,180,0.000,0.000,3.400,3.400,62.7
1337888820,62.7,89,59.4,30.205,0,1,180,0.000,0.000,3.400,3.400,62.7
1337888880,62.7,89,59.4,30.205,1,3,225,0.000,0.000,3.400,3.400,62.7
1337888940,62.7,89,59.4,30.206,2,3,202,0.000,0.000,3.400,3.400,62.7
1337889000,62.7,89,59.4,30.205,1,3,202,0.000,0.000,3.400,3.400,62.7
1337889060,62.7,89,59.4,30.207,3,3,202,0.000,0.000,3.400,3.400,62.7
1337889120,62.6,89,59.3,30.204,2,3,180,0.000,0.000,3.400,3.400,62.6
1337889180,62.6,89,59.3,30.206,1,3,180,0.000,0.000,3.400,3.400,62.6
1337889240,62.6,89,59.3,30.203,0,2,202,0.000,0.000,3.400,3.400,62.6
1337889300,62.6,89,59.3,30.202,0,1,202,0.000,0.000,3.400,3.400,62.6
1337889360,62.6,89,59.3,30.202,0,0,202,0.000,0.000,3.400,3.400,62.6
1337889420,62.6,89,59.3,30.203,1,2,180,0.000,0.000,3.400,3.400,62.6
1337889480,62.6,89,59.3,30.203,0,0,180,0.000,0.000,3.400,3.400,62.6
1337889540,62.6,89,59.3,30.207,0,1,180,0.000,0.000,3.400,3.400,62.6
1337889600,62.6,89,59.3,30.204,1,3,158,0.000,0.000,3.400,3.400,62.6
1337889660,62.5,89,59.2,30.204,0,0,158,0.000,0.000,3.400,3.400,62.5
1337889720,62.5,89,59.2,30.206,2,6,158,0.000,0.000,3.400,3.400,62.5
1337889780,62.5,89,59.2,30.205,2,3,158,0.000,0.000,3.400,3.400,62.5
1337889840,62.5,89,59.2,30.206,1,3,202,0.000,0.000,3.400,3.400,62.5
1337889900,62.5,89,59.2,30.209,1,3,180,0.000,0.000,3.400,3.400,62.5
1337889960,62.5,89,59.2,30.206,0,2,158,0.000,0.000,3.400,3.400,62.5
1337890020,62.5,89,59.2,30.205,1,2,158,0.000,0.000,3.400,3.400,62.5
1337890080,62.5,89,59.2,30.209,1,1,158,0.000,0.000,3.400,3.400,62.5
1337890140,62.5,89,59.2,30.207,1,3,158,0.000,0.000,3.400,3.400,62.5
1337890200,62.4,89,59.1,30.208,2,3,202,0.000,0.000,3.400,3.400,62.4
1337890260,62.4,89,59.1,30.207,1,3,202,0.000,0.000,3.400,3.400,62.4
1337890320,62.4,89,59.1,30.209,1,3,225,0.000,0.000,3.400,3.400,62.4
1337890380,62.4,89,59.1,30.209,0,2,225,0.000,0.000,3.400,3.400,62.4
1337890440,62.4,89,59.1,30.208,1,3,225,0.000,0.000,3.400,3.400,62.4
1337890500,62.4,89,59.1,30.208,0,0,225,0.000,0.000,3.400,3.400,62.4
1337890560,62.4,89,59.1,30.209,0,0,225,0.000,0.000,3.400,3.400,62.4
1337890620,62.4,89,59.1,30.208,1,3,225,0.000,0.000,3.400,3.400,62.4
1337890680,62.4,89,59.1,30.211,2,3,180,0.000,0.000,3.400,3.400,62.4
1337890740,62.4,89,59.1,30.211,0,1,180,0.000,0.000,3.400,3.400,62.4
1337890800,62.4,89,59.1,30.211,1,3,180,0.000,0.000,3.400,3.400,62.4
1337890860,62.4,89,59.1,30.212,3,6,158,0.000,0.000,3.400,3.400,62.4
1337890920,62.3,89,59.0,30.212,0,1,158,0.000,0.000,3.400,3.400,62.3
1337890980,62.3,89,59.0,30.213,0,1,158,0.000,0.000,3.400,3.400,62.3
1337891040,62.3,89,59.0,30.213,1,2,158,0.000,0.000,3.400,3.400,62.3
1337891100,62.3,89,59.0,30.214,0,1,158,0.000,0.000,3.400,3.400,62.3
1337891160,62.3,89,59.0,30.214,0,0,158,0.000,0.000,3.400,3.400,62.3
1337891220,62.3,89,59.0,30.214,0,3,248,0.000,0.000,3.400,3.400,62.3
1337891280,62.3,89,59.0,30.215,0,1,248,0.000,0.000,3.400,3.400,62.3
1337891340,62.3,89,59.0,30.214,1,3,135,0.000,0.000,3.400,3.400,62.3
1337891400,62.2,89,58.9,30.214,0,2,158,0.000,0.000,3.400,3.400,62.2
1337891460,62.2,89,58.9,30.214,1,3,158,0.000,0.000,3.400,3.400,62.2
1337891520,62.2,89,58.9,30.213,0,0,158,0.000,0.000,3.400,3.400,62.2
1337891580,62.2,89,58.9,30.213,1,3,158,0.000,0.000,3.400,3.400,62.2
1337891640,62.2,89,58.9,30.213,2,3,202,0.000,0.000,3.400,3.400,62.2
1337891700,62.2,89,58.9,30.214,0,0,202,0.000,0.000,3.400,3.400,62.2
1337891760,62.2,89,58.9,30.213,0,1,202,0.000,0.000,3.400,3.400,62.2
1337891820,62.2,89,58.9,30.213,0,1,202,0.000,0.000,3.400,3.400,62.2
1337891880,62.2,89,58.9,30.213,0,1,202,0.000,0.000,3.400,3.400,62.2
1337891940,62.2,89,58.9,30.213,2,5,158,0.000,0.000,3.400,3.400,62.2
1337892000,62.2,89,58.9,30.213,0,1,158,0.000,0.000,3.400,3.400,62.2
1337892060,62.1,90,59.1,30.213,0,1,158,0.000,0.000,3.400,3.400,62.1
1337892120,62.1,90,59.1,30.214,1,2,135,0.000,0.000,3.400,3.400,62.1
1337892180,62.1,90,59.1,30.212,0,1,135,0.000,0.000,3.400,3.400,62.1
1337892240,62.1,90,59.1,30.211,1,3,158,0.000,0.000,3.400,3.400,62.1
1337892300,62.0,90,59.0,30.212,0,1,158,0.000,0.000,3.400,3.400,62.0
1337892360,62.0,90,59.0,30.212,1,2,158,0.000,0.000,3.400,3.400,62.0
1337892420,62.0,90,59.0,30.211,0,1,158,0.000,0.000,3.400,3.400,62.0
1337892480,62.0,90,59.0,30.212,1,2,158,0.000,0.000,3.400,3.400,62.0
1337892540,61.9,90,58.9,30.213,0,0,158,0.000,0.000,3.400,3.400,61.9
1337892600,61.9,90,58.9,30.213,0,1,158,0.000,0.000,3.400,3.400,61.9
1337892660,61.9,90,58.9,30.211,1,3,225,0.000,0.000,3.400,3.400,61.9
1337892720,61.8,90,58.8,30.213,0,1,225,0.000,0.000,3.400,3.400,61.8
1337892780,61.8,90,58.8,30.213,0,0,225,0.000,0.000,3.400,3.400,61.8
1337892840,61.8,91,59.1,30.212,0,0,225,0.000,0.000,3.400,3.400,61.8
1337892900,61.7,91,59.0,30.213,0,1,225,0.000,0.000,3.400,3.400,61.7
1337892960,61.7,91,59.0,30.213,2,3,202,0.000,0.000,3.400,3.400,61.7
1337893020,61.7,91,59.0,30.212,0,2,158,0.000,0.000,3.400,3.400,61.7
1337893080,61.6,91,58.9,30.211,0,1,158,0.000,0.000,3.400,3.400,61.6
1337893140,61.6,91,58.9,30.210,0,0,158,0.000,0.000,3.400,3.400,61.6
1337893200,61.6,91,58.9,30.212,0,1,158,0.000,0.000,3.400,3.400,61.6
1337893260,61.5,91,58.8,30.214,0,2,158,0.000,0.000,3.400,3.400,61.5
1337893320,61.5,91,58.8,30.217,0,0,158,0.000,0.000,3.400,3.400,61.5
1337893380,61.4,91,58.7,30.215,0,1,158,0.000,0.000,3.400,3.400,61.4
1337893440,61.4,91,58.7,30.215,0,0,158,0.000,0.000,3.400,3.400,61.4
1337893500,61.4,91,58.7,30.216,0,0,158,0.000,0.000,3.400,3.400,61.4
1337893560,61.4,91,58.7,30.215,0,0,158,0.000,0.000,3.400,3.400,61.4
1337893620,61.4,91,58.7,30.215,0,0,158,0.000,0.000,3.400,3.400,61.4
1337893680,61.4,91,58.7,30.216,0,0,158,0.000,0.000,3.400,3.400,61.4
1337893740,61.3,91,58.7,30.214,0,1,158,0.000,0.000,3.400,3.400,61.3
1337893800,61.3,91,58.7,30.216,1,1,158,0.000,0.000,3.400,3.400,61.3
1337893860,61.3,91,58.7,30.217,2,3,180,0.000,0.000,3.400,3.400,61.3
1337893920,61.3,92,59.0,30.217,1,3,180,0.000,0.000,3.400,3.400,61.3
1337893980,61.3,92,59.0,30.218,1,3,202,0.000,0.000,3.400,3.400,61.3
1337894040,61.2,92,58.9,30.217,1,3,202,0.000,0.000,3.400,3.400,61.2
1337894100,61.2,92,58.9,30.217,1,3,202,0.000,0.000,3.400,3.400,61.2
1337894160,61.2,92,58.9,30.216,2,3,180,0.000,0.000,3.400,3.400,61.2
1337894220,61.2,92,58.9,30.219,0,1,180,0.000,0.000,3.400,3.400,61.2
1337894280,61.2,92,58.9,30.219,0,2,135,0.000,0.000,3.400,3.400,61.2
1337894340,61.1,92,58.8,30.219,1,2,158,0.000,0.000,3.400,3.400,61.1
1337894400,61.1,92,58.8,30.218,1,3,202,0.000,0.000,3.400,3.400,61.1
1337894460,61.1,92,58.8,30.219,0,1,202,0.000,0.000,3.400,3.400,61.1
1337894520,61.1,92,58.8,30.219,1,2,202,0.000,0.000,3.400,3.400,61.1
1337894580,61.1,92,58.8,30.219,2,3,225,0.000,0.000,3.400,3.400,61.1
1337894640,61.0,92,58.7,30.218,3,6,180,0.000,0.000,3.400,3.400,61.0
1337894700,61.0,92,58.7,30.219,1,3,158,0.000,0.000,3.400,3.400,61.0
1337894760,61.0,92,58.7,30.218,1,2,158,0.000,0.000,3.400,3.400,61.0
1337894820,61.0,92,58.7,30.217,1,3,225,0.000,0.000,3.400,3.400,61.0
1337894880,60.9,92,58.6,30.217,1,3,202,0.000,0.000,3.400,3.400,60.9
1337894940,60.9,92,58.6,30.216,1,3,180,0.000,0.000,3.400,3.400,60.9
1337895000,60.9,92,58.6,30.216,1,3,180,0.000,0.000,3.400,3.400,60.9
1337895060,60.9,92,58.6,30.218,0,1,180,0.010,0.010,3.410,3.410,60.9
1337895120,60.9,92,58.6,30.218,0,1,180,0.000,0.010,3.410,3.410,60.9
1337895180,60.9,92,58.6,30.217,0,0,180,0.000,0.010,3.410,3.410,60.9
1337895240,60.9,92,58.6,30.218,0,0,180,0.000,0.010,3.410,3.410,60.9
1337895300,60.8,92,58.5,30.218,0,1,180,0.000,0.010,3.410,3.410,60.8
1337895360,60.8,92,58.5,30.217,0,1,180,0.000,0.010,3.410,3.410,60.8
1337895420,60.8,92,58.5,30.219,0,0,180,0.000,0.010,3.410,3.410,60.8
1337895480,60.8,92,58.5,30.219,1,2,180,0.000,0.010,3.410,3.410,60.8
1337895540,60.8,92,58.5,30.219,1,1,180,0.000,0.010,3.410,3.410,60.8
1337895600,60.8,92,58.5,30.219,1,5,180,0.000,0.010,3.410,3.410,60.8
1337895660,60.7,92,58.4,30.219,1,2,180,0.000,0.010,3.410,3.410,60.7
1337895720,60.7,92,58.4,30.219,1,3,202,0.000,0.010,3.410,3.410,60.7
1337895780,60.7,92,58.4,30.217,0,1,202,0.000,0.010,3.410,3.410,60.7
1337895840,60.7,93,58.7,30.217,1,2,180,0.000,0.010,3.410,3.410,60.7
1337895900,60.7,93,58.7,30.217,1,5,225,0.000,0.010,3.410,3.410,60.7
1337895960,60.6,93,58.6,30.216,2,5,180,0.000,0.010,3.410,3.410,60.6
1337896020,60.5,93,58.5,30.216,2,3,225,0.000,0.010,3.410,3.410,60.5
1337896080,60.5,93,58.5,30.216,0,2,225,0.000,0.010,3.410,3.410,60.5
1337896140,60.5,93,58.5,30.216,1,2,225,0.000,0.010,3.410,3.410,60.5
1337896200,60.5,93,58.5,30.216,1,3,202,0.000,0.010,3.410,3.410,60.5
1337896260,60.5,93,58.5,30.214,1,2,158,0.000,0.010,3.410,3.410,60.5
1337896320,60.5,93,58.5,30.215,0,1,158,0.000,0.010,3.410,3.410,60.5
1337896380,60.5,93,58.5,30.216,0,0,158,0.000,0.010,3.410,3.410,60.5
1337896440,60.5,93,58.5,30.214,1,3,158,0.000,0.010,3.410,3.410,60.5
1337896500,60.5,93,58.5,30.215,1,3,158,0.000,0.010,3.410,3.410,60.5
1337896560,60.4,93,58.4,30.216,1,3,225,0.000,0.010,3.410,3.410,60.4
1337896620,60.4,93,58.4,30.214,0,1,202,0.000,0.010,3.410,3.410,60.4
1337896680,60.4,93,58.4,30.214,1,2,202,0.000,0.010,3.410,3.410,60.4
1337896740,60.4,93,58.4,30.213,1,3,202,0.000,0.010,3.410,3.410,60.4
1337896800,60.4,93,58.4,30.215,2,3,202,0.000,0.010,3.410,3.410,60.4
1337896860,60.3,93,58.3,30.213,2,3,248,0.000,0.010,3.410,3.410,60.3
1337896920,60.3,93,58.3,30.213,0,0,248,0.000,0.010,3.410,3.410,60.3
1337896980,60.3,93,58.3,30.211,1,2,248,0.000,0.010,3.410,3.410,60.3
1337897040,60.3,93,58.3,30.213,1,2,248,0.000,0.010,3.410,3.410,60.3
1337897100,60.3,93,58.3,30.212,0,0,248,0.000,0.010,3.410,3.410,60.3
1337897160,60.3,93,58.3,30.213,0,0,248,0.000,0.010,3.410,3.410,60.3
1337897220,60.3,93,58.3,30.213,0,1,248,0.000,0.010,3.410,3.410,60.3
1337897280,60.3,93,58.3,30.214,0,0,248,0.000,0.010,3.410,3.410,60.3
1337897340,60.3,93,58.3,30.213,0,0,248,0.000,0.010,3.410,3.410,60.3
1337897400,60.3,93,58.3,30.213,0,1,248,0.000,0.010,3.410,3.410,60.3
1337897460,60.3,93,58.3,30.213,0,1,248,0.000,0.010,3.410,3.410,60.3
1337897520,60.3,93,58.3,30.214,0,2,248,0.000,0.010,3.410,3.410,60.3
1337897580,60.3,93,58.3,30.216,0,2,248,0.000,0.010,3.410,3.410,60.3
1337897640,60.2,93,58.2,30.213,0,2,225,0.000,0.010,3.410,3.410,60.2
1337897700,60.2,93,58.2,30.213,1,2,225,0.000,0.010,3.410,3.410,60.2
1337897760,60.2,93,58.2,30.212,2,3,225,0.000,0.010,3.410,3.410,60.2
1337897820,60.2,93,58.2,30.212,0,1,225,0.000,0.010,3.410,3.410,60.2
1337897880,60.2,93,58.2,30.213,0,0,225,0.000,0.010,3.410,3.410,60.2
1337897940,60.2,93,58.2,30.212,1,2,225,0.000,0.010,3.410,3.410,60.2
1337898000,60.1,93,58.1,30.212,1,2,225,0.000,0.010,3.410,3.410,60.1
1337898060,60.1,93,58.1,30.212,0,1,225,0.000,0.010,3.410,3.410,60.1
1337898120,60.1,93,58.1,30.214,0,1,225,0.000,0.010,3.410,3.410,60.1
1337898180,60.1,94,58.4,30.213,0,1,225,0.000,0.010,3.410,3.410,60.1
1337898240,60.1,94,58.4,30.213,0,1,225,0.000,0.010,3.410,3.410,60.1
1337898300,60.1,94,58.4,30.215,0,1,202,0.000,0.010,3.410,3.410,60.1
1337898360,60.1,94,58.4,30.215,0,0,202,0.000,0.010,3.410,3.410,60.1
1337898420,60.1,94,58.4,30.214,0,0,202,0.000,0.010,3.410,3.410,60.1
1337898480,60.1,94,58.4,30.215,0,1,202,0.000,0.010,3.410,3.410,60.1
1337898540,60.1,94,58.4,30.214,0,2,202,0.000,0.010,3.410,3.410,60.1
1337898600,60.1,94,58.4,30.214,0,0,202,0.000,0.010,3.410,3.410,60.1
1337898660,60.1,94,58.4,30.212,0,0,202,0.000,0.010,3.410,3.410,60.1
1337898720,60.0,94,58.3,30.212,0,0,202,0.000,0.010,3.410,3.410,60.0
1337898780,60.1,94,58.4,30.213,0,0,202,0.000,0.010,3.410,3.410,60.1
1337898840,60.1,94,58.4,30.213,0,0,202,0.000,0.010,3.410,3.410,60.1
1337898900,60.1,94,58.4,30.211,0,0,202,0.000,0.010,3.410,3.410,60.1
1337898960,60.1,94,58.4,30.211,0,0,202,0.000,0.010,3.410,3.410,60.1
1337899020,60.1,94,58.4,30.212,0,0,202,0.000,0.010,3.410,3.410,60.1
1337899080,60.0,94,58.3,30.211,0,0,202,0.000,0.010,3.410,3.410,60.0
1337899140,60.0,94,58.3,30.213,0,0,202,0.000,0.010,3.410,3.410,60.0
1337899200,60.0,94,58.3,30.212,1,2,315,0.000,0.010,3.410,3.410,60.0
1337899260,60.0,94,58.3,30.211,0,2,315,0.000,0.010,3.410,3.410,60.0
1337899320,60.0,94,58.3,30.211,0,0,315,0.000,0.010,3.410,3.410,60.0
1337899380,60.0,94,58.3,30.209,1,3,202,0.000,0.010,3.410,3.410,60.0
1337899440,60.0,94,58.3,30.210,1,3,225,0.000,0.010,3.410,3.410,60.0
1337899500,59.9,94,58.2,30.209,0,0,225,0.000,0.010,3.410,3.410,59.9
1337899560,59.9,94,58.2,30.209,0,0,225,0.000,0.010,3.410,3.410,59.9
1337899620,59.9,94,58.2,30.210,0,0,225,0.000,0.010,3.410,3.410,59.9
1337899680,59.9,94,58.2,30.211,0,0,225,0.000,0.010,3.410,3.410,59.9
1337899740,59.9,94,58.2,30.210,0,1,225,0.000,0.010,3.410,3.410,59.9
1337899800,59.9,94,58.2,30.210,1,3,225,0.000,0.010,3.410,3.410,59.9
1337899860,59.9,94,58.2,30.208,1,2,248,0.000,0.010,3.410,3.410,59.9
1337899920,59.9,94,58.2,30.207,0,2,225,0.000,0.010,3.410,3.410,59.9
1337899980,59.9,94,58.2,30.208,0,0,225,0.000,0.010,3.410,3.410,59.9
1337900040,59.9,94,58.2,30.207,0,0,225,0.000,0.010,3.410,3.410,59.9
1337900100,59.8,94,58.1,30.207,0,1,225,0.000,0.010,3.410,3.410,59.8
1337900160,59.8,94,58.1,30.208,0,2,225,0.000,0.010,3.410,3.410,59.8
1337900220,59.8,94,58.1,30.208,1,2,225,0.000,0.010,3.410,3.410,59.8
1337900280,59.9,94,58.2,30.207,0,1,225,0.000,0.010,3.410,3.410,59.9
1337900340,59.9,94,58.2,30.207,0,1,225,0.000,0.010,3.410,3.410,59.9
1337900400,59.9,94,58.2,30.205,1,2,225,0.000,0.010,3.410,3.410,59.9
1337900460,59.8,94,58.1,30.203,0,1,225,0.000,0.010,3.410,3.410,59.8
1337900520,59.8,94,58.1,30.205,0,0,225,0.000,0.010,3.410,3.410,59.8
1337900580,59.8,94,58.1,30.204,0,0,225,0.000,0.010,3.410,3.410,59.8
1337900640,59.8,94,58.1,30.203,1,3,225,0.000,0.010,3.410,3.410,59.8
1337900700,59.8,94,58.1,30.203,1,3,202,0.000,0.010,3.410,3.410,59.8
1337900760,59.8,94,58.1,30.202,1,2,158,0.000,0.010,3.410,3.410,59.8
1337900820,59.8,94,58.1,30.200,2,3,180,0.000,0.010,3.410,3.410,59.8
1337900880,59.8,94,58.1,30.203,1,2,180,0.000,0.010,3.410,3.410,59.8
1337900940,59.7,94,58.0,30.203,0,1,180,0.000,0.010,3.410,3.410,59.7
1337901000,59.7,94,58.0,30.202,1,2,180,0.000,0.010,3.410,3.410,59.7
1337901060,59.7,94,58.0,30.200,0,1,180,0.000,0.010,3.410,3.410,59.7
1337901120,59.7,94,58.0,30.202,0,1,180,0.000,0.010,3.410,3.410,59.7
1337901180,59.7,94,58.0,30.204,1,3,180,0.000,0.010,3.410,3.410,59.7
1337901240,59.6,94,57.9,30.203,0,1,180,0.000,0.010,3.410,3.410,59.6
1337901300,59.7,94,58.0,30.202,0,1,180,0.000,0.010,3.410,3.410,59.7
1337901360,59.6,94,57.9,30.200,2,3,180,0.000,0.010,3.410,3.410,59.6
1337901420,59.6,94,57.9,30.200,1,2,180,0.000,0.010,3.410,3.410,59.6
1337901480,59.6,94,57.9,30.199,1,2,180,0.000,0.010,3.410,3.410,59.6
1337901540,59.6,94,57.9,30.199,1,3,180,0.000,0.010,3.410,3.410,59.6
1337901600,59.6,94,57.9,30.198,2,5,158,0.000,0.010,3.410,3.410,59.6
1337901660,59.5,94,57.8,30.199,2,3,202,0.000,0.010,3.410,3.410,59.5
1337901720,59.5,94,57.8,30.197,1,3,202,0.000,0.010,3.410,3.410,59.5
1337901780,59.5,94,57.8,30.196,1,2,135,0.000,0.010,3.410,3.410,59.5
1337901840,59.5,94,57.8,30.196,0,1,135,0.000,0.010,3.410,3.410,59.5
1337901900,59.5,94,57.8,30.196,1,2,135,0.000,0.010,3.410,3.410,59.5
1337901960,59.5,94,57.8,30.198,1,2,180,0.000,0.010,3.410,3.410,59.5
1337902020,59.4,94,57.7,30.198,1,3,180,0.000,0.010,3.410,3.410,59.4
1337902080,59.5,94,57.8,30.198,0,2,180,0.000,0.010,3.410,3.410,59.5
1337902140,59.5,94,57.8,30.199,1,2,180,0.000,0.010,3.410,3.410,59.5
1337902200,59.5,94,57.8,30.199,1,2,180,0.000,0.010,3.410,3.410,59.5
1337902260,59.4,94,57.7,30.200,0,1,158,0.000,0.010,3.410,3.410,59.4
1337902320,59.4,94,57.7,30.201,0,1,158,0.000,0.010,3.410,3.410,59.4
1337902380,59.4,94,57.7,30.200,1,2,158,0.000,0.010,3.410,3.410,59.4
1337902440,59.4,94,57.7,30.200,0,1,158,0.000,0.010,3.410,3.410,59.4
1337902500,59.4,94,57.7,30.200,0,2,158,0.000,0.010,3.410,3.410,59.4
1337902560,59.4,94,57.7,30.199,1,3,158,0.000,0.010,3.410,3.410,59.4
1337902620,59.4,94,57.7,30.196,1,2,158,0.000,0.010,3.410,3.410,59.4
1337902680,59.4,94,57.7,30.198,1,3,158,0.000,0.010,3.410,3.410,59.4
1337902740,59.4,94,57.7,30.199,0,0,158,0.000,0.010,3.410,3.410,59.4
1337902800,59.4,94,57.7,30.197,0,1,158,0.000,0.010,3.410,3.410,59.4
1337902860,59.4,94,57.7,30.197,0,0,158,0.000,0.010,3.410,3.410,59.4
1337902920,59.4,94,57.7,30.197,0,1,158,0.000,0.010,3.410,3.410,59.4
1337902980,59.3,94,57.6,30.194,0,1,158,0.000,0.010,3.410,3.410,59.3
1337903040,59.4,94,57.7,30.197,0,0,158,0.000,0.010,3.410,3.410,59.4
1337903100,59.3,94,57.6,30.197,0,1,158,0.000,0.010,3.410,3.410,59.3
1337903160,59.3,94,57.6,30.199,0,1,158,0.000,0.010,3.410,3.410,59.3
1337903220,59.3,94,57.6,30.196,0,0,158,0.000,0.010,3.410,3.410,59.3
1337903280,59.3,94,57.6,30.197,0,0,158,0.000,0.010,3.410,3.410,59.3
1337903340,59.3,94,57.6,30.194,0,0,158,0.000,0.010,3.410,3.410,59.3
1337903400,59.3,94,57.6,30.193,0,0,158,0.000,0.010,3.410,3.410,59.3
1337903460,59.3,94,57.6,30.194,0,0,158,0.000,0.010,3.410,3.410,59.3
1337903520,59.3,94,57.6,30.192,0,0,158,0.000,0.010,3.410,3.410,59.3
1337903580,59.2,94,57.5,30.191,0,0,158,0.000,0.010,3.410,3.410,59.2
1337903640,59.2,94,57.5,30.191,0,1,158,0.000,0.010,3.410,3.410,59.2
1337903700,59.2,94,57.5,30.190,0,0,158,0.000,0.010,3.410,3.410,59.2
1337903760,59.2,94,57.5,30.189,0,0,158,0.000,0.010,3.410,3.410,59.2
1337903820,59.2,94,57.5,30.188,0,0,158,0.000,0.010,3.410,3.410,59.2
1337903880,59.1,94,57.4,30.188,0,0,158,0.000,0.010,3.410,3.410,59.1
1337903940,59.2,94,57.5,30.185,0,0,158,0.000,0.010,3.410,3.410,59.2
