1339804800,51.0,92,048.8,30.299,0,1,158,0.000,0.000,2.620,2.620,51.0
1339804860,51.0,92,048.8,30.300,0,1,158,0.000,0.000,2.620,2.620,51.0
1339804920,50.9,92,048.7,30.300,1,2,158,0.000,0.000,2.620,2.620,50.9
1339804980,50.9,92,048.7,30.299,1,2,158,0.000,0.000,2.620,2.620,50.9
1339805040,50.8,92,048.6,30.299,1,2,158,0.000,0.000,2.620,2.620,50.8
1339805100,50.8,93,048.8,30.299,1,2,158,0.000,0.000,2.620,2.620,50.8
1339805160,50.7,93,048.7,30.299,0,1,158,0.000,0.000,2.620,2.620,50.7
1339805220,50.7,93,048.7,30.298,0,1,158,0.000,0.000,2.620,2.620,50.7
1339805280,50.6,93,048.7,30.299,0,0,158,0.000,0.000,2.620,2.620,50.6
1339805340,50.6,93,048.7,30.299,0,0,158,0.000,0.000,2.620,2.620,50.6
1339805400,50.6,93,048.7,30.298,0,0,158,0.000,0.000,2.620,2.620,50.6
1339805460,50.5,93,048.6,30.297,0,0,158,0.000,0.000,2.620,2.620,50.5
1339805520,50.5,93,048.6,30.298,0,2,158,0.000,0.000,2.620,2.620,50.5
1339805580,50.5,93,048.6,30.296,1,2,158,0.000,0.000,2.620,2.620,50.5
1339805640,50.5,93,048.6,30.297,0,1,158,0.000,0.000,2.620,2.620,50.5
1339805700,50.5,93,048.6,30.296,0,2,158,0.000,0.000,2.620,2.620,50.5
1339805760,50.5,93,048.6,30.296,2,3,158,0.000,0.000,2.620,2.620,50.5
1339805820,50.5,93,048.6,30.296,2,3,45,0.000,0.000,2.620,2.620,50.5
1339805880,50.5,93,048.6,30.296,2,3,45,0.000,0.000,2.620,2.620,50.5
1339805940,50.6,93,048.7,30.295,3,3,45,0.000,0.000,2.620,2.620,50.6
1339806000,50.6,93,048.7,30.296,1,3,45,0.000,0.000,2.620,2.620,50.6
1339806060,50.6,93,048.7,30.296,2,3,45,0.000,0.000,2.620,2.620,50.6
1339806120,50.6,93,048.7,30.296,2,3,45,0.000,0.000,2.620,2.620,50.6
1339806180,50.6,93,048.7,30.296,1,2,45,0.000,0.000,2.620,2.620,50.6
1339806240,50.7,93,048.7,30.295,2,3,45,0.000,0.000,2.620,2.620,50.7
1339806300,50.7,93,048.7,30.295,2,3,45,0.000,0.000,2.620,2.620,50.7
1339806360,50.7,93,048.7,30.296,2,3,45,0.000,0.000,2.620,2.620,50.7
1339806420,50.7,93,048.7,30.296,2,3,45,0.000,0.000,2.620,2.620,50.7
1339806480,50.7,93,048.7,30.295,2,3,45,0.000,0.000,2.620,2.620,50.7
1339806540,50.7,93,048.7,30.296,1,3,45,0.000,0.000,2.620,2.620,50.7
1339806600,50.6,93,048.7,30.295,0,1,45,0.000,0.000,2.620,2.620,50.6
1339806660,50.6,93,048.7,30.295,0,0,45,0.000,0.000,2.620,2.620,50.6
1339806720,50.6,93,048.7,30.295,0,0,45,0.000,0.000,2.620,2.620,50.6
1339806780,50.5,93,048.6,30.295,0,2,45,0.000,0.000,2.620,2.620,50.5
1339806840,50.5,93,048.6,30.294,1,3,45,0.000,0.000,2.620,2.620,50.5
1339806900,50.5,93,048.6,30.294,1,3,45,0.000,0.000,2.620,2.620,50.5
1339806960,50.5,93,048.6,30.295,0,1,45,0.000,0.000,2.620,2.620,50.5
1339807020,50.5,93,048.6,30.293,0,1,45,0.000,0.000,2.620,2.620,50.5
1339807080,50.5,93,048.6,30.294,1,3,45,0.000,0.000,2.620,2.620,50.5
1339807140,50.5,93,048.6,30.292,1,3,45,0.000,0.000,2.620,2.620,50.5
1339807200,50.5,93,048.6,30.293,2,3,45,0.000,0.000,2.620,2.620,50.5
1339807260,50.4,94,048.7,30.292,2,3,45,0.000,0.000,2.620,2.620,50.4
1339807320,50.5,94,048.8,30.293,2,3,45,0.000,0.000,2.620,2.620,50.5
1339807380,50.4,94,048.7,30.292,2,3,45,0.000,0.000,2.620,2.620,50.4
1339807440,50.4,94,048.7,30.291,2,3,45,0.000,0.000,2.620,2.620,50.4
1339807500,50.4,94,048.7,30.292,2,3,45,0.000,0.000,2.620,2.620,50.4
1339807560,50.4,94,048.7,30.293,2,3,45,0.000,0.000,2.620,2.620,50.4
1339807620,50.4,94,048.7,30.291,1,3,45,0.000,0.000,2.620,2.620,50.4
1339807680,50.4,94,048.7,30.291,2,3,45,0.000,0.000,2.620,2.620,50.4
1339807740,50.4,94,048.7,30.292,1,3,45,0.000,0.000,2.620,2.620,50.4
1339807800,50.4,94,048.7,30.291,1,2,45,0.000,0.000,2.620,2.620,50.4
1339807860,50.3,94,048.6,30.291,1,3,45,0.000,0.000,2.620,2.620,50.3
1339807920,50.3,94,048.6,30.290,0,1,45,0.000,0.000,2.620,2.620,50.3
1339807980,50.3,94,048.6,30.290,0,2,45,0.000,0.000,2.620,2.620,50.3
1339808040,50.3,94,048.6,30.291,1,3,45,0.000,0.000,2.620,2.620,50.3
1339808100,50.2,94,048.5,30.290,0,2,45,0.000,0.000,2.620,2.620,50.2
1339808160,50.2,94,048.5,30.291,2,3,45,0.000,0.000,2.620,2.620,50.2
1339808220,50.1,94,048.4,30.289,2,3,22,0.000,0.000,2.620,2.620,50.1
1339808280,50.1,93,048.2,30.288,1,3,22,0.000,0.000,2.620,2.620,50.1
1339808340,50.1,94,048.4,30.290,2,2,22,0.000,0.000,2.620,2.620,50.1
1339808400,50.1,94,048.4,30.290,1,3,22,0.000,0.000,2.620,2.620,50.1
1339808460,50.1,94,048.4,30.290,1,2,22,0.000,0.000,2.620,2.620,50.1
1339808520,50.0,94,048.3,30.290,1,2,22,0.000,0.000,2.620,2.620,50.0
1339808580,50.0,94,048.3,30.290,1,2,22,0.000,0.000,2.620,2.620,50.0
1339808640,49.9,93,048.0,30.291,0,2,22,0.000,0.000,2.620,2.620,49.9
1339808700,49.9,93,048.0,30.291,1,2,22,0.000,0.000,2.620,2.620,49.9
1339808760,49.8,93,047.9,30.291,1,2,22,0.000,0.000,2.620,2.620,49.8
1339808820,49.7,93,047.8,30.291,1,2,22,0.000,0.000,2.620,2.620,49.7
1339808880,49.7,93,047.8,30.292,0,1,22,0.000,0.000,2.620,2.620,49.7
1339808940,49.6,94,047.9,30.292,0,2,22,0.000,0.000,2.620,2.620,49.6
1339809000,49.6,94,047.9,30.291,0,1,22,0.000,0.000,2.620,2.620,49.6
1339809060,49.6,94,047.9,30.291,0,0,22,0.000,0.000,2.620,2.620,49.6
1339809120,49.5,94,047.8,30.291,0,1,22,0.000,0.000,2.620,2.620,49.5
1339809180,49.5,93,047.6,30.291,0,0,22,0.000,0.000,2.620,2.620,49.5
1339809240,49.5,93,047.6,30.291,1,2,22,0.000,0.000,2.620,2.620,49.5
1339809300,49.4,94,047.7,30.291,0,1,22,0.000,0.000,2.620,2.620,49.4
1339809360,49.4,94,047.7,30.292,0,1,22,0.000,0.000,2.620,2.620,49.4
1339809420,49.4,94,047.7,30.292,0,1,22,0.000,0.000,2.620,2.620,49.4
1339809480,49.3,94,047.6,30.292,0,0,22,0.000,0.000,2.620,2.620,49.3
1339809540,49.3,94,047.6,30.291,0,0,22,0.000,0.000,2.620,2.620,49.3
1339809600,49.2,94,047.5,30.291,0,1,22,0.000,0.000,2.620,2.620,49.2
1339809660,49.2,94,047.5,30.290,0,0,22,0.000,0.000,2.620,2.620,49.2
1339809720,49.2,94,047.5,30.291,0,0,22,0.000,0.000,2.620,2.620,49.2
1339809780,49.2,94,047.5,30.291,0,0,22,0.000,0.000,2.620,2.620,49.2
1339809840,49.1,94,047.4,30.290,0,0,22,0.000,0.000,2.620,2.620,49.1
1339809900,49.0,94,047.3,30.289,0,0,22,0.000,0.000,2.620,2.620,49.0
1339809960,49.0,94,047.3,30.288,0,0,22,0.000,0.000,2.620,2.620,49.0
1339810020,49.0,94,047.3,30.291,0,0,22,0.000,0.000,2.620,2.620,49.0
1339810080,49.0,94,047.3,30.290,0,2,22,0.000,0.000,2.620,2.620,49.0
1339810140,48.9,94,047.2,30.290,1,2,22,0.000,0.000,2.620,2.620,48.9
1339810200,48.9,94,047.2,30.289,2,2,22,0.000,0.000,2.620,2.620,48.9
1339810260,48.9,94,047.2,30.289,2,3,22,0.000,0.000,2.620,2.620,48.9
1339810320,48.9,94,047.2,30.290,1,2,22,0.000,0.000,2.620,2.620,48.9
1339810380,48.9,94,047.2,30.291,0,1,22,0.000,0.000,2.620,2.620,48.9
1339810440,48.9,94,047.2,30.290,0,0,22,0.000,0.000,2.620,2.620,48.9
1339810500,48.9,94,047.2,30.289,0,0,22,0.000,0.000,2.620,2.620,48.9
1339810560,48.8,94,047.2,30.291,0,0,22,0.000,0.000,2.620,2.620,48.8
1339810620,48.8,94,047.2,30.289,0,0,22,0.000,0.000,2.620,2.620,48.8
1339810680,48.8,94,047.2,30.290,0,0,22,0.000,0.000,2.620,2.620,48.8
1339810740,48.8,94,047.2,30.291,0,0,22,0.000,0.000,2.620,2.620,48.8
1339810800,48.8,94,047.2,30.291,0,0,22,0.000,0.000,2.620,2.620,48.8
1339810860,48.8,94,047.2,30.291,0,0,22,0.000,0.000,2.620,2.620,48.8
1339810920,48.8,94,047.2,30.293,0,0,22,0.000,0.000,2.620,2.620,48.8
1339810980,48.7,94,047.1,30.294,0,0,22,0.000,0.000,2.620,2.620,48.7
1339811040,48.7,94,047.1,30.291,1,1,22,0.000,0.000,2.620,2.620,48.7
1339811100,48.7,94,047.1,30.295,1,2,22,0.000,0.000,2.620,2.620,48.7
1339811160,48.8,94,047.2,30.293,1,2,22,0.000,0.000,2.620,2.620,48.8
1339811220,48.8,94,047.2,30.294,0,0,22,0.000,0.000,2.620,2.620,48.8
1339811280,48.8,94,047.2,30.294,0,0,22,0.000,0.000,2.620,2.620,48.8
1339811340,48.8,94,047.2,30.296,0,0,22,0.000,0.000,2.620,2.620,48.8
1339811400,48.8,94,047.2,30.294,0,0,22,0.000,0.000,2.620,2.620,48.8
1339811460,48.8,94,047.2,30.296,0,1,22,0.000,0.000,2.620,2.620,48.8
1339811520,48.8,94,047.2,30.295,1,2,22,0.000,0.000,2.620,2.620,48.8
1339811580,48.8,94,047.2,30.295,0,1,22,0.000,0.000,2.620,2.620,48.8
1339811640,48.8,94,047.2,30.295,1,1,22,0.000,0.000,2.620,2.620,48.8
1339811700,48.8,94,047.2,30.296,0,1,22,0.000,0.000,2.620,2.620,48.8
1339811760,48.8,94,047.2,30.295,0,0,22,0.000,0.000,2.620,2.620,48.8
1339811820,48.7,94,047.1,30.297,0,1,22,0.000,0.000,2.620,2.620,48.7
1339811880,48.7,94,047.1,30.297,0,1,22,0.000,0.000,2.620,2.620,48.7
1339811940,48.7,94,047.1,30.297,0,0,22,0.000,0.000,2.620,2.620,48.7
1339812000,48.6,94,047.0,30.297,0,0,22,0.000,0.000,2.620,2.620,48.6
1339812060,48.6,94,047.0,30.298,0,0,22,0.000,0.000,2.620,2.620,48.6
1339812120,48.6,94,047.0,30.297,0,0,22,0.000,0.000,2.620,2.620,48.6
1339812180,48.5,94,046.9,30.297,0,0,22,0.000,0.000,2.620,2.620,48.5
1339812240,48.6,94,047.0,30.298,0,0,22,0.000,0.000,2.620,2.620,48.6
1339812300,48.5,94,046.9,30.298,0,0,22,0.000,0.000,2.620,2.620,48.5
1339812360,48.5,94,046.9,30.298,0,0,22,0.000,0.000,2.620,2.620,48.5
1339812420,48.5,94,046.9,30.297,0,0,22,0.000,0.000,2.620,2.620,48.5
1339812480,48.5,94,046.9,30.298,0,1,22,0.000,0.000,2.620,2.620,48.5
1339812540,48.4,94,046.8,30.297,0,2,22,0.000,0.000,2.620,2.620,48.4
1339812600,48.4,94,046.8,30.298,1,2,22,0.000,0.000,2.620,2.620,48.4
1339812660,48.3,94,046.7,30.297,1,2,22,0.000,0.000,2.620,2.620,48.3
1339812720,48.3,94,046.7,30.297,1,2,22,0.000,0.000,2.620,2.620,48.3
1339812780,48.3,94,046.7,30.298,1,2,22,0.000,0.000,2.620,2.620,48.3
1339812840,48.3,94,046.7,30.297,0,1,22,0.000,0.000,2.620,2.620,48.3
1339812900,48.3,94,046.7,30.299,1,2,22,0.000,0.000,2.620,2.620,48.3
1339812960,48.3,94,046.7,30.299,0,0,22,0.000,0.000,2.620,2.620,48.3
1339813020,48.3,94,046.7,30.298,0,0,22,0.000,0.000,2.620,2.620,48.3
1339813080,48.3,94,046.7,30.298,0,1,22,0.000,0.000,2.620,2.620,48.3
1339813140,48.3,94,046.7,30.299,0,0,22,0.000,0.000,2.620,2.620,48.3
1339813200,48.3,94,046.7,30.298,0,0,22,0.000,0.000,2.620,2.620,48.3
1339813260,48.3,94,046.7,30.297,0,1,22,0.000,0.000,2.620,2.620,48.3
1339813320,48.3,94,046.7,30.296,0,0,22,0.000,0.000,2.620,2.620,48.3
1339813380,48.3,94,046.7,30.298,0,0,22,0.000,0.000,2.620,2.620,48.3
1339813440,48.3,94,046.7,30.299,0,0,22,0.000,0.000,2.620,2.620,48.3
1339813500,48.3,94,046.7,30.297,0,0,22,0.000,0.000,2.620,2.620,48.3
1339813560,48.3,94,046.7,30.299,0,0,22,0.000,0.000,2.620,2.620,48.3
1339813620,48.2,94,046.6,30.299,0,0,22,0.000,0.000,2.620,2.620,48.2
1339813680,48.2,94,046.6,30.300,0,0,22,0.000,0.000,2.620,2.620,48.2
1339813740,48.2,94,046.6,30.299,0,0,22,0.000,0.000,2.620,2.620,48.2
1339813800,48.1,94,046.5,30.298,0,0,22,0.000,0.000,2.620,2.620,48.1
1339813860,48.1,94,046.5,30.299,0,0,22,0.000,0.000,2.620,2.620,48.1
1339813920,48.1,94,046.5,30.300,0,0,22,0.000,0.000,2.620,2.620,48.1
1339813980,48.1,94,046.5,30.301,0,0,22,0.000,0.000,2.620,2.620,48.1
1339814040,48.1,94,046.5,30.300,0,0,22,0.000,0.000,2.620,2.620,48.1
1339814100,48.1,94,046.5,30.300,0,0,22,0.000,0.000,2.620,2.620,48.1
1339814160,48.0,94,046.4,30.301,0,0,22,0.000,0.000,2.620,2.620,48.0
1339814220,48.0,94,046.4,30.302,0,0,22,0.000,0.000,2.620,2.620,48.0
1339814280,48.0,94,046.4,30.301,0,1,22,0.000,0.000,2.620,2.620,48.0
1339814340,47.9,94,046.3,30.301,0,1,22,0.000,0.000,2.620,2.620,47.9
1339814400,47.9,94,046.3,30.302,1,2,22,0.000,0.000,2.620,2.620,47.9
1339814460,47.9,94,046.3,30.303,1,2,22,0.000,0.000,2.620,2.620,47.9
1339814520,47.9,94,046.3,30.302,1,2,22,0.000,0.000,2.620,2.620,47.9
1339814580,47.9,94,046.3,30.304,1,1,22,0.000,0.000,2.620,2.620,47.9
1339814640,47.9,94,046.3,30.303,1,2,22,0.000,0.000,2.620,2.620,47.9
1339814700,48.0,94,046.4,30.304,1,2,22,0.000,0.000,2.620,2.620,48.0
1339814760,47.9,94,046.3,30.305,1,1,22,0.000,0.000,2.620,2.620,47.9
1339814820,48.0,94,046.4,30.305,0,1,22,0.000,0.000,2.620,2.620,48.0
1339814880,48.0,95,046.6,30.306,0,0,22,0.000,0.000,2.620,2.620,48.0
1339814940,48.0,95,046.6,30.306,0,0,22,0.000,0.000,2.620,2.620,48.0
1339815000,48.0,95,046.6,30.306,0,1,22,0.000,0.000,2.620,2.620,48.0
1339815060,48.0,95,046.6,30.304,0,0,22,0.000,0.000,2.620,2.620,48.0
1339815120,47.9,95,046.5,30.306,0,0,22,0.000,0.000,2.620,2.620,47.9
1339815180,47.9,95,046.5,30.305,0,0,22,0.000,0.000,2.620,2.620,47.9
1339815240,47.9,95,046.5,30.305,0,0,22,0.000,0.000,2.620,2.620,47.9
1339815300,47.9,95,046.5,30.305,0,0,22,0.000,0.000,2.620,2.620,47.9
1339815360,47.9,95,046.5,30.305,0,0,22,0.000,0.000,2.620,2.620,47.9
1339815420,47.9,95,046.5,30.305,0,0,22,0.000,0.000,2.620,2.620,47.9
1339815480,47.9,94,046.3,30.306,0,0,22,0.000,0.000,2.620,2.620,47.9
1339815540,47.9,94,046.3,30.307,1,2,22,0.000,0.000,2.620,2.620,47.9
1339815600,47.9,94,046.3,30.308,0,1,22,0.000,0.000,2.620,2.620,47.9
1339815660,47.8,94,046.2,30.309,0,2,22,0.000,0.000,2.620,2.620,47.8
1339815720,47.8,94,046.2,30.309,1,2,22,0.000,0.000,2.620,2.620,47.8
1339815780,47.8,94,046.2,30.309,1,2,22,0.000,0.000,2.620,2.620,47.8
1339815840,47.8,94,046.2,30.312,0,1,22,0.000,0.000,2.620,2.620,47.8
1339815900,47.8,94,046.2,30.314,1,2,22,0.000,0.000,2.620,2.620,47.8
1339815960,47.8,94,046.2,30.315,1,1,22,0.000,0.000,2.620,2.620,47.8
1339816020,47.8,94,046.2,30.315,0,1,22,0.000,0.000,2.620,2.620,47.8
1339816080,47.8,94,046.2,30.315,0,0,22,0.000,0.000,2.620,2.620,47.8
1339816140,47.8,94,046.2,30.315,0,0,22,0.000,0.000,2.620,2.620,47.8
1339816200,47.8,94,046.2,30.315,0,0,22,0.000,0.000,2.620,2.620,47.8
1339816260,47.8,95,046.4,30.315,0,0,22,0.000,0.000,2.620,2.620,47.8
1339816320,47.9,95,046.5,30.315,0,0,22,0.000,0.000,2.620,2.620,47.9
1339816380,47.9,95,046.5,30.314,0,0,22,0.000,0.000,2.620,2.620,47.9
1339816440,47.9,95,046.5,30.314,0,0,22,0.000,0.000,2.620,2.620,47.9
1339816500,47.9,95,046.5,30.314,0,0,22,0.000,0.000,2.620,2.620,47.9
1339816560,47.9,95,046.5,30.314,0,0,22,0.000,0.000,2.620,2.620,47.9
1339816620,47.9,95,046.5,30.313,0,0,22,0.000,0.000,2.620,2.620,47.9
1339816680,47.9,95,046.5,30.314,0,0,22,0.000,0.000,2.620,2.620,47.9
1339816740,47.9,95,046.5,30.312,0,0,22,0.000,0.000,2.620,2.620,47.9
1339816800,48.0,95,046.6,30.312,0,0,22,0.000,0.000,2.620,2.620,48.0
1339816860,48.0,95,046.6,30.312,0,0,22,0.000,0.000,2.620,2.620,48.0
1339816920,48.0,95,046.6,30.310,0,0,22,0.000,0.000,2.620,2.620,48.0
1339816980,48.1,95,046.7,30.311,0,0,22,0.000,0.000,2.620,2.620,48.1
1339817040,48.1,95,046.7,30.311,0,0,22,0.000,0.000,2.620,2.620,48.1
1339817100,48.1,95,046.7,30.311,0,0,22,0.000,0.000,2.620,2.620,48.1
1339817160,48.1,95,046.7,30.310,0,0,22,0.000,0.000,2.620,2.620,48.1
1339817220,48.2,95,046.8,30.311,0,0,22,0.000,0.000,2.620,2.620,48.2
1339817280,48.2,95,046.8,30.310,0,0,22,0.000,0.000,2.620,2.620,48.2
1339817340,48.3,95,046.9,30.311,0,0,22,0.000,0.000,2.620,2.620,48.3
1339817400,48.3,95,046.9,30.311,0,0,22,0.000,0.000,2.620,2.620,48.3
1339817460,48.4,95,047.0,30.310,0,0,22,0.000,0.000,2.620,2.620,48.4
1339817520,48.4,95,047.0,30.310,0,0,22,0.000,0.000,2.620,2.620,48.4
1339817580,48.4,95,047.0,30.309,0,0,22,0.000,0.000,2.620,2.620,48.4
1339817640,48.5,95,047.1,30.309,0,0,22,0.000,0.000,2.620,2.620,48.5
1339817700,48.4,95,047.0,30.311,0,0,22,0.000,0.000,2.620,2.620,48.4
1339817760,48.5,95,047.1,30.311,1,2,22,0.000,0.000,2.620,2.620,48.5
1339817820,48.4,95,047.0,30.313,2,3,22,0.000,0.000,2.620,2.620,48.4
1339817880,48.4,95,047.0,30.314,1,2,22,0.000,0.000,2.620,2.620,48.4
1339817940,48.3,95,046.9,30.314,1,2,22,0.000,0.000,2.620,2.620,48.3
1339818000,48.3,95,046.9,30.316,1,2,22,0.000,0.000,2.620,2.620,48.3
1339818060,48.3,95,046.9,30.318,1,2,22,0.000,0.000,2.620,2.620,48.3
1339818120,48.3,95,046.9,30.320,1,2,22,0.000,0.000,2.620,2.620,48.3
1339818180,48.2,95,046.8,30.320,2,2,22,0.000,0.000,2.620,2.620,48.2
1339818240,48.2,95,046.8,30.321,0,1,22,0.000,0.000,2.620,2.620,48.2
1339818300,48.2,95,046.8,30.321,1,2,22,0.000,0.000,2.620,2.620,48.2
1339818360,48.2,95,046.8,30.322,1,2,22,0.000,0.000,2.620,2.620,48.2
1339818420,48.2,95,046.8,30.322,1,1,22,0.000,0.000,2.620,2.620,48.2
1339818480,48.2,95,046.8,30.323,1,1,22,0.000,0.000,2.620,2.620,48.2
1339818540,48.2,95,046.8,30.323,0,2,22,0.000,0.000,2.620,2.620,48.2
1339818600,48.2,95,046.8,30.324,0,2,22,0.000,0.000,2.620,2.620,48.2
1339818660,48.2,95,046.8,30.325,1,1,22,0.000,0.000,2.620,2.620,48.2
1339818720,48.2,95,046.8,30.326,2,2,22,0.000,0.000,2.620,2.620,48.2
1339818780,48.3,95,046.9,30.326,1,2,22,0.000,0.000,2.620,2.620,48.3
1339818840,48.3,95,046.9,30.327,1,1,22,0.000,0.000,2.620,2.620,48.3
1339818900,48.3,95,046.9,30.328,1,2,22,0.000,0.000,2.620,2.620,48.3
1339818960,48.3,95,046.9,30.329,0,0,22,0.000,0.000,2.620,2.620,48.3
1339819020,48.4,95,047.0,30.329,0,0,22,0.000,0.000,2.620,2.620,48.4
1339819080,48.4,95,047.0,30.329,0,1,22,0.000,0.000,2.620,2.620,48.4
1339819140,48.5,95,047.1,30.328,0,0,22,0.000,0.000,2.620,2.620,48.5
1339819200,48.5,95,047.1,30.328,0,0,22,0.000,0.000,2.620,2.620,48.5
1339819260,48.5,95,047.1,30.327,0,0,22,0.000,0.000,2.620,2.620,48.5
1339819320,48.6,95,047.2,30.327,0,0,22,0.000,0.000,2.620,2.620,48.6
1339819380,48.6,95,047.2,30.327,0,0,22,0.000,0.000,2.620,2.620,48.6
1339819440,48.7,95,047.3,30.327,0,0,22,0.000,0.000,2.620,2.620,48.7
1339819500,48.8,95,047.4,30.328,0,1,22,0.000,0.000,2.620,2.620,48.8
1339819560,48.8,95,047.4,30.328,1,2,22,0.000,0.000,2.620,2.620,48.8
1339819620,48.9,95,047.5,30.328,2,2,22,0.000,0.000,2.620,2.620,48.9
1339819680,49.0,95,047.6,30.329,2,3,22,0.000,0.000,2.620,2.620,49.0
1339819740,49.1,95,047.7,30.329,2,3,22,0.000,0.000,2.620,2.620,49.1
1339819800,49.2,95,047.8,30.329,1,2,22,0.000,0.000,2.620,2.620,49.2
1339819860,49.2,95,047.8,30.329,0,1,22,0.000,0.000,2.620,2.620,49.2
1339819920,49.2,95,047.8,30.330,0,0,22,0.000,0.000,2.620,2.620,49.2
1339819980,49.3,95,047.9,30.329,0,0,22,0.000,0.000,2.620,2.620,49.3
1339820040,49.4,95,048.0,30.328,0,0,22,0.000,0.000,2.620,2.620,49.4
1339820100,49.4,95,048.0,30.328,0,0,22,0.000,0.000,2.620,2.620,49.4
1339820160,49.5,95,048.1,30.328,0,0,22,0.000,0.000,2.620,2.620,49.5
1339820220,49.6,95,048.2,30.328,0,0,22,0.000,0.000,2.620,2.620,49.6
1339820280,49.6,95,048.2,30.328,0,0,22,0.000,0.000,2.620,2.620,49.6
1339820340,49.7,95,048.3,30.329,0,1,22,0.000,0.000,2.620,2.620,49.7
1339820400,49.8,95,048.4,30.330,0,2,22,0.000,0.000,2.620,2.620,49.8
1339820460,49.9,95,048.5,30.329,0,0,22,0.000,0.000,2.620,2.620,49.9
1339820520,49.9,95,048.5,30.330,0,0,22,0.000,0.000,2.620,2.620,49.9
1339820580,50.0,95,048.6,30.329,0,0,22,0.000,0.000,2.620,2.620,50.0
1339820640,50.0,95,048.6,30.330,0,0,22,0.000,0.000,2.620,2.620,50.0
1339820700,50.1,95,048.7,30.330,0,0,22,0.000,0.000,2.620,2.620,50.1
1339820760,50.2,95,048.8,30.329,0,0,22,0.000,0.000,2.620,2.620,50.2
1339820820,50.3,95,048.9,30.330,0,0,22,0.000,0.000,2.620,2.620,50.3
1339820880,50.4,95,049.0,30.329,0,0,22,0.000,0.000,2.620,2.620,50.4
1339820940,50.5,95,049.1,30.329,0,0,22,0.000,0.000,2.620,2.620,50.5
1339821000,50.6,95,049.2,30.329,0,0,22,0.000,0.000,2.620,2.620,50.6
1339821060,50.7,95,049.3,30.329,0,0,22,0.000,0.000,2.620,2.620,50.7
1339821120,50.8,95,049.4,30.332,0,0,22,0.000,0.000,2.620,2.620,50.8
1339821180,50.8,95,049.4,30.334,0,1,22,0.000,0.000,2.620,2.620,50.8
1339821240,50.9,95,049.5,30.333,0,1,22,0.000,0.000,2.620,2.620,50.9
1339821300,51.0,95,049.6,30.334,1,3,22,0.000,0.000,2.620,2.620,51.0
1339821360,51.0,95,049.6,30.335,1,2,22,0.000,0.000,2.620,2.620,51.0
1339821420,51.1,95,049.7,30.334,0,1,22,0.000,0.000,2.620,2.620,51.1
1339821480,51.2,95,049.8,30.335,0,0,22,0.000,0.000,2.620,2.620,51.2
1339821540,51.4,95,50.0,30.334,0,0,22,0.000,0.000,2.620,2.620,51.4
1339821600,51.5,95,50.1,30.335,0,0,22,0.000,0.000,2.620,2.620,51.5
1339821660,51.6,95,50.2,30.334,0,0,22,0.000,0.000,2.620,2.620,51.6
1339821720,51.7,95,50.3,30.337,0,0,22,0.000,0.000,2.620,2.620,51.7
1339821780,51.9,95,50.5,30.334,0,0,22,0.000,0.000,2.620,2.620,51.9
1339821840,52.0,95,50.6,30.333,0,0,22,0.000,0.000,2.620,2.620,52.0
1339821900,52.1,95,50.7,30.334,0,1,22,0.000,0.000,2.620,2.620,52.1
1339821960,52.2,95,50.8,30.335,1,2,22,0.000,0.000,2.620,2.620,52.2
1339822020,52.3,95,50.9,30.335,1,2,22,0.000,0.000,2.620,2.620,52.3
1339822080,52.4,95,51.0,30.336,1,2,22,0.000,0.000,2.620,2.620,52.4
1339822140,52.4,95,51.0,30.336,0,2,22,0.000,0.000,2.620,2.620,52.4
1339822200,52.5,95,51.1,30.335,0,1,22,0.000,0.000,2.620,2.620,52.5
1339822260,52.6,95,51.2,30.334,0,0,22,0.000,0.000,2.620,2.620,52.6
1339822320,52.6,95,51.2,30.336,0,1,22,0.000,0.000,2.620,2.620,52.6
1339822380,52.7,95,51.3,30.335,0,0,22,0.000,0.000,2.620,2.620,52.7
1339822440,52.8,95,51.4,30.336,0,0,22,0.000,0.000,2.620,2.620,52.8
1339822500,53.0,95,51.6,30.333,0,0,22,0.000,0.000,2.620,2.620,53.0
1339822560,53.2,95,51.8,30.333,0,0,22,0.000,0.000,2.620,2.620,53.2
1339822620,53.3,95,51.9,30.334,0,0,22,0.000,0.000,2.620,2.620,53.3
1339822680,53.5,95,52.1,30.334,0,0,22,0.000,0.000,2.620,2.620,53.5
1339822740,53.6,94,51.9,30.334,0,0,22,0.000,0.000,2.620,2.620,53.6
1339822800,53.8,94,52.1,30.334,0,0,22,0.000,0.000,2.620,2.620,53.8
1339822860,53.9,94,52.2,30.334,0,1,22,0.000,0.000,2.620,2.620,53.9
1339822920,54.0,94,52.3,30.334,0,0,22,0.000,0.000,2.620,2.620,54.0
1339822980,54.1,94,52.4,30.335,1,1,22,0.000,0.000,2.620,2.620,54.1
1339823040,54.2,94,52.5,30.335,0,1,22,0.000,0.000,2.620,2.620,54.2
1339823100,54.3,93,52.3,30.336,0,0,22,0.000,0.000,2.620,2.620,54.3
1339823160,54.5,93,52.5,30.334,0,0,22,0.000,0.000,2.620,2.620,54.5
1339823220,54.6,93,52.6,30.337,0,0,22,0.000,0.000,2.620,2.620,54.6
1339823280,54.7,93,52.7,30.336,0,0,22,0.000,0.000,2.620,2.620,54.7
1339823340,54.8,92,52.5,30.336,0,0,22,0.000,0.000,2.620,2.620,54.8
1339823400,54.9,92,52.6,30.336,0,0,22,0.000,0.000,2.620,2.620,54.9
1339823460,55.1,92,52.8,30.337,0,0,22,0.000,0.000,2.620,2.620,55.1
1339823520,55.2,92,52.9,30.338,0,0,22,0.000,0.000,2.620,2.620,55.2
1339823580,55.4,91,52.8,30.338,0,0,22,0.000,0.000,2.620,2.620,55.4
1339823640,55.6,91,53.0,30.339,0,1,22,0.000,0.000,2.620,2.620,55.6
1339823700,55.7,91,53.1,30.339,0,1,22,0.000,0.000,2.620,2.620,55.7
1339823760,55.9,90,53.0,30.339,0,1,22,0.000,0.000,2.620,2.620,55.9
1339823820,56.0,90,53.1,30.338,0,0,22,0.000,0.000,2.620,2.620,56.0
1339823880,56.1,89,52.9,30.339,0,0,22,0.000,0.000,2.620,2.620,56.1
1339823940,56.4,89,53.2,30.339,0,0,22,0.000,0.000,2.620,2.620,56.4
1339824000,56.5,89,53.3,30.338,0,0,22,0.000,0.000,2.620,2.620,56.5
1339824060,56.6,89,53.4,30.339,0,0,22,0.000,0.000,2.620,2.620,56.6
1339824120,56.8,89,53.6,30.339,0,0,22,0.000,0.000,2.620,2.620,56.8
1339824180,56.9,89,53.7,30.338,0,0,22,0.000,0.000,2.620,2.620,56.9
1339824240,57.2,89,54.0,30.340,0,0,22,0.000,0.000,2.620,2.620,57.2
1339824300,57.4,89,54.2,30.339,0,0,22,0.000,0.000,2.620,2.620,57.4
1339824360,57.6,88,54.1,30.340,0,0,22,0.000,0.000,2.620,2.620,57.6
1339824420,57.8,87,54.0,30.341,0,0,22,0.000,0.000,2.620,2.620,57.8
1339824480,58.0,86,53.8,30.341,1,2,22,0.000,0.000,2.620,2.620,58.0
1339824540,58.2,86,54.0,30.342,2,2,22,0.000,0.000,2.620,2.620,58.2
1339824600,58.4,85,53.9,30.342,2,2,22,0.000,0.000,2.620,2.620,58.4
1339824660,58.5,85,54.0,30.341,2,2,22,0.000,0.000,2.620,2.620,58.5
1339824720,58.7,84,53.9,30.340,1,2,22,0.000,0.000,2.620,2.620,58.7
1339824780,58.9,84,54.1,30.340,0,0,22,0.000,0.000,2.620,2.620,58.9
1339824840,59.0,84,54.2,30.339,0,0,22,0.000,0.000,2.620,2.620,59.0
1339824900,59.0,84,54.2,30.339,0,0,22,0.000,0.000,2.620,2.620,59.0
1339824960,59.1,84,54.3,30.338,0,1,22,0.000,0.000,2.620,2.620,59.1
1339825020,59.6,84,54.8,30.338,0,1,22,0.000,0.000,2.620,2.620,59.6
1339825080,59.9,84,55.1,30.337,1,2,22,0.000,0.000,2.620,2.620,59.9
1339825140,60.3,84,55.4,30.338,1,2,22,0.000,0.000,2.620,2.620,60.3
1339825200,60.7,83,55.5,30.336,0,2,22,0.000,0.000,2.620,2.620,60.7
1339825260,61.0,82,55.5,30.338,1,2,45,0.000,0.000,2.620,2.620,61.0
1339825320,61.3,81,55.4,30.338,0,1,45,0.000,0.000,2.620,2.620,61.3
1339825380,61.5,81,55.6,30.337,0,1,22,0.000,0.000,2.620,2.620,61.5
1339825440,61.7,81,55.8,30.339,0,0,22,0.000,0.000,2.620,2.620,61.7
1339825500,61.9,80,55.7,30.339,2,3,22,0.000,0.000,2.620,2.620,61.9
1339825560,62.0,80,55.8,30.339,3,3,22,0.000,0.000,2.620,2.620,62.0
1339825620,62.1,78,55.2,30.340,2,3,22,0.000,0.000,2.620,2.620,62.1
1339825680,62.2,77,54.9,30.340,2,2,22,0.000,0.000,2.620,2.620,62.2
1339825740,62.2,77,54.9,30.341,1,2,22,0.000,0.000,2.620,2.620,62.2
1339825800,62.2,77,54.9,30.340,0,0,22,0.000,0.000,2.620,2.620,62.2
1339825860,62.2,77,54.9,30.340,0,0,22,0.000,0.000,2.620,2.620,62.2
1339825920,62.3,77,55.0,30.339,0,0,22,0.000,0.000,2.620,2.620,62.3
1339825980,62.4,76,54.7,30.337,0,0,22,0.000,0.000,2.620,2.620,62.4
1339826040,62.5,76,54.8,30.338,0,1,22,0.000,0.000,2.620,2.620,62.5
1339826100,62.7,76,55.0,30.340,0,0,22,0.000,0.000,2.620,2.620,62.7
1339826160,62.8,76,55.1,30.339,0,0,22,0.000,0.000,2.620,2.620,62.8
1339826220,62.9,76,55.2,30.340,0,0,22,0.000,0.000,2.620,2.620,62.9
1339826280,63.1,76,55.4,30.342,0,0,22,0.000,0.000,2.620,2.620,63.1
1339826340,63.3,76,55.6,30.340,1,2,22,0.000,0.000,2.620,2.620,63.3
1339826400,63.4,75,55.3,30.339,1,2,22,0.000,0.000,2.620,2.620,63.4
1339826460,63.6,76,55.9,30.340,0,1,22,0.000,0.000,2.620,2.620,63.6
1339826520,63.8,77,56.4,30.340,0,1,22,0.000,0.000,2.620,2.620,63.8
1339826580,64.1,75,56.0,30.339,0,1,22,0.000,0.000,2.620,2.620,64.1
1339826640,64.3,76,56.6,30.339,1,2,22,0.000,0.000,2.620,2.620,64.3
1339826700,64.5,74,56.0,30.340,0,1,22,0.000,0.000,2.620,2.620,64.5
1339826760,64.8,74,56.3,30.338,0,1,22,0.000,0.000,2.620,2.620,64.8
1339826820,65.0,75,56.9,30.337,1,3,158,0.000,0.000,2.620,2.620,65.0
1339826880,65.3,74,56.8,30.337,1,2,248,0.000,0.000,2.620,2.620,65.3
1339826940,65.5,74,57.0,30.337,0,2,248,0.000,0.000,2.620,2.620,65.5
1339827000,65.8,74,57.3,30.336,1,3,202,0.000,0.000,2.620,2.620,65.8
1339827060,66.0,72,56.7,30.336,0,2,180,0.000,0.000,2.620,2.620,66.0
1339827120,66.2,73,57.3,30.336,0,1,180,0.000,0.000,2.620,2.620,66.2
1339827180,66.4,73,57.5,30.336,0,0,180,0.000,0.000,2.620,2.620,66.4
1339827240,66.6,74,58.1,30.335,0,0,180,0.000,0.000,2.620,2.620,66.6
1339827300,66.7,72,57.4,30.335,1,3,225,0.000,0.000,2.620,2.620,66.7
1339827360,66.9,72,57.6,30.335,0,1,225,0.000,0.000,2.620,2.620,66.9
1339827420,67.1,70,57.0,30.335,0,1,225,0.000,0.000,2.620,2.620,67.1
1339827480,67.2,72,57.9,30.335,2,3,158,0.000,0.000,2.620,2.620,67.2
1339827540,67.4,69,56.9,30.335,1,2,158,0.000,0.000,2.620,2.620,67.4
1339827600,67.5,69,57.0,30.334,1,2,158,0.000,0.000,2.620,2.620,67.5
1339827660,67.6,69,57.1,30.334,0,1,158,0.000,0.000,2.620,2.620,67.6
1339827720,67.7,68,56.8,30.333,1,3,158,0.000,0.000,2.620,2.620,67.7
1339827780,67.8,64,55.2,30.333,2,3,202,0.000,0.000,2.620,2.620,67.8
1339827840,67.9,66,56.1,30.332,2,3,158,0.000,0.000,2.620,2.620,67.9
1339827900,68.0,64,55.4,30.333,1,3,180,0.000,0.000,2.620,2.620,68.0
1339827960,68.1,64,55.5,30.332,1,2,180,0.000,0.000,2.620,2.620,68.1
1339828020,68.2,62,54.7,30.331,1,3,202,0.000,0.000,2.620,2.620,68.2
1339828080,68.2,66,56.4,30.332,1,2,202,0.000,0.000,2.620,2.620,68.2
1339828140,68.2,64,55.6,30.331,0,1,202,0.000,0.000,2.620,2.620,68.2
1339828200,68.2,65,56.0,30.333,2,5,202,0.000,0.000,2.620,2.620,68.2
1339828260,68.2,62,54.7,30.332,1,3,225,0.000,0.000,2.620,2.620,68.2
1339828320,68.2,63,55.1,30.332,3,3,158,0.000,0.000,2.620,2.620,68.2
1339828380,68.1,63,55.0,30.332,2,3,158,0.000,0.000,2.620,2.620,68.1
1339828440,68.1,57,52.3,30.334,2,3,270,0.000,0.000,2.620,2.620,68.1
1339828500,68.2,61,54.2,30.332,0,1,225,0.000,0.000,2.620,2.620,68.2
1339828560,68.1,60,53.7,30.333,1,2,202,0.000,0.000,2.620,2.620,68.1
1339828620,68.1,59,53.2,30.333,1,2,202,0.000,0.000,2.620,2.620,68.1
1339828680,68.1,62,54.6,30.333,1,2,338,0.000,0.000,2.620,2.620,68.1
1339828740,68.2,61,54.2,30.333,0,2,135,0.000,0.000,2.620,2.620,68.2
1339828800,68.2,61,54.2,30.333,1,3,158,0.000,0.000,2.620,2.620,68.2
1339828860,68.3,58,52.9,30.331,2,3,158,0.000,0.000,2.620,2.620,68.3
1339828920,68.3,57,52.5,30.332,1,2,180,0.000,0.000,2.620,2.620,68.3
1339828980,68.4,61,54.4,30.332,0,1,180,0.000,0.000,2.620,2.620,68.4
1339829040,68.4,63,55.3,30.333,0,0,180,0.000,0.000,2.620,2.620,68.4
1339829100,68.5,61,54.5,30.333,1,3,45,0.000,0.000,2.620,2.620,68.5
1339829160,68.6,58,53.2,30.332,1,2,90,0.000,0.000,2.620,2.620,68.6
1339829220,68.7,58,53.3,30.333,0,0,90,0.000,0.000,2.620,2.620,68.7
1339829280,68.9,60,54.4,30.333,0,2,90,0.000,0.000,2.620,2.620,68.9
1339829340,68.9,57,53.0,30.332,1,2,90,0.000,0.000,2.620,2.620,68.9
1339829400,69.0,57,53.1,30.332,0,1,90,0.000,0.000,2.620,2.620,69.0
1339829460,69.1,59,54.2,30.332,1,2,90,0.000,0.000,2.620,2.620,69.1
1339829520,69.1,58,53.7,30.333,1,3,180,0.000,0.000,2.620,2.620,69.1
1339829580,69.2,56,52.8,30.333,0,1,180,0.000,0.000,2.620,2.620,69.2
1339829640,69.2,56,52.8,30.332,0,0,180,0.000,0.000,2.620,2.620,69.2
1339829700,69.3,57,53.4,30.333,1,3,68,0.000,0.000,2.620,2.620,69.3
1339829760,69.4,58,54.0,30.331,0,2,68,0.000,0.000,2.620,2.620,69.4
1339829820,69.5,57,53.6,30.331,0,1,68,0.000,0.000,2.620,2.620,69.5
1339829880,69.5,56,53.1,30.332,0,0,68,0.000,0.000,2.620,2.620,69.5
1339829940,69.7,59,54.7,30.332,0,1,68,0.000,0.000,2.620,2.620,69.7
1339830000,69.8,60,55.3,30.330,0,1,68,0.000,0.000,2.620,2.620,69.8
1339830060,69.8,57,53.9,30.332,1,2,135,0.000,0.000,2.620,2.620,69.8
1339830120,69.8,55,52.9,30.331,1,1,135,0.000,0.000,2.620,2.620,69.8
1339830180,69.8,57,53.9,30.331,0,1,180,0.000,0.000,2.620,2.620,69.8
1339830240,69.8,55,52.9,30.331,0,1,180,0.000,0.000,2.620,2.620,69.8
1339830300,69.9,58,54.4,30.331,0,0,180,0.000,0.000,2.620,2.620,69.9
1339830360,70.0,59,55.0,30.330,0,2,180,0.000,0.000,2.620,2.620,70.0
1339830420,70.1,59,55.1,30.332,0,1,180,0.000,0.000,2.620,2.620,70.1
1339830480,70.2,58,54.7,30.330,0,1,158,0.000,0.000,2.620,2.620,70.2
1339830540,70.2,58,54.7,30.331,1,2,158,0.000,0.000,2.620,2.620,70.2
1339830600,70.3,58,54.8,30.331,0,2,158,0.000,0.000,2.620,2.620,70.3
1339830660,70.3,61,56.2,30.332,1,2,158,0.000,0.000,2.620,2.620,70.3
1339830720,70.2,62,56.6,30.332,1,2,158,0.000,0.000,2.620,2.620,70.2
1339830780,70.2,57,54.2,30.334,1,3,158,0.000,0.000,2.620,2.620,70.2
1339830840,70.1,54,52.7,30.333,1,3,158,0.000,0.000,2.620,2.620,70.1
1339830900,70.0,58,54.5,30.333,1,3,68,0.000,0.000,2.620,2.620,70.0
1339830960,70.0,56,53.6,30.332,1,3,68,0.000,0.000,2.620,2.620,70.0
1339831020,70.0,56,53.6,30.333,2,3,68,0.000,0.000,2.620,2.620,70.0
1339831080,70.0,56,53.6,30.331,3,5,22,0.000,0.000,2.620,2.620,70.0
1339831140,69.9,53,52.0,30.330,2,3,22,0.000,0.000,2.620,2.620,69.9
1339831200,69.8,53,51.9,30.330,1,2,22,0.000,0.000,2.620,2.620,69.8
1339831260,69.8,54,52.4,30.329,0,0,22,0.000,0.000,2.620,2.620,69.8
1339831320,69.8,55,52.9,30.330,2,3,22,0.000,0.000,2.620,2.620,69.8
1339831380,69.8,54,52.4,30.328,2,3,180,0.000,0.000,2.620,2.620,69.8
1339831440,69.8,55,52.9,30.330,2,3,180,0.000,0.000,2.620,2.620,69.8
1339831500,69.9,54,52.5,30.329,1,1,158,0.000,0.000,2.620,2.620,69.9
1339831560,70.0,59,55.0,30.329,1,3,202,0.000,0.000,2.620,2.620,70.0
1339831620,70.1,57,54.2,30.329,2,3,202,0.000,0.000,2.620,2.620,70.1
1339831680,70.1,58,54.6,30.327,2,3,270,0.000,0.000,2.620,2.620,70.1
1339831740,70.2,55,53.3,30.329,3,3,202,0.000,0.000,2.620,2.620,70.2
1339831800,70.2,55,53.3,30.330,2,3,202,0.000,0.000,2.620,2.620,70.2
1339831860,70.3,54,52.9,30.329,0,1,202,0.000,0.000,2.620,2.620,70.3
1339831920,70.3,56,53.9,30.329,0,0,202,0.000,0.000,2.620,2.620,70.3
1339831980,70.4,57,54.4,30.329,0,1,202,0.000,0.000,2.620,2.620,70.4
1339832040,70.5,59,55.5,30.330,1,1,202,0.000,0.000,2.620,2.620,70.5
1339832100,70.6,53,52.6,30.330,2,3,180,0.000,0.000,2.620,2.620,70.6
1339832160,70.7,55,53.7,30.329,0,1,180,0.000,0.000,2.620,2.620,70.7
1339832220,70.8,53,52.8,30.330,0,1,180,0.000,0.000,2.620,2.620,70.8
1339832280,70.9,55,53.9,30.331,0,1,180,0.000,0.000,2.620,2.620,70.9
1339832340,70.9,53,52.9,30.329,2,3,180,0.000,0.000,2.620,2.620,70.9
1339832400,70.9,54,53.4,30.330,1,2,202,0.000,0.000,2.620,2.620,70.9
1339832460,71.0,51,52.0,30.332,0,0,202,0.000,0.000,2.620,2.620,71.0
1339832520,71.0,56,54.5,30.330,0,1,180,0.000,0.000,2.620,2.620,71.0
1339832580,71.0,53,53.0,30.330,0,2,180,0.000,0.000,2.620,2.620,71.0
1339832640,71.1,55,54.1,30.329,0,2,180,0.000,0.000,2.620,2.620,71.1
1339832700,71.1,52,52.6,30.327,1,2,180,0.000,0.000,2.620,2.620,71.1
1339832760,71.0,55,54.0,30.327,3,3,180,0.000,0.000,2.620,2.620,71.0
1339832820,70.8,55,53.8,30.328,0,2,180,0.000,0.000,2.620,2.620,70.8
1339832880,70.8,54,53.3,30.325,1,2,180,0.000,0.000,2.620,2.620,70.8
1339832940,70.7,52,52.2,30.325,2,3,180,0.000,0.000,2.620,2.620,70.7
1339833000,70.5,51,51.5,30.325,1,2,180,0.000,0.000,2.620,2.620,70.5
1339833060,70.5,52,52.0,30.325,1,2,68,0.000,0.000,2.620,2.620,70.5
1339833120,70.5,52,52.0,30.323,2,3,135,0.000,0.000,2.620,2.620,70.5
1339833180,70.5,53,52.5,30.323,2,3,180,0.000,0.000,2.620,2.620,70.5
1339833240,70.5,53,52.5,30.322,1,2,180,0.000,0.000,2.620,2.620,70.5
1339833300,70.7,54,53.2,30.324,0,0,180,0.000,0.000,2.620,2.620,70.7
1339833360,70.8,56,54.3,30.322,1,3,180,0.000,0.000,2.620,2.620,70.8
1339833420,70.9,56,54.4,30.321,3,3,22,0.000,0.000,2.620,2.620,70.9
1339833480,71.0,52,52.5,30.321,3,3,22,0.000,0.000,2.620,2.620,71.0
1339833540,71.1,52,52.6,30.320,1,2,22,0.000,0.000,2.620,2.620,71.1
1339833600,71.3,57,55.3,30.321,1,3,158,0.000,0.000,2.620,2.620,71.3
1339833660,71.3,55,54.3,30.321,0,1,158,0.000,0.000,2.620,2.620,71.3
1339833720,71.4,57,55.4,30.321,0,0,158,0.000,0.000,2.620,2.620,71.4
1339833780,71.6,54,54.1,30.321,0,2,158,0.000,0.000,2.620,2.620,71.6
1339833840,71.7,53,53.7,30.319,1,3,158,0.000,0.000,2.620,2.620,71.7
1339833900,71.7,50,52.1,30.319,0,1,202,0.000,0.000,2.620,2.620,71.7
1339833960,71.8,53,53.7,30.318,1,2,202,0.000,0.000,2.620,2.620,71.8
1339834020,71.9,54,54.3,30.319,1,2,202,0.000,0.000,2.620,2.620,71.9
1339834080,71.9,51,52.8,30.319,1,2,202,0.000,0.000,2.620,2.620,71.9
1339834140,71.9,51,52.8,30.317,2,3,202,0.000,0.000,2.620,2.620,71.9
1339834200,71.9,53,53.8,30.319,0,1,202,0.000,0.000,2.620,2.620,71.9
1339834260,72.0,53,53.9,30.318,2,3,0,0.000,0.000,2.620,2.620,72.0
1339834320,72.1,52,53.5,30.319,2,3,22,0.000,0.000,2.620,2.620,72.1
1339834380,72.1,51,53.0,30.319,1,2,22,0.000,0.000,2.620,2.620,72.1
1339834440,72.1,49,51.9,30.317,1,2,22,0.000,0.000,2.620,2.620,72.1
1339834500,72.1,50,52.4,30.317,0,1,22,0.000,0.000,2.620,2.620,72.1
1339834560,72.1,51,53.0,30.317,0,2,22,0.000,0.000,2.620,2.620,72.1
1339834620,72.1,53,54.0,30.317,1,2,68,0.000,0.000,2.620,2.620,72.1
1339834680,72.0,53,53.9,30.316,1,2,68,0.000,0.000,2.620,2.620,72.0
1339834740,72.0,55,54.9,30.315,3,3,22,0.000,0.000,2.620,2.620,72.0
1339834800,72.0,53,53.9,30.316,2,3,68,0.000,0.000,2.620,2.620,72.0
1339834860,72.0,54,54.4,30.315,3,5,0,0.000,0.000,2.620,2.620,72.0
1339834920,72.0,52,53.4,30.315,0,1,22,0.000,0.000,2.620,2.620,72.0
1339834980,72.1,52,53.5,30.315,0,1,22,0.000,0.000,2.620,2.620,72.1
1339835040,72.2,52,53.6,30.315,0,1,22,0.000,0.000,2.620,2.620,72.2
1339835100,72.2,54,54.6,30.314,3,5,202,0.000,0.000,2.620,2.620,72.2
1339835160,72.3,52,53.7,30.315,1,3,202,0.000,0.000,2.620,2.620,72.3
1339835220,72.5,55,55.4,30.315,0,2,202,0.000,0.000,2.620,2.620,72.5
1339835280,72.6,56,56.0,30.316,1,3,270,0.000,0.000,2.620,2.620,72.6
1339835340,72.7,52,54.1,30.315,1,3,158,0.000,0.000,2.620,2.620,72.7
1339835400,72.8,49,52.5,30.316,3,5,158,0.000,0.000,2.620,2.620,72.8
1339835460,72.9,48,52.1,30.316,1,3,158,0.000,0.000,2.620,2.620,72.9
1339835520,73.0,49,52.7,30.316,1,5,135,0.000,0.000,2.620,2.620,73.0
1339835580,73.1,48,52.2,30.316,1,3,90,0.000,0.000,2.620,2.620,73.1
1339835640,73.1,50,53.4,30.316,3,5,158,0.000,0.000,2.620,2.620,73.1
1339835700,73.2,49,52.9,30.316,2,3,158,0.000,0.000,2.620,2.620,73.2
1339835760,73.3,48,52.4,30.314,1,2,158,0.000,0.000,2.620,2.620,73.3
1339835820,73.2,48,52.3,30.316,2,3,158,0.000,0.000,2.620,2.620,73.2
1339835880,73.1,48,52.2,30.316,2,3,180,0.000,0.000,2.620,2.620,73.1
1339835940,73.0,48,52.1,30.315,0,1,180,0.000,0.000,2.620,2.620,73.0
1339836000,72.9,46,50.9,30.315,0,2,180,0.000,0.000,2.620,2.620,72.9
1339836060,72.9,49,52.6,30.313,0,1,180,0.000,0.000,2.620,2.620,72.9
1339836120,73.0,46,51.0,30.315,1,2,225,0.000,0.000,2.620,2.620,73.0
1339836180,73.0,46,51.0,30.315,2,3,202,0.000,0.000,2.620,2.620,73.0
1339836240,73.1,46,51.1,30.315,1,2,90,0.000,0.000,2.620,2.620,73.1
1339836300,73.2,52,54.5,30.316,3,5,180,0.000,0.000,2.620,2.620,73.2
1339836360,73.2,47,51.8,30.316,2,9,180,0.000,0.000,2.620,2.620,73.2
1339836420,73.3,50,53.5,30.314,1,3,180,0.000,0.000,2.620,2.620,73.3
1339836480,73.4,47,51.9,30.315,0,2,202,0.000,0.000,2.620,2.620,73.4
1339836540,73.5,51,54.3,30.314,2,3,180,0.000,0.000,2.620,2.620,73.5
1339836600,73.5,50,53.7,30.315,2,3,180,0.000,0.000,2.620,2.620,73.5
1339836660,73.5,50,53.7,30.315,3,5,180,0.000,0.000,2.620,2.620,73.5
1339836720,73.4,49,53.1,30.315,3,7,202,0.000,0.000,2.620,2.620,73.4
1339836780,73.3,47,51.8,30.314,3,3,180,0.000,0.000,2.620,2.620,73.3
1339836840,73.2,50,53.4,30.314,1,3,202,0.000,0.000,2.620,2.620,73.2
1339836900,73.2,49,52.9,30.313,2,3,202,0.000,0.000,2.620,2.620,73.2
1339836960,73.2,48,52.3,30.313,2,3,225,0.000,0.000,2.620,2.620,73.2
1339837020,73.3,53,55.1,30.313,0,1,248,0.000,0.000,2.620,2.620,73.3
1339837080,73.3,52,54.6,30.313,1,3,22,0.000,0.000,2.620,2.620,73.3
1339837140,73.4,51,54.2,30.315,1,3,135,0.000,0.000,2.620,2.620,73.4
1339837200,73.5,51,54.3,30.315,3,6,180,0.000,0.000,2.620,2.620,73.5
1339837260,73.4,49,53.1,30.313,3,7,180,0.000,0.000,2.620,2.620,73.4
1339837320,73.3,46,51.3,30.314,3,5,180,0.000,0.000,2.620,2.620,73.3
1339837380,73.3,49,53.0,30.315,2,3,180,0.000,0.000,2.620,2.620,73.3
1339837440,73.2,50,53.4,30.314,1,2,158,0.000,0.000,2.620,2.620,73.2
1339837500,73.2,52,54.5,30.315,0,2,158,0.000,0.000,2.620,2.620,73.2
1339837560,73.2,51,54.0,30.315,2,3,158,0.000,0.000,2.620,2.620,73.2
1339837620,73.2,48,52.3,30.314,3,6,180,0.000,0.000,2.620,2.620,73.2
1339837680,73.3,53,55.1,30.314,2,3,180,0.000,0.000,2.620,2.620,73.3
1339837740,73.2,49,52.9,30.314,1,3,180,0.000,0.000,2.620,2.620,73.2
1339837800,73.2,51,54.0,30.315,1,3,180,0.000,0.000,2.620,2.620,73.2
1339837860,73.3,49,53.0,30.313,1,2,180,0.000,0.000,2.620,2.620,73.3
1339837920,73.4,53,55.2,30.313,2,3,180,0.000,0.000,2.620,2.620,73.4
1339837980,73.5,52,54.8,30.311,2,3,270,0.000,0.000,2.620,2.620,73.5
1339838040,73.5,52,54.8,30.311,3,5,292,0.000,0.000,2.620,2.620,73.5
1339838100,73.6,51,54.4,30.312,2,3,180,0.000,0.000,2.620,2.620,73.6
1339838160,73.6,51,54.4,30.310,3,5,202,0.000,0.000,2.620,2.620,73.6
1339838220,73.7,48,52.8,30.310,2,3,225,0.000,0.000,2.620,2.620,73.7
1339838280,73.7,48,52.8,30.308,2,3,0,0.000,0.000,2.620,2.620,73.7
1339838340,73.8,51,54.5,30.308,3,3,180,0.000,0.000,2.620,2.620,73.8
1339838400,73.8,50,54.0,30.308,2,5,180,0.000,0.000,2.620,2.620,73.8
1339838460,73.8,48,52.9,30.310,3,6,202,0.000,0.000,2.620,2.620,73.8
1339838520,73.7,48,52.8,30.310,2,3,158,0.000,0.000,2.620,2.620,73.7
1339838580,73.7,47,52.2,30.310,0,2,202,0.000,0.000,2.620,2.620,73.7
1339838640,73.7,49,53.3,30.310,1,3,180,0.000,0.000,2.620,2.620,73.7
1339838700,73.7,53,55.5,30.309,3,6,180,0.000,0.000,2.620,2.620,73.7
1339838760,73.6,51,54.4,30.309,2,3,180,0.000,0.000,2.620,2.620,73.6
1339838820,73.6,48,52.7,30.310,2,5,158,0.000,0.000,2.620,2.620,73.6
1339838880,73.5,48,52.6,30.310,2,3,180,0.000,0.000,2.620,2.620,73.5
1339838940,73.5,49,53.2,30.308,3,3,202,0.000,0.000,2.620,2.620,73.5
1339839000,73.6,52,54.9,30.309,0,3,202,0.000,0.000,2.620,2.620,73.6
1339839060,73.7,58,58.0,30.309,1,3,202,0.000,0.000,2.620,2.620,73.7
1339839120,73.9,57,57.7,30.310,1,3,135,0.000,0.000,2.620,2.620,73.9
1339839180,74.0,51,54.7,30.310,1,1,158,0.000,0.000,2.620,2.620,74.0
1339839240,74.1,50,54.3,30.310,1,2,158,0.000,0.000,2.620,2.620,74.1
1339839300,74.3,53,56.1,30.311,0,2,158,0.000,0.000,2.620,2.620,74.3
1339839360,74.4,50,54.5,30.308,2,5,180,0.000,0.000,2.620,2.620,74.4
1339839420,74.5,52,55.7,30.309,2,3,180,0.000,0.000,2.620,2.620,74.5
1339839480,74.5,48,53.5,30.307,2,3,180,0.000,0.000,2.620,2.620,74.5
1339839540,74.6,47,53.0,30.307,2,3,180,0.000,0.000,2.620,2.620,74.6
1339839600,74.5,48,53.5,30.306,5,7,202,0.000,0.000,2.620,2.620,74.5
1339839660,74.4,47,52.9,30.306,3,6,202,0.000,0.000,2.620,2.620,74.4
1339839720,74.2,48,53.2,30.307,3,7,180,0.000,0.000,2.620,2.620,74.2
1339839780,74.1,47,52.6,30.306,1,3,180,0.000,0.000,2.620,2.620,74.1
1339839840,74.1,47,52.6,30.305,1,3,135,0.000,0.000,2.620,2.620,74.1
1339839900,74.0,46,51.9,30.306,2,3,180,0.000,0.000,2.620,2.620,74.0
1339839960,74.1,49,53.7,30.303,1,2,180,0.000,0.000,2.620,2.620,74.1
1339840020,74.1,56,57.4,30.304,0,2,180,0.000,0.000,2.620,2.620,74.1
1339840080,74.1,50,54.3,30.303,0,1,270,0.000,0.000,2.620,2.620,74.1
1339840140,74.2,54,56.5,30.302,1,2,270,0.000,0.000,2.620,2.620,74.2
1339840200,74.4,54,56.7,30.299,1,2,135,0.000,0.000,2.620,2.620,74.4
1339840260,74.5,54,56.8,30.302,2,3,68,0.000,0.000,2.620,2.620,74.5
1339840320,74.6,53,56.3,30.300,2,3,180,0.000,0.000,2.620,2.620,74.6
1339840380,74.6,53,56.3,30.301,2,2,202,0.000,0.000,2.620,2.620,74.6
1339840440,74.7,52,55.9,30.301,3,3,225,0.000,0.000,2.620,2.620,74.7
1339840500,74.7,50,54.8,30.300,2,3,225,0.000,0.000,2.620,2.620,74.7
1339840560,74.7,50,54.8,30.301,2,3,180,0.000,0.000,2.620,2.620,74.7
1339840620,74.8,48,53.8,30.299,1,3,158,0.000,0.000,2.620,2.620,74.8
1339840680,74.8,52,56.0,30.300,1,3,180,0.000,0.000,2.620,2.620,74.8
1339840740,74.9,51,55.6,30.298,2,3,180,0.000,0.000,2.620,2.620,74.9
1339840800,74.9,49,54.4,30.300,2,2,180,0.000,0.000,2.620,2.620,74.9
1339840860,74.9,49,54.4,30.298,3,6,225,0.000,0.000,2.620,2.620,74.9
1339840920,74.9,51,55.6,30.298,2,3,225,0.000,0.000,2.620,2.620,74.9
1339840980,74.8,50,54.9,30.298,2,3,225,0.000,0.000,2.620,2.620,74.8
1339841040,74.6,49,54.2,30.298,3,5,180,0.000,0.000,2.620,2.620,74.6
1339841100,74.4,47,52.9,30.298,2,5,180,0.000,0.000,2.620,2.620,74.4
1339841160,74.1,51,54.8,30.299,1,3,180,0.000,0.000,2.620,2.620,74.1
1339841220,73.9,50,54.1,30.298,1,3,158,0.000,0.000,2.620,2.620,73.9
1339841280,73.7,47,52.2,30.299,1,3,68,0.000,0.000,2.620,2.620,73.7
1339841340,73.6,53,55.4,30.298,3,3,180,0.000,0.000,2.620,2.620,73.6
1339841400,73.5,49,53.2,30.296,2,3,180,0.000,0.000,2.620,2.620,73.5
1339841460,73.5,52,54.8,30.297,0,2,180,0.000,0.000,2.620,2.620,73.5
1339841520,73.6,49,53.3,30.297,2,3,180,0.000,0.000,2.620,2.620,73.6
1339841580,73.6,49,53.3,30.297,3,8,90,0.000,0.000,2.620,2.620,73.6
1339841640,73.7,51,54.4,30.296,3,5,225,0.000,0.000,2.620,2.620,73.7
1339841700,73.8,49,53.4,30.297,1,2,180,0.000,0.000,2.620,2.620,73.8
1339841760,73.9,51,54.6,30.297,3,6,202,0.000,0.000,2.620,2.620,73.9
1339841820,73.9,51,54.6,30.297,2,3,202,0.000,0.000,2.620,2.620,73.9
1339841880,74.0,55,56.8,30.297,2,3,202,0.000,0.000,2.620,2.620,74.0
1339841940,74.1,55,56.9,30.295,2,3,180,0.000,0.000,2.620,2.620,74.1
1339842000,74.2,57,58.0,30.295,2,3,158,0.000,0.000,2.620,2.620,74.2
1339842060,74.3,50,54.5,30.293,2,3,135,0.000,0.000,2.620,2.620,74.3
1339842120,74.4,50,54.5,30.292,3,5,202,0.000,0.000,2.620,2.620,74.4
1339842180,74.4,54,56.7,30.291,3,3,225,0.000,0.000,2.620,2.620,74.4
1339842240,74.5,49,54.1,30.291,1,3,292,0.000,0.000,2.620,2.620,74.5
1339842300,74.6,49,54.2,30.291,1,2,225,0.000,0.000,2.620,2.620,74.6
1339842360,74.7,53,56.4,30.290,1,2,225,0.000,0.000,2.620,2.620,74.7
1339842420,74.6,53,56.3,30.292,1,2,158,0.000,0.000,2.620,2.620,74.6
1339842480,74.6,52,55.8,30.288,0,1,158,0.000,0.000,2.620,2.620,74.6
1339842540,74.5,53,56.2,30.291,1,2,158,0.000,0.000,2.620,2.620,74.5
1339842600,74.4,57,58.2,30.290,2,2,158,0.000,0.000,2.620,2.620,74.4
1339842660,74.5,56,57.8,30.287,2,3,158,0.000,0.000,2.620,2.620,74.5
1339842720,74.5,51,55.2,30.285,1,3,158,0.000,0.000,2.620,2.620,74.5
1339842780,74.7,50,54.8,30.286,0,2,158,0.000,0.000,2.620,2.620,74.7
1339842840,74.8,55,57.5,30.288,1,3,180,0.000,0.000,2.620,2.620,74.8
1339842900,75.0,56,58.2,30.285,1,3,180,0.000,0.000,2.620,2.620,75.0
1339842960,75.2,50,55.3,30.285,3,6,180,0.000,0.000,2.620,2.620,75.2
1339843020,75.4,51,56.0,30.284,1,3,180,0.000,0.000,2.620,2.620,75.4
1339843080,75.5,54,57.7,30.282,0,2,180,0.000,0.000,2.620,2.620,75.5
1339843140,75.7,55,58.4,30.283,1,2,45,0.000,0.000,2.620,2.620,75.7
1339843200,75.8,57,59.5,30.282,2,3,180,0.000,0.000,2.620,2.620,75.8
1339843260,75.6,56,58.8,30.282,3,7,180,0.000,0.000,2.620,2.620,75.6
1339843320,75.3,50,55.4,30.282,3,9,202,0.000,0.000,2.620,2.620,75.3
1339843380,75.3,54,57.5,30.282,1,3,202,0.000,0.000,2.620,2.620,75.3
1339843440,75.2,52,56.4,30.283,1,2,202,0.000,0.000,2.620,2.620,75.2
1339843500,75.2,51,55.8,30.282,1,3,202,0.000,0.000,2.620,2.620,75.2
1339843560,75.2,55,57.9,30.283,2,3,180,0.000,0.000,2.620,2.620,75.2
1339843620,75.2,46,53.0,30.281,1,2,158,0.000,0.000,2.620,2.620,75.2
1339843680,75.4,53,57.1,30.282,1,2,180,0.000,0.000,2.620,2.620,75.4
1339843740,75.5,49,55.0,30.282,3,6,180,0.000,0.000,2.620,2.620,75.5
1339843800,75.6,48,54.5,30.279,3,5,180,0.000,0.000,2.620,2.620,75.6
1339843860,75.7,49,55.2,30.278,3,7,158,0.000,0.000,2.620,2.620,75.7
1339843920,75.7,50,55.7,30.278,3,3,158,0.000,0.000,2.620,2.620,75.7
1339843980,75.7,50,55.7,30.279,3,9,158,0.000,0.000,2.620,2.620,75.7
1339844040,75.8,50,55.8,30.280,0,1,112,0.000,0.000,2.620,2.620,75.8
1339844100,75.9,55,58.6,30.277,3,6,180,0.000,0.000,2.620,2.620,75.9
1339844160,75.9,49,55.4,30.277,3,7,202,0.000,0.000,2.620,2.620,75.9
1339844220,75.7,50,55.7,30.276,2,3,202,0.000,0.000,2.620,2.620,75.7
1339844280,75.7,51,56.3,30.274,2,3,135,0.000,0.000,2.620,2.620,75.7
1339844340,75.6,54,57.8,30.277,2,3,158,0.000,0.000,2.620,2.620,75.6
1339844400,75.5,50,55.6,30.275,1,2,180,0.000,0.000,2.620,2.620,75.5
1339844460,75.6,51,56.2,30.273,1,2,180,0.000,0.000,2.620,2.620,75.6
1339844520,75.7,52,56.8,30.273,1,2,225,0.000,0.000,2.620,2.620,75.7
1339844580,75.8,52,56.9,30.272,2,5,0,0.000,0.000,2.620,2.620,75.8
1339844640,75.9,51,56.5,30.273,0,1,225,0.000,0.000,2.620,2.620,75.9
1339844700,76.0,50,56.0,30.271,2,3,180,0.000,0.000,2.620,2.620,76.0
1339844760,76.1,50,56.1,30.271,1,3,180,0.000,0.000,2.620,2.620,76.1
1339844820,76.3,52,57.4,30.272,2,5,180,0.000,0.000,2.620,2.620,76.3
1339844880,76.4,49,55.8,30.271,2,3,248,0.000,0.000,2.620,2.620,76.4
1339844940,76.5,49,55.9,30.272,1,2,225,0.000,0.000,2.620,2.620,76.5
1339845000,76.5,55,59.1,30.271,1,2,225,0.000,0.000,2.620,2.620,76.5
1339845060,76.6,49,56.0,30.269,2,5,180,0.000,0.000,2.620,2.620,76.6
1339845120,76.5,46,54.2,30.269,2,3,180,0.000,0.000,2.620,2.620,76.5
1339845180,76.5,51,57.0,30.270,0,2,180,0.000,0.000,2.620,2.620,76.5
1339845240,76.6,53,58.2,30.269,0,0,180,0.000,0.000,2.620,2.620,76.6
1339845300,76.8,53,58.4,30.269,1,2,202,0.000,0.000,2.620,2.620,76.8
1339845360,77.0,47,55.2,30.269,0,1,225,0.000,0.000,2.620,2.620,77.0
1339845420,77.1,49,56.5,30.269,3,6,22,0.000,0.000,2.620,2.620,77.1
1339845480,77.2,48,56.0,30.269,2,6,22,0.000,0.000,2.620,2.620,77.2
1339845540,77.4,50,57.3,30.269,1,2,158,0.000,0.000,2.620,2.620,77.4
1339845600,77.5,50,57.4,30.269,1,3,90,0.000,0.000,2.620,2.620,77.5
1339845660,77.6,48,56.4,30.270,1,3,90,0.000,0.000,2.620,2.620,77.6
1339845720,77.6,46,55.2,30.269,2,5,0,0.000,0.000,2.620,2.620,77.6
1339845780,77.7,50,57.6,30.270,0,1,0,0.000,0.000,2.620,2.620,77.7
1339845840,77.7,47,55.9,30.269,1,3,0,0.000,0.000,2.620,2.620,77.7
1339845900,77.7,50,57.6,30.268,1,2,135,0.000,0.000,2.620,2.620,77.7
1339845960,77.7,53,59.2,30.268,1,3,135,0.000,0.000,2.620,2.620,77.7
1339846020,77.7,53,59.2,30.265,3,6,180,0.000,0.000,2.620,2.620,77.7
1339846080,77.5,48,56.3,30.268,1,3,158,0.000,0.000,2.620,2.620,77.5
1339846140,77.4,51,57.9,30.266,1,2,158,0.000,0.000,2.620,2.620,77.4
1339846200,77.3,49,56.6,30.265,1,2,180,0.000,0.000,2.620,2.620,77.3
1339846260,77.3,54,59.4,30.266,2,3,180,0.000,0.000,2.620,2.620,77.3
1339846320,77.3,48,56.1,30.265,2,3,158,0.000,0.000,2.620,2.620,77.3
1339846380,77.2,47,55.4,30.265,2,3,180,0.000,0.000,2.620,2.620,77.2
1339846440,77.1,46,54.7,30.264,1,3,202,0.000,0.000,2.620,2.620,77.1
1339846500,77.2,48,56.0,30.265,2,3,225,0.000,0.000,2.620,2.620,77.2
1339846560,77.1,52,58.1,30.265,1,1,202,0.000,0.000,2.620,2.620,77.1
1339846620,77.3,51,57.8,30.264,1,3,202,0.000,0.000,2.620,2.620,77.3
1339846680,77.3,53,58.8,30.265,2,3,202,0.000,0.000,2.620,2.620,77.3
1339846740,77.4,53,58.9,30.265,1,3,180,0.000,0.000,2.620,2.620,77.4
1339846800,77.4,48,56.2,30.266,2,5,180,0.000,0.000,2.620,2.620,77.4
1339846860,77.4,48,56.2,30.266,2,3,180,0.000,0.000,2.620,2.620,77.4
1339846920,77.4,48,56.2,30.266,1,3,202,0.000,0.000,2.620,2.620,77.4
1339846980,77.3,46,54.9,30.265,1,3,202,0.000,0.000,2.620,2.620,77.3
1339847040,77.3,47,55.5,30.266,0,2,202,0.000,0.000,2.620,2.620,77.3
1339847100,77.3,45,54.3,30.265,1,2,225,0.000,0.000,2.620,2.620,77.3
1339847160,77.3,44,53.7,30.263,2,3,225,0.000,0.000,2.620,2.620,77.3
1339847220,77.3,42,52.4,30.262,1,2,248,0.000,0.000,2.620,2.620,77.3
1339847280,77.3,46,54.9,30.263,2,3,248,0.000,0.000,2.620,2.620,77.3
1339847340,77.1,47,55.3,30.263,3,5,158,0.000,0.000,2.620,2.620,77.1
1339847400,76.9,47,55.1,30.260,2,5,202,0.000,0.000,2.620,2.620,76.9
1339847460,76.9,48,55.7,30.259,1,3,202,0.000,0.000,2.620,2.620,76.9
1339847520,76.8,51,57.3,30.257,3,5,180,0.000,0.000,2.620,2.620,76.8
1339847580,76.8,52,57.8,30.258,2,3,202,0.000,0.000,2.620,2.620,76.8
1339847640,76.8,49,56.2,30.257,2,3,202,0.000,0.000,2.620,2.620,76.8
1339847700,76.8,52,57.8,30.257,2,3,202,0.000,0.000,2.620,2.620,76.8
1339847760,76.7,53,58.3,30.258,3,3,180,0.000,0.000,2.620,2.620,76.7
1339847820,76.7,52,57.7,30.258,2,3,202,0.000,0.000,2.620,2.620,76.7
1339847880,76.7,47,55.0,30.255,1,3,180,0.000,0.000,2.620,2.620,76.7
1339847940,76.6,47,54.9,30.254,3,6,180,0.000,0.000,2.620,2.620,76.6
1339848000,76.4,54,58.5,30.252,3,5,180,0.000,0.000,2.620,2.620,76.4
1339848060,76.3,53,57.9,30.253,1,2,202,0.000,0.000,2.620,2.620,76.3
1339848120,76.1,50,56.1,30.254,0,2,202,0.000,0.000,2.620,2.620,76.1
1339848180,75.9,51,56.5,30.253,1,3,202,0.000,0.000,2.620,2.620,75.9
1339848240,75.5,53,57.2,30.254,2,3,202,0.000,0.000,2.620,2.620,75.5
1339848300,75.3,51,55.9,30.253,1,2,180,0.000,0.000,2.620,2.620,75.3
1339848360,75.1,55,57.8,30.252,1,2,180,0.000,0.000,2.620,2.620,75.1
1339848420,74.9,55,57.6,30.254,3,6,180,0.000,0.000,2.620,2.620,74.9
1339848480,74.9,50,55.0,30.254,2,3,180,0.000,0.000,2.620,2.620,74.9
1339848540,74.8,54,57.0,30.255,5,10,180,0.000,0.000,2.620,2.620,74.8
1339848600,74.8,53,56.5,30.256,2,5,180,0.000,0.000,2.620,2.620,74.8
1339848660,74.9,56,58.1,30.255,3,3,225,0.000,0.000,2.620,2.620,74.9
1339848720,75.1,53,56.8,30.256,2,5,158,0.000,0.000,2.620,2.620,75.1
1339848780,75.2,54,57.4,30.253,3,6,225,0.000,0.000,2.620,2.620,75.2
1339848840,75.3,53,57.0,30.256,2,3,180,0.000,0.000,2.620,2.620,75.3
1339848900,75.4,56,58.6,30.256,3,6,180,0.000,0.000,2.620,2.620,75.4
1339848960,75.5,48,54.4,30.253,2,5,202,0.000,0.000,2.620,2.620,75.5
1339849020,75.4,50,55.5,30.255,2,3,202,0.000,0.000,2.620,2.620,75.4
1339849080,75.5,49,55.0,30.257,0,1,180,0.000,0.000,2.620,2.620,75.5
1339849140,75.5,49,55.0,30.256,2,3,180,0.000,0.000,2.620,2.620,75.5
1339849200,75.7,49,55.2,30.254,0,1,180,0.000,0.000,2.620,2.620,75.7
1339849260,75.8,51,56.4,30.254,1,2,180,0.000,0.000,2.620,2.620,75.8
1339849320,75.9,50,55.9,30.254,2,3,180,0.000,0.000,2.620,2.620,75.9
1339849380,76.1,50,56.1,30.254,3,5,180,0.000,0.000,2.620,2.620,76.1
1339849440,76.1,51,56.7,30.253,3,6,180,0.000,0.000,2.620,2.620,76.1
1339849500,76.1,49,55.5,30.254,3,5,180,0.000,0.000,2.620,2.620,76.1
1339849560,76.0,47,54.3,30.255,1,3,180,0.000,0.000,2.620,2.620,76.0
1339849620,76.1,48,55.0,30.251,0,2,180,0.000,0.000,2.620,2.620,76.1
1339849680,76.2,56,59.4,30.249,0,1,180,0.000,0.000,2.620,2.620,76.2
1339849740,76.4,54,58.5,30.248,1,3,202,0.000,0.000,2.620,2.620,76.4
1339849800,76.5,49,55.9,30.249,2,5,180,0.000,0.000,2.620,2.620,76.5
1339849860,76.6,50,56.6,30.250,3,6,202,0.000,0.000,2.620,2.620,76.6
1339849920,76.5,51,57.0,30.250,5,8,158,0.000,0.000,2.620,2.620,76.5
1339849980,76.4,46,54.1,30.249,3,5,112,0.000,0.000,2.620,2.620,76.4
1339850040,76.3,47,54.6,30.249,3,5,180,0.000,0.000,2.620,2.620,76.3
1339850100,76.2,48,55.1,30.249,2,3,180,0.000,0.000,2.620,2.620,76.2
1339850160,76.2,50,56.2,30.249,2,3,180,0.000,0.000,2.620,2.620,76.2
1339850220,76.2,50,56.2,30.250,2,3,180,0.000,0.000,2.620,2.620,76.2
1339850280,76.2,46,53.9,30.249,2,3,202,0.000,0.000,2.620,2.620,76.2
1339850340,76.2,50,56.2,30.249,3,3,180,0.000,0.000,2.620,2.620,76.2
1339850400,76.1,53,57.7,30.249,3,3,158,0.000,0.000,2.620,2.620,76.1
1339850460,76.1,54,58.2,30.248,2,3,158,0.000,0.000,2.620,2.620,76.1
1339850520,76.1,55,58.8,30.249,2,3,158,0.000,0.000,2.620,2.620,76.1
1339850580,76.1,51,56.7,30.248,2,3,202,0.000,0.000,2.620,2.620,76.1
1339850640,76.2,48,55.1,30.249,2,3,202,0.000,0.000,2.620,2.620,76.2
1339850700,76.3,52,57.4,30.249,1,3,68,0.000,0.000,2.620,2.620,76.3
1339850760,76.4,50,56.4,30.249,1,2,68,0.000,0.000,2.620,2.620,76.4
1339850820,76.6,48,55.4,30.248,1,2,68,0.000,0.000,2.620,2.620,76.6
1339850880,76.7,49,56.1,30.248,1,3,135,0.000,0.000,2.620,2.620,76.7
1339850940,76.8,48,55.6,30.247,3,5,225,0.000,0.000,2.620,2.620,76.8
1339851000,76.9,44,53.3,30.246,2,3,248,0.000,0.000,2.620,2.620,76.9
1339851060,77.1,46,54.7,30.246,2,3,225,0.000,0.000,2.620,2.620,77.1
1339851120,77.1,46,54.7,30.247,2,5,225,0.000,0.000,2.620,2.620,77.1
1339851180,77.2,48,56.0,30.247,3,5,180,0.000,0.000,2.620,2.620,77.2
1339851240,77.3,45,54.3,30.246,1,2,158,0.000,0.000,2.620,2.620,77.3
1339851300,77.4,45,54.4,30.247,1,3,292,0.000,0.000,2.620,2.620,77.4
1339851360,77.5,47,55.7,30.247,2,5,225,0.000,0.000,2.620,2.620,77.5
1339851420,77.5,48,56.3,30.246,3,7,158,0.000,0.000,2.620,2.620,77.5
1339851480,77.5,49,56.8,30.245,3,6,158,0.000,0.000,2.620,2.620,77.5
1339851540,77.3,49,56.6,30.245,2,3,158,0.000,0.000,2.620,2.620,77.3
1339851600,77.2,50,57.1,30.245,3,5,158,0.000,0.000,2.620,2.620,77.2
1339851660,77.1,47,55.3,30.245,2,3,180,0.000,0.000,2.620,2.620,77.1
1339851720,77.0,50,56.9,30.244,2,3,180,0.000,0.000,2.620,2.620,77.0
1339851780,76.9,49,56.3,30.244,3,5,180,0.000,0.000,2.620,2.620,76.9
1339851840,76.7,46,54.4,30.245,3,5,180,0.000,0.000,2.620,2.620,76.7
1339851900,76.7,47,55.0,30.245,3,7,180,0.000,0.000,2.620,2.620,76.7
1339851960,76.6,47,54.9,30.246,3,5,202,0.000,0.000,2.620,2.620,76.6
1339852020,76.4,47,54.7,30.246,3,5,180,0.000,0.000,2.620,2.620,76.4
1339852080,76.3,48,55.2,30.246,2,3,180,0.000,0.000,2.620,2.620,76.3
1339852140,76.2,49,55.6,30.246,3,5,180,0.000,0.000,2.620,2.620,76.2
1339852200,76.1,49,55.5,30.246,1,3,202,0.000,0.000,2.620,2.620,76.1
1339852260,76.1,47,54.4,30.244,1,3,202,0.000,0.000,2.620,2.620,76.1
1339852320,76.0,48,54.9,30.243,0,1,202,0.000,0.000,2.620,2.620,76.0
1339852380,76.0,51,56.6,30.244,3,5,180,0.000,0.000,2.620,2.620,76.0
1339852440,75.9,51,56.5,30.245,2,3,180,0.000,0.000,2.620,2.620,75.9
1339852500,75.8,50,55.8,30.245,2,3,248,0.000,0.000,2.620,2.620,75.8
1339852560,75.8,48,54.7,30.242,2,3,158,0.000,0.000,2.620,2.620,75.8
1339852620,75.8,49,55.3,30.243,3,3,180,0.000,0.000,2.620,2.620,75.8
1339852680,75.7,52,56.8,30.243,2,3,158,0.000,0.000,2.620,2.620,75.7
1339852740,75.7,51,56.3,30.242,1,2,158,0.000,0.000,2.620,2.620,75.7
1339852800,75.6,50,55.6,30.242,2,3,158,0.000,0.000,2.620,2.620,75.6
1339852860,75.6,48,54.5,30.242,1,3,158,0.000,0.000,2.620,2.620,75.6
1339852920,75.5,50,55.6,30.242,0,2,158,0.000,0.000,2.620,2.620,75.5
1339852980,75.6,52,56.7,30.242,0,1,158,0.000,0.000,2.620,2.620,75.6
1339853040,75.7,53,57.4,30.241,0,1,158,0.000,0.000,2.620,2.620,75.7
1339853100,75.9,51,56.5,30.240,2,3,158,0.000,0.000,2.620,2.620,75.9
1339853160,76.0,50,56.0,30.241,0,1,248,0.000,0.000,2.620,2.620,76.0
1339853220,76.1,54,58.2,30.241,2,5,180,0.000,0.000,2.620,2.620,76.1
1339853280,76.1,51,56.7,30.239,3,5,180,0.000,0.000,2.620,2.620,76.1
1339853340,76.1,48,55.0,30.240,2,3,158,0.000,0.000,2.620,2.620,76.1
1339853400,76.0,51,56.6,30.239,1,2,158,0.000,0.000,2.620,2.620,76.0
1339853460,76.0,51,56.6,30.238,1,3,158,0.000,0.000,2.620,2.620,76.0
1339853520,76.0,48,54.9,30.238,2,3,180,0.000,0.000,2.620,2.620,76.0
1339853580,75.9,50,55.9,30.238,1,3,180,0.000,0.000,2.620,2.620,75.9
1339853640,75.9,52,57.0,30.236,1,3,180,0.000,0.000,2.620,2.620,75.9
1339853700,75.8,49,55.3,30.236,3,5,180,0.000,0.000,2.620,2.620,75.8
1339853760,75.8,50,55.8,30.238,1,3,158,0.000,0.000,2.620,2.620,75.8
1339853820,75.8,52,56.9,30.236,2,3,158,0.000,0.000,2.620,2.620,75.8
1339853880,75.7,50,55.7,30.239,1,3,180,0.000,0.000,2.620,2.620,75.7
1339853940,75.6,50,55.6,30.240,2,3,180,0.000,0.000,2.620,2.620,75.6
1339854000,75.6,51,56.2,30.238,2,3,180,0.000,0.000,2.620,2.620,75.6
1339854060,75.5,49,55.0,30.237,1,3,202,0.000,0.000,2.620,2.620,75.5
1339854120,75.5,51,56.1,30.236,1,2,202,0.000,0.000,2.620,2.620,75.5
1339854180,75.6,48,54.5,30.239,2,5,225,0.000,0.000,2.620,2.620,75.6
1339854240,75.5,50,55.6,30.235,2,3,180,0.000,0.000,2.620,2.620,75.5
1339854300,75.5,47,53.9,30.236,3,5,202,0.000,0.000,2.620,2.620,75.5
1339854360,75.5,49,55.0,30.236,2,3,202,0.000,0.000,2.620,2.620,75.5
1339854420,75.5,48,54.4,30.234,3,3,158,0.000,0.000,2.620,2.620,75.5
1339854480,75.5,47,53.9,30.235,2,5,180,0.000,0.000,2.620,2.620,75.5
1339854540,75.5,51,56.1,30.233,2,3,180,0.000,0.000,2.620,2.620,75.5
1339854600,75.6,51,56.2,30.233,1,3,180,0.000,0.000,2.620,2.620,75.6
1339854660,75.6,50,55.6,30.233,1,2,180,0.000,0.000,2.620,2.620,75.6
1339854720,75.6,51,56.2,30.235,1,3,180,0.000,0.000,2.620,2.620,75.6
1339854780,75.6,46,53.4,30.233,0,1,180,0.000,0.000,2.620,2.620,75.6
1339854840,75.7,46,53.4,30.233,0,2,180,0.000,0.000,2.620,2.620,75.7
1339854900,75.7,45,52.8,30.234,3,6,180,0.000,0.000,2.620,2.620,75.7
1339854960,75.7,45,52.8,30.233,2,3,202,0.000,0.000,2.620,2.620,75.7
1339855020,75.8,49,55.3,30.232,0,1,202,0.000,0.000,2.620,2.620,75.8
1339855080,75.8,49,55.3,30.234,1,2,202,0.000,0.000,2.620,2.620,75.8
1339855140,76.0,50,56.0,30.232,0,2,202,0.000,0.000,2.620,2.620,76.0
1339855200,76.0,48,54.9,30.233,0,1,202,0.000,0.000,2.620,2.620,76.0
1339855260,76.1,46,53.8,30.230,0,0,202,0.000,0.000,2.620,2.620,76.1
1339855320,76.1,49,55.5,30.230,0,1,202,0.000,0.000,2.620,2.620,76.1
1339855380,76.1,47,54.4,30.228,0,0,202,0.000,0.000,2.620,2.620,76.1
1339855440,76.2,49,55.6,30.229,0,1,202,0.000,0.000,2.620,2.620,76.2
1339855500,76.2,49,55.6,30.230,1,3,202,0.000,0.000,2.620,2.620,76.2
1339855560,76.2,46,53.9,30.228,3,3,180,0.000,0.000,2.620,2.620,76.2
1339855620,76.3,48,55.2,30.228,3,3,202,0.000,0.000,2.620,2.620,76.3
1339855680,76.4,46,54.1,30.228,2,3,202,0.000,0.000,2.620,2.620,76.4
1339855740,76.5,48,55.3,30.229,1,2,180,0.000,0.000,2.620,2.620,76.5
1339855800,76.5,47,54.8,30.228,3,5,202,0.000,0.000,2.620,2.620,76.5
1339855860,76.3,46,54.0,30.228,3,7,158,0.000,0.000,2.620,2.620,76.3
1339855920,76.2,47,54.5,30.227,3,9,180,0.000,0.000,2.620,2.620,76.2
1339855980,76.2,47,54.5,30.227,2,3,315,0.000,0.000,2.620,2.620,76.2
1339856040,76.1,48,55.0,30.228,2,3,158,0.000,0.000,2.620,2.620,76.1
1339856100,76.0,48,54.9,30.227,1,2,158,0.000,0.000,2.620,2.620,76.0
1339856160,75.9,49,55.4,30.227,2,6,158,0.000,0.000,2.620,2.620,75.9
1339856220,75.8,47,54.1,30.227,2,3,158,0.000,0.000,2.620,2.620,75.8
1339856280,75.7,49,55.2,30.227,3,6,158,0.000,0.000,2.620,2.620,75.7
1339856340,75.7,46,53.4,30.227,3,5,158,0.000,0.000,2.620,2.620,75.7
1339856400,75.6,48,54.5,30.228,3,3,180,0.000,0.000,2.620,2.620,75.6
1339856460,75.5,47,53.9,30.227,1,3,158,0.000,0.000,2.620,2.620,75.5
1339856520,75.5,52,56.6,30.228,1,3,158,0.000,0.000,2.620,2.620,75.5
1339856580,75.5,52,56.6,30.226,2,3,180,0.000,0.000,2.620,2.620,75.5
1339856640,75.6,51,56.2,30.228,2,3,158,0.000,0.000,2.620,2.620,75.6
1339856700,75.6,50,55.6,30.227,2,3,158,0.000,0.000,2.620,2.620,75.6
1339856760,75.5,51,56.1,30.228,3,6,158,0.000,0.000,2.620,2.620,75.5
1339856820,75.5,47,53.9,30.229,2,5,158,0.000,0.000,2.620,2.620,75.5
1339856880,75.6,49,55.1,30.228,1,3,158,0.000,0.000,2.620,2.620,75.6
1339856940,75.6,49,55.1,30.228,2,3,180,0.000,0.000,2.620,2.620,75.6
1339857000,75.6,49,55.1,30.227,2,3,202,0.000,0.000,2.620,2.620,75.6
1339857060,75.6,49,55.1,30.226,2,3,180,0.000,0.000,2.620,2.620,75.6
1339857120,75.5,49,55.0,30.226,1,3,180,0.000,0.000,2.620,2.620,75.5
1339857180,75.4,50,55.5,30.227,2,3,158,0.000,0.000,2.620,2.620,75.4
1339857240,75.3,49,54.8,30.226,2,3,158,0.000,0.000,2.620,2.620,75.3
1339857300,75.2,50,55.3,30.227,2,3,158,0.000,0.000,2.620,2.620,75.2
1339857360,75.1,48,54.1,30.228,2,3,158,0.000,0.000,2.620,2.620,75.1
1339857420,75.1,48,54.1,30.228,1,3,135,0.000,0.000,2.620,2.620,75.1
1339857480,75.1,49,54.6,30.227,3,6,180,0.000,0.000,2.620,2.620,75.1
1339857540,75.1,47,53.5,30.226,2,3,180,0.000,0.000,2.620,2.620,75.1
1339857600,75.1,50,55.2,30.227,2,3,202,0.000,0.000,2.620,2.620,75.1
1339857660,75.1,48,54.1,30.227,0,1,202,0.000,0.000,2.620,2.620,75.1
1339857720,75.1,49,54.6,30.228,2,6,202,0.000,0.000,2.620,2.620,75.1
1339857780,75.1,48,54.1,30.225,2,3,158,0.000,0.000,2.620,2.620,75.1
1339857840,75.1,49,54.6,30.225,2,3,180,0.000,0.000,2.620,2.620,75.1
1339857900,75.1,49,54.6,30.224,2,6,180,0.000,0.000,2.620,2.620,75.1
1339857960,75.1,49,54.6,30.226,1,2,180,0.000,0.000,2.620,2.620,75.1
1339858020,75.1,50,55.2,30.225,1,2,180,0.000,0.000,2.620,2.620,75.1
1339858080,75.0,50,55.1,30.225,1,2,180,0.000,0.000,2.620,2.620,75.0
1339858140,74.9,50,55.0,30.225,0,2,180,0.000,0.000,2.620,2.620,74.9
1339858200,74.8,51,55.5,30.226,2,3,180,0.000,0.000,2.620,2.620,74.8
1339858260,74.8,48,53.8,30.226,1,3,158,0.000,0.000,2.620,2.620,74.8
1339858320,74.8,48,53.8,30.225,2,3,202,0.000,0.000,2.620,2.620,74.8
1339858380,74.9,53,56.6,30.225,2,3,158,0.000,0.000,2.620,2.620,74.9
1339858440,74.9,51,55.6,30.224,1,3,225,0.000,0.000,2.620,2.620,74.9
1339858500,74.9,50,55.0,30.224,0,2,225,0.000,0.000,2.620,2.620,74.9
1339858560,74.8,52,56.0,30.225,1,2,225,0.000,0.000,2.620,2.620,74.8
1339858620,74.7,50,54.8,30.224,0,1,225,0.000,0.000,2.620,2.620,74.7
1339858680,74.6,50,54.7,30.224,0,2,202,0.000,0.000,2.620,2.620,74.6
1339858740,74.6,49,54.2,30.223,3,3,158,0.000,0.000,2.620,2.620,74.6
1339858800,74.6,48,53.6,30.224,1,3,225,0.000,0.000,2.620,2.620,74.6
1339858860,74.7,49,54.3,30.223,2,3,158,0.000,0.000,2.620,2.620,74.7
1339858920,74.6,50,54.7,30.223,2,5,202,0.000,0.000,2.620,2.620,74.6
1339858980,74.6,49,54.2,30.224,3,5,180,0.000,0.000,2.620,2.620,74.6
1339859040,74.5,49,54.1,30.223,3,5,180,0.000,0.000,2.620,2.620,74.5
1339859100,74.4,49,54.0,30.223,3,7,180,0.000,0.000,2.620,2.620,74.4
1339859160,74.3,48,53.3,30.221,2,3,180,0.000,0.000,2.620,2.620,74.3
1339859220,74.2,50,54.4,30.220,1,3,180,0.000,0.000,2.620,2.620,74.2
1339859280,74.1,50,54.3,30.221,2,3,180,0.000,0.000,2.620,2.620,74.1
1339859340,74.0,50,54.2,30.222,2,3,158,0.000,0.000,2.620,2.620,74.0
1339859400,73.9,51,54.6,30.223,2,3,135,0.000,0.000,2.620,2.620,73.9
1339859460,73.9,51,54.6,30.222,1,3,158,0.000,0.000,2.620,2.620,73.9
1339859520,73.9,48,53.0,30.222,2,3,158,0.000,0.000,2.620,2.620,73.9
1339859580,73.9,49,53.5,30.222,1,3,158,0.000,0.000,2.620,2.620,73.9
1339859640,73.9,49,53.5,30.222,0,3,158,0.000,0.000,2.620,2.620,73.9
1339859700,73.9,52,55.2,30.222,2,5,292,0.000,0.000,2.620,2.620,73.9
1339859760,73.9,51,54.6,30.221,1,3,248,0.000,0.000,2.620,2.620,73.9
1339859820,73.8,50,54.0,30.222,2,3,180,0.000,0.000,2.620,2.620,73.8
1339859880,73.8,50,54.0,30.221,2,3,158,0.000,0.000,2.620,2.620,73.8
1339859940,73.7,50,53.9,30.220,1,3,158,0.000,0.000,2.620,2.620,73.7
1339860000,73.6,50,53.8,30.220,2,3,158,0.000,0.000,2.620,2.620,73.6
1339860060,73.5,50,53.7,30.220,3,3,158,0.000,0.000,2.620,2.620,73.5
1339860120,73.4,50,53.6,30.221,2,3,158,0.000,0.000,2.620,2.620,73.4
1339860180,73.4,51,54.2,30.221,2,5,158,0.000,0.000,2.620,2.620,73.4
1339860240,73.3,51,54.1,30.221,3,6,180,0.000,0.000,2.620,2.620,73.3
1339860300,73.3,51,54.1,30.221,2,5,180,0.000,0.000,2.620,2.620,73.3
1339860360,73.3,51,54.1,30.221,2,3,135,0.000,0.000,2.620,2.620,73.3
1339860420,73.2,51,54.0,30.221,3,5,180,0.000,0.000,2.620,2.620,73.2
1339860480,73.2,52,54.5,30.220,2,3,158,0.000,0.000,2.620,2.620,73.2
1339860540,73.2,52,54.5,30.222,3,3,180,0.000,0.000,2.620,2.620,73.2
1339860600,73.1,52,54.4,30.220,2,6,180,0.000,0.000,2.620,2.620,73.1
1339860660,73.1,53,54.9,30.221,2,6,180,0.000,0.000,2.620,2.620,73.1
1339860720,73.1,53,54.9,30.221,1,3,180,0.000,0.000,2.620,2.620,73.1
1339860780,73.0,53,54.9,30.221,2,3,180,0.000,0.000,2.620,2.620,73.0
1339860840,73.0,53,54.9,30.223,3,3,180,0.000,0.000,2.620,2.620,73.0
1339860900,72.9,56,56.3,30.222,2,5,180,0.000,0.000,2.620,2.620,72.9
1339860960,72.9,52,54.2,30.222,3,3,158,0.000,0.000,2.620,2.620,72.9
1339861020,72.9,53,54.8,30.221,3,5,180,0.000,0.000,2.620,2.620,72.9
1339861080,72.9,53,54.8,30.222,1,3,180,0.000,0.000,2.620,2.620,72.9
1339861140,72.9,54,55.3,30.221,2,3,202,0.000,0.000,2.620,2.620,72.9
1339861200,72.9,55,55.8,30.222,3,5,180,0.000,0.000,2.620,2.620,72.9
1339861260,72.8,54,55.2,30.220,3,3,180,0.000,0.000,2.620,2.620,72.8
1339861320,72.7,55,55.6,30.222,3,5,180,0.000,0.000,2.620,2.620,72.7
1339861380,72.5,55,55.4,30.223,3,6,180,0.000,0.000,2.620,2.620,72.5
1339861440,72.4,55,55.3,30.222,2,3,180,0.000,0.000,2.620,2.620,72.4
1339861500,72.4,55,55.3,30.220,2,5,180,0.000,0.000,2.620,2.620,72.4
1339861560,72.3,56,55.7,30.222,2,5,180,0.000,0.000,2.620,2.620,72.3
1339861620,72.2,56,55.6,30.222,2,3,180,0.000,0.000,2.620,2.620,72.2
1339861680,72.1,57,56.0,30.223,1,3,180,0.000,0.000,2.620,2.620,72.1
1339861740,72.1,57,56.0,30.222,1,3,180,0.000,0.000,2.620,2.620,72.1
1339861800,72.0,57,55.9,30.222,2,5,180,0.000,0.000,2.620,2.620,72.0
1339861860,71.9,57,55.8,30.221,3,3,158,0.000,0.000,2.620,2.620,71.9
1339861920,71.7,58,56.1,30.222,2,3,180,0.000,0.000,2.620,2.620,71.7
1339861980,71.6,57,55.6,30.221,2,3,180,0.000,0.000,2.620,2.620,71.6
1339862040,71.5,59,56.4,30.222,3,6,180,0.000,0.000,2.620,2.620,71.5
1339862100,71.4,58,55.9,30.223,2,3,180,0.000,0.000,2.620,2.620,71.4
1339862160,71.3,59,56.2,30.222,2,3,180,0.000,0.000,2.620,2.620,71.3
1339862220,71.2,61,57.1,30.221,2,3,180,0.000,0.000,2.620,2.620,71.2
1339862280,71.2,60,56.6,30.223,3,6,180,0.000,0.000,2.620,2.620,71.2
1339862340,71.1,60,56.5,30.224,3,3,180,0.000,0.000,2.620,2.620,71.1
1339862400,71.0,61,56.9,30.223,1,3,180,0.000,0.000,2.620,2.620,71.0
1339862460,70.9,60,56.3,30.223,2,3,180,0.000,0.000,2.620,2.620,70.9
1339862520,70.9,61,56.8,30.223,3,6,180,0.000,0.000,2.620,2.620,70.9
1339862580,70.8,60,56.2,30.222,2,6,180,0.000,0.000,2.620,2.620,70.8
1339862640,70.7,62,57.0,30.222,1,2,180,0.000,0.000,2.620,2.620,70.7
1339862700,70.7,61,56.6,30.223,2,3,180,0.000,0.000,2.620,2.620,70.7
1339862760,70.7,61,56.6,30.221,2,5,180,0.000,0.000,2.620,2.620,70.7
1339862820,70.6,62,56.9,30.222,2,5,180,0.000,0.000,2.620,2.620,70.6
1339862880,70.6,61,56.5,30.223,2,5,180,0.000,0.000,2.620,2.620,70.6
1339862940,70.6,63,57.4,30.224,3,5,180,0.000,0.000,2.620,2.620,70.6
1339863000,70.5,61,56.4,30.222,3,6,180,0.000,0.000,2.620,2.620,70.5
1339863060,70.5,62,56.9,30.224,3,6,158,0.000,0.000,2.620,2.620,70.5
1339863120,70.4,62,56.8,30.223,1,3,180,0.000,0.000,2.620,2.620,70.4
1339863180,70.4,63,57.2,30.223,2,3,158,0.000,0.000,2.620,2.620,70.4
1339863240,70.4,62,56.8,30.224,3,6,135,0.000,0.000,2.620,2.620,70.4
1339863300,70.3,62,56.7,30.223,2,3,158,0.000,0.000,2.620,2.620,70.3
1339863360,70.3,62,56.7,30.223,1,2,158,0.000,0.000,2.620,2.620,70.3
1339863420,70.2,62,56.6,30.222,2,3,180,0.000,0.000,2.620,2.620,70.2
1339863480,70.2,62,56.6,30.221,1,3,158,0.000,0.000,2.620,2.620,70.2
1339863540,70.2,62,56.6,30.221,3,7,158,0.000,0.000,2.620,2.620,70.2
1339863600,70.1,61,56.0,30.221,3,6,180,0.000,0.000,2.620,2.620,70.1
1339863660,70.1,62,56.5,30.221,3,3,180,0.000,0.000,2.620,2.620,70.1
1339863720,70.0,63,56.8,30.220,3,10,180,0.000,0.000,2.620,2.620,70.0
1339863780,70.0,63,56.8,30.220,3,5,180,0.000,0.000,2.620,2.620,70.0
1339863840,69.9,63,56.7,30.221,2,3,180,0.000,0.000,2.620,2.620,69.9
1339863900,69.8,63,56.6,30.220,3,3,180,0.000,0.000,2.620,2.620,69.8
1339863960,69.7,63,56.5,30.220,3,7,180,0.000,0.000,2.620,2.620,69.7
1339864020,69.6,62,56.0,30.222,2,3,180,0.000,0.000,2.620,2.620,69.6
1339864080,69.5,64,56.8,30.221,2,3,180,0.000,0.000,2.620,2.620,69.5
1339864140,69.5,64,56.8,30.219,2,3,180,0.000,0.000,2.620,2.620,69.5
1339864200,69.4,64,56.7,30.221,3,6,158,0.000,0.000,2.620,2.620,69.4
1339864260,69.3,64,56.6,30.219,3,10,180,0.000,0.000,2.620,2.620,69.3
1339864320,69.3,63,56.2,30.220,3,5,180,0.000,0.000,2.620,2.620,69.3
1339864380,69.2,63,56.1,30.220,2,6,135,0.000,0.000,2.620,2.620,69.2
1339864440,69.2,63,56.1,30.220,3,7,158,0.000,0.000,2.620,2.620,69.2
1339864500,69.1,64,56.4,30.221,1,3,180,0.000,0.000,2.620,2.620,69.1
1339864560,69.0,64,56.3,30.220,2,5,180,0.000,0.000,2.620,2.620,69.0
1339864620,69.0,64,56.3,30.220,3,5,180,0.000,0.000,2.620,2.620,69.0
1339864680,69.0,65,56.7,30.220,1,2,180,0.000,0.000,2.620,2.620,69.0
1339864740,68.8,65,56.6,30.221,2,3,180,0.000,0.000,2.620,2.620,68.8
1339864800,68.7,66,56.9,30.222,2,3,180,0.000,0.000,2.620,2.620,68.7
1339864860,68.6,66,56.8,30.221,3,7,180,0.000,0.000,2.620,2.620,68.6
1339864920,68.6,65,56.4,30.222,3,5,158,0.000,0.000,2.620,2.620,68.6
1339864980,68.5,64,55.8,30.222,2,3,180,0.000,0.000,2.620,2.620,68.5
1339865040,68.4,66,56.6,30.223,3,5,180,0.000,0.000,2.620,2.620,68.4
1339865100,68.3,65,56.1,30.222,3,3,202,0.000,0.000,2.620,2.620,68.3
1339865160,68.2,67,56.8,30.223,2,3,180,0.000,0.000,2.620,2.620,68.2
1339865220,68.1,66,56.3,30.223,2,3,180,0.000,0.000,2.620,2.620,68.1
1339865280,68.0,66,56.2,30.224,2,7,180,0.000,0.000,2.620,2.620,68.0
1339865340,67.9,66,56.1,30.222,2,3,180,0.000,0.000,2.620,2.620,67.9
1339865400,67.9,66,56.1,30.223,1,3,180,0.000,0.000,2.620,2.620,67.9
1339865460,67.9,67,56.5,30.223,3,5,180,0.000,0.000,2.620,2.620,67.9
1339865520,67.7,66,55.9,30.223,3,6,180,0.000,0.000,2.620,2.620,67.7
1339865580,67.7,66,55.9,30.225,2,3,180,0.000,0.000,2.620,2.620,67.7
1339865640,67.6,67,56.2,30.224,3,3,158,0.000,0.000,2.620,2.620,67.6
1339865700,67.5,66,55.7,30.225,2,3,180,0.000,0.000,2.620,2.620,67.5
1339865760,67.4,66,55.6,30.225,3,3,180,0.000,0.000,2.620,2.620,67.4
1339865820,67.4,66,55.6,30.224,1,3,158,0.000,0.000,2.620,2.620,67.4
1339865880,67.3,67,56.0,30.226,2,3,180,0.000,0.000,2.620,2.620,67.3
1339865940,67.2,66,55.5,30.226,3,5,180,0.000,0.000,2.620,2.620,67.2
1339866000,67.1,67,55.8,30.227,2,3,180,0.000,0.000,2.620,2.620,67.1
1339866060,67.1,67,55.8,30.225,3,5,202,0.000,0.000,2.620,2.620,67.1
1339866120,67.0,68,56.1,30.226,2,3,180,0.000,0.000,2.620,2.620,67.0
1339866180,66.9,68,56.0,30.226,2,3,180,0.000,0.000,2.620,2.620,66.9
1339866240,66.8,68,55.9,30.226,2,3,180,0.000,0.000,2.620,2.620,66.8
1339866300,66.7,68,55.8,30.226,3,3,180,0.000,0.000,2.620,2.620,66.7
1339866360,66.6,68,55.7,30.226,2,3,180,0.000,0.000,2.620,2.620,66.6
1339866420,66.6,68,55.7,30.227,2,5,180,0.000,0.000,2.620,2.620,66.6
1339866480,66.5,68,55.6,30.227,3,5,180,0.000,0.000,2.620,2.620,66.5
1339866540,66.5,68,55.6,30.226,2,3,180,0.000,0.000,2.620,2.620,66.5
1339866600,66.3,68,55.4,30.228,2,3,202,0.000,0.000,2.620,2.620,66.3
1339866660,66.3,68,55.4,30.227,2,3,180,0.000,0.000,2.620,2.620,66.3
1339866720,66.2,69,55.7,30.228,2,3,180,0.000,0.000,2.620,2.620,66.2
1339866780,66.2,69,55.7,30.226,3,3,180,0.000,0.000,2.620,2.620,66.2
1339866840,66.1,69,55.6,30.227,2,3,180,0.000,0.000,2.620,2.620,66.1
1339866900,66.0,69,55.5,30.227,2,3,180,0.000,0.000,2.620,2.620,66.0
1339866960,65.9,70,55.8,30.227,2,3,180,0.000,0.000,2.620,2.620,65.9
1339867020,65.8,70,55.7,30.226,3,3,180,0.000,0.000,2.620,2.620,65.8
1339867080,65.7,70,55.6,30.228,1,3,180,0.000,0.000,2.620,2.620,65.7
1339867140,65.7,69,55.2,30.227,2,3,158,0.000,0.000,2.620,2.620,65.7
1339867200,65.6,70,55.5,30.226,2,3,158,0.000,0.000,2.620,2.620,65.6
1339867260,65.6,70,55.5,30.227,2,3,158,0.000,0.000,2.620,2.620,65.6
1339867320,65.5,70,55.5,30.228,2,3,158,0.000,0.000,2.620,2.620,65.5
1339867380,65.4,72,56.1,30.227,3,5,180,0.000,0.000,2.620,2.620,65.4
1339867440,65.4,70,55.4,30.228,2,3,180,0.000,0.000,2.620,2.620,65.4
1339867500,65.3,71,55.7,30.226,3,5,180,0.000,0.000,2.620,2.620,65.3
1339867560,65.3,70,55.3,30.227,3,5,180,0.000,0.000,2.620,2.620,65.3
1339867620,65.2,71,55.6,30.227,3,5,180,0.000,0.000,2.620,2.620,65.2
1339867680,65.2,71,55.6,30.228,3,3,180,0.000,0.000,2.620,2.620,65.2
1339867740,65.2,70,55.2,30.229,3,3,180,0.000,0.000,2.620,2.620,65.2
1339867800,65.1,70,55.1,30.229,3,3,180,0.000,0.000,2.620,2.620,65.1
1339867860,65.0,71,55.4,30.229,3,5,180,0.000,0.000,2.620,2.620,65.0
1339867920,65.0,72,55.8,30.230,2,3,180,0.000,0.000,2.620,2.620,65.0
1339867980,64.9,72,55.7,30.231,2,3,180,0.000,0.000,2.620,2.620,64.9
1339868040,64.8,72,55.6,30.230,2,5,180,0.000,0.000,2.620,2.620,64.8
1339868100,64.8,72,55.6,30.231,2,3,180,0.000,0.000,2.620,2.620,64.8
1339868160,64.7,73,55.8,30.232,2,5,180,0.000,0.000,2.620,2.620,64.7
1339868220,64.7,72,55.5,30.231,2,3,180,0.000,0.000,2.620,2.620,64.7
1339868280,64.6,72,55.4,30.231,2,5,180,0.000,0.000,2.620,2.620,64.6
1339868340,64.5,71,54.9,30.231,2,3,180,0.000,0.000,2.620,2.620,64.5
1339868400,64.5,71,54.9,30.230,2,3,180,0.000,0.000,2.620,2.620,64.5
1339868460,64.5,71,54.9,30.230,2,3,158,0.000,0.000,2.620,2.620,64.5
1339868520,64.5,72,55.3,30.232,3,6,158,0.000,0.000,2.620,2.620,64.5
1339868580,64.5,71,54.9,30.232,3,3,158,0.000,0.000,2.620,2.620,64.5
1339868640,64.4,71,54.8,30.230,2,3,158,0.000,0.000,2.620,2.620,64.4
1339868700,64.4,71,54.8,30.230,2,3,158,0.000,0.000,2.620,2.620,64.4
1339868760,64.4,71,54.8,30.231,3,5,180,0.000,0.000,2.620,2.620,64.4
1339868820,64.4,71,54.8,30.230,2,3,180,0.000,0.000,2.620,2.620,64.4
1339868880,64.3,71,54.7,30.230,2,3,180,0.000,0.000,2.620,2.620,64.3
1339868940,64.3,71,54.7,30.230,2,3,158,0.000,0.000,2.620,2.620,64.3
1339869000,64.2,72,55.0,30.231,3,3,158,0.000,0.000,2.620,2.620,64.2
1339869060,64.2,72,55.0,30.230,2,3,180,0.000,0.000,2.620,2.620,64.2
1339869120,64.1,72,54.9,30.231,2,3,180,0.000,0.000,2.620,2.620,64.1
1339869180,64.1,72,54.9,30.231,2,3,158,0.000,0.000,2.620,2.620,64.1
1339869240,64.1,72,54.9,30.232,2,5,158,0.000,0.000,2.620,2.620,64.1
1339869300,64.0,72,54.8,30.232,3,3,180,0.000,0.000,2.620,2.620,64.0
1339869360,64.0,72,54.8,30.232,2,3,180,0.000,0.000,2.620,2.620,64.0
1339869420,63.9,72,54.7,30.233,2,3,180,0.000,0.000,2.620,2.620,63.9
1339869480,63.9,72,54.7,30.231,3,3,180,0.000,0.000,2.620,2.620,63.9
1339869540,63.9,71,54.3,30.230,2,3,180,0.000,0.000,2.620,2.620,63.9
1339869600,63.8,72,54.6,30.230,2,3,180,0.000,0.000,2.620,2.620,63.8
1339869660,63.8,73,55.0,30.228,2,3,180,0.000,0.000,2.620,2.620,63.8
1339869720,63.7,72,54.5,30.230,3,5,202,0.000,0.000,2.620,2.620,63.7
1339869780,63.6,73,54.8,30.230,3,5,180,0.000,0.000,2.620,2.620,63.6
1339869840,63.6,73,54.8,30.229,2,3,180,0.000,0.000,2.620,2.620,63.6
1339869900,63.5,73,54.7,30.230,2,3,180,0.000,0.000,2.620,2.620,63.5
1339869960,63.5,73,54.7,30.232,2,3,180,0.000,0.000,2.620,2.620,63.5
1339870020,63.4,74,55.0,30.232,3,3,158,0.000,0.000,2.620,2.620,63.4
1339870080,63.3,74,54.9,30.235,3,3,158,0.000,0.000,2.620,2.620,63.3
1339870140,63.3,74,54.9,30.234,3,6,180,0.000,0.000,2.620,2.620,63.3
1339870200,63.2,73,54.4,30.235,2,3,180,0.000,0.000,2.620,2.620,63.2
1339870260,63.2,74,54.8,30.235,2,5,180,0.000,0.000,2.620,2.620,63.2
1339870320,63.2,73,54.4,30.235,2,3,180,0.000,0.000,2.620,2.620,63.2
1339870380,63.2,73,54.4,30.234,2,3,180,0.000,0.000,2.620,2.620,63.2
1339870440,63.2,73,54.4,30.233,2,3,158,0.000,0.000,2.620,2.620,63.2
1339870500,63.1,73,54.3,30.235,2,3,158,0.000,0.000,2.620,2.620,63.1
1339870560,63.1,73,54.3,30.234,2,3,202,0.000,0.000,2.620,2.620,63.1
1339870620,63.1,73,54.3,30.234,2,3,180,0.000,0.000,2.620,2.620,63.1
1339870680,63.1,73,54.3,30.235,1,3,180,0.000,0.000,2.620,2.620,63.1
1339870740,63.1,74,54.7,30.234,3,7,180,0.000,0.000,2.620,2.620,63.1
1339870800,63.1,74,54.7,30.235,3,3,202,0.000,0.000,2.620,2.620,63.1
1339870860,63.0,74,54.6,30.235,2,5,180,0.000,0.000,2.620,2.620,63.0
1339870920,63.0,74,54.6,30.235,2,3,180,0.000,0.000,2.620,2.620,63.0
1339870980,62.9,74,54.5,30.235,2,3,180,0.000,0.000,2.620,2.620,62.9
1339871040,62.9,74,54.5,30.235,2,3,158,0.000,0.000,2.620,2.620,62.9
1339871100,62.9,75,54.9,30.239,3,5,202,0.000,0.000,2.620,2.620,62.9
1339871160,62.8,75,54.8,30.241,1,3,180,0.000,0.000,2.620,2.620,62.8
1339871220,62.8,75,54.8,30.240,2,3,180,0.000,0.000,2.620,2.620,62.8
1339871280,62.8,75,54.8,30.241,2,3,180,0.000,0.000,2.620,2.620,62.8
1339871340,62.8,75,54.8,30.243,2,3,202,0.000,0.000,2.620,2.620,62.8
1339871400,62.8,75,54.8,30.241,1,3,202,0.000,0.000,2.620,2.620,62.8
1339871460,62.8,75,54.8,30.242,3,5,158,0.000,0.000,2.620,2.620,62.8
1339871520,62.8,75,54.8,30.241,2,3,180,0.000,0.000,2.620,2.620,62.8
1339871580,62.8,75,54.8,30.238,2,3,180,0.000,0.000,2.620,2.620,62.8
1339871640,62.8,75,54.8,30.237,2,3,180,0.000,0.000,2.620,2.620,62.8
1339871700,62.8,75,54.8,30.237,2,3,180,0.000,0.000,2.620,2.620,62.8
1339871760,62.7,75,54.7,30.239,2,3,180,0.000,0.000,2.620,2.620,62.7
1339871820,62.7,75,54.7,30.239,2,3,180,0.000,0.000,2.620,2.620,62.7
1339871880,62.7,75,54.7,30.238,2,3,180,0.000,0.000,2.620,2.620,62.7
1339871940,62.7,75,54.7,30.239,2,5,180,0.000,0.000,2.620,2.620,62.7
1339872000,62.7,75,54.7,30.240,2,3,202,0.000,0.000,2.620,2.620,62.7
1339872060,62.6,76,54.9,30.240,1,2,202,0.000,0.000,2.620,2.620,62.6
1339872120,62.6,76,54.9,30.241,2,3,202,0.000,0.000,2.620,2.620,62.6
1339872180,62.5,76,54.8,30.243,2,3,202,0.000,0.000,2.620,2.620,62.5
1339872240,62.5,76,54.8,30.242,2,3,202,0.000,0.000,2.620,2.620,62.5
1339872300,62.5,77,55.2,30.242,2,3,202,0.000,0.000,2.620,2.620,62.5
1339872360,62.4,77,55.1,30.243,1,3,202,0.000,0.000,2.620,2.620,62.4
1339872420,62.4,77,55.1,30.241,1,3,202,0.000,0.000,2.620,2.620,62.4
1339872480,62.4,77,55.1,30.242,1,3,202,0.000,0.000,2.620,2.620,62.4
1339872540,62.3,77,55.0,30.242,2,3,158,0.000,0.000,2.620,2.620,62.3
1339872600,62.3,77,55.0,30.243,2,3,158,0.000,0.000,2.620,2.620,62.3
1339872660,62.3,77,55.0,30.243,3,6,158,0.000,0.000,2.620,2.620,62.3
1339872720,62.2,77,54.9,30.243,2,3,225,0.000,0.000,2.620,2.620,62.2
1339872780,62.2,78,55.3,30.245,2,3,202,0.000,0.000,2.620,2.620,62.2
1339872840,62.2,77,54.9,30.246,3,5,180,0.000,0.000,2.620,2.620,62.2
1339872900,62.1,77,54.8,30.246,2,3,180,0.000,0.000,2.620,2.620,62.1
1339872960,62.1,78,55.2,30.243,3,7,180,0.000,0.000,2.620,2.620,62.1
1339873020,62.1,77,54.8,30.244,2,3,180,0.000,0.000,2.620,2.620,62.1
1339873080,62.0,78,55.1,30.246,2,3,158,0.000,0.000,2.620,2.620,62.0
1339873140,62.0,78,55.1,30.244,2,3,180,0.000,0.000,2.620,2.620,62.0
1339873200,61.9,78,55.0,30.243,3,5,180,0.000,0.000,2.620,2.620,61.9
1339873260,61.9,78,55.0,30.245,2,5,158,0.000,0.000,2.620,2.620,61.9
1339873320,61.9,78,55.0,30.243,2,3,180,0.000,0.000,2.620,2.620,61.9
1339873380,61.8,79,55.2,30.243,3,3,180,0.000,0.000,2.620,2.620,61.8
1339873440,61.8,79,55.2,30.243,3,5,180,0.000,0.000,2.620,2.620,61.8
1339873500,61.8,79,55.2,30.243,3,3,180,0.000,0.000,2.620,2.620,61.8
1339873560,61.8,79,55.2,30.243,2,3,180,0.000,0.000,2.620,2.620,61.8
1339873620,61.7,79,55.1,30.244,2,3,158,0.000,0.000,2.620,2.620,61.7
1339873680,61.7,79,55.1,30.244,2,3,180,0.000,0.000,2.620,2.620,61.7
1339873740,61.7,79,55.1,30.244,1,3,180,0.000,0.000,2.620,2.620,61.7
1339873800,61.6,80,55.4,30.244,2,3,180,0.000,0.000,2.620,2.620,61.6
1339873860,61.6,80,55.4,30.245,2,3,158,0.000,0.000,2.620,2.620,61.6
1339873920,61.6,80,55.4,30.245,1,3,180,0.000,0.000,2.620,2.620,61.6
1339873980,61.6,80,55.4,30.245,2,6,180,0.000,0.000,2.620,2.620,61.6
1339874040,61.5,80,55.3,30.248,3,6,158,0.000,0.000,2.620,2.620,61.5
1339874100,61.5,80,55.3,30.247,3,5,180,0.000,0.000,2.620,2.620,61.5
1339874160,61.4,80,55.2,30.244,2,3,158,0.000,0.000,2.620,2.620,61.4
1339874220,61.4,80,55.2,30.245,3,5,202,0.000,0.000,2.620,2.620,61.4
1339874280,61.4,80,55.2,30.246,1,3,202,0.000,0.000,2.620,2.620,61.4
1339874340,61.4,80,55.2,30.248,2,3,180,0.000,0.000,2.620,2.620,61.4
1339874400,61.4,81,55.5,30.246,2,3,158,0.000,0.000,2.620,2.620,61.4
1339874460,61.3,80,55.1,30.248,2,3,180,0.000,0.000,2.620,2.620,61.3
1339874520,61.3,81,55.4,30.246,2,3,180,0.000,0.000,2.620,2.620,61.3
1339874580,61.3,81,55.4,30.248,2,3,180,0.000,0.000,2.620,2.620,61.3
1339874640,61.3,81,55.4,30.246,3,10,180,0.000,0.000,2.620,2.620,61.3
1339874700,61.2,80,55.0,30.245,3,9,180,0.000,0.000,2.620,2.620,61.2
1339874760,61.2,80,55.0,30.245,3,3,180,0.000,0.000,2.620,2.620,61.2
1339874820,61.2,81,55.3,30.246,2,3,180,0.000,0.000,2.620,2.620,61.2
1339874880,61.1,81,55.2,30.245,2,3,158,0.000,0.000,2.620,2.620,61.1
1339874940,61.1,81,55.2,30.245,2,3,158,0.000,0.000,2.620,2.620,61.1
1339875000,61.1,81,55.2,30.245,1,3,180,0.000,0.000,2.620,2.620,61.1
1339875060,61.1,81,55.2,30.245,3,6,202,0.000,0.000,2.620,2.620,61.1
1339875120,61.0,81,55.1,30.243,3,3,180,0.000,0.000,2.620,2.620,61.0
1339875180,61.0,81,55.1,30.245,2,5,180,0.000,0.000,2.620,2.620,61.0
1339875240,61.0,81,55.1,30.244,3,5,158,0.000,0.000,2.620,2.620,61.0
1339875300,61.0,82,55.5,30.246,2,3,180,0.000,0.000,2.620,2.620,61.0
1339875360,61.0,82,55.5,30.247,2,3,180,0.000,0.000,2.620,2.620,61.0
1339875420,60.9,82,55.4,30.247,2,3,180,0.000,0.000,2.620,2.620,60.9
1339875480,60.9,82,55.4,30.247,1,5,202,0.000,0.000,2.620,2.620,60.9
1339875540,60.9,82,55.4,30.247,1,2,202,0.000,0.000,2.620,2.620,60.9
1339875600,60.8,82,55.3,30.247,1,3,202,0.000,0.000,2.620,2.620,60.8
1339875660,60.8,82,55.3,30.248,3,5,180,0.000,0.000,2.620,2.620,60.8
1339875720,60.8,82,55.3,30.248,2,3,248,0.000,0.000,2.620,2.620,60.8
1339875780,60.7,82,55.2,30.248,1,3,202,0.000,0.000,2.620,2.620,60.7
1339875840,60.7,82,55.2,30.247,1,3,202,0.000,0.000,2.620,2.620,60.7
1339875900,60.7,82,55.2,30.248,1,3,202,0.000,0.000,2.620,2.620,60.7
1339875960,60.6,82,55.1,30.248,1,3,202,0.000,0.000,2.620,2.620,60.6
1339876020,60.6,82,55.1,30.250,1,3,202,0.000,0.000,2.620,2.620,60.6
1339876080,60.5,82,55.0,30.250,2,3,135,0.000,0.000,2.620,2.620,60.5
1339876140,60.5,82,55.0,30.250,3,6,180,0.000,0.000,2.620,2.620,60.5
1339876200,60.5,82,55.0,30.251,2,3,180,0.000,0.000,2.620,2.620,60.5
1339876260,60.4,82,54.9,30.250,3,6,180,0.000,0.000,2.620,2.620,60.4
1339876320,60.4,82,54.9,30.250,3,7,180,0.000,0.000,2.620,2.620,60.4
1339876380,60.4,83,55.2,30.251,2,3,202,0.000,0.000,2.620,2.620,60.4
1339876440,60.3,82,54.8,30.250,3,5,180,0.000,0.000,2.620,2.620,60.3
1339876500,60.3,82,54.8,30.249,2,3,158,0.000,0.000,2.620,2.620,60.3
1339876560,60.2,83,55.0,30.250,2,5,158,0.000,0.000,2.620,2.620,60.2
1339876620,60.2,83,55.0,30.252,2,3,180,0.000,0.000,2.620,2.620,60.2
1339876680,60.1,83,54.9,30.251,1,3,180,0.000,0.000,2.620,2.620,60.1
1339876740,60.1,83,54.9,30.251,2,3,180,0.000,0.000,2.620,2.620,60.1
1339876800,60.0,83,54.8,30.251,2,3,180,0.000,0.000,2.620,2.620,60.0
1339876860,60.0,83,54.8,30.252,2,3,180,0.000,0.000,2.620,2.620,60.0
1339876920,60.0,84,55.2,30.252,3,6,180,0.000,0.000,2.620,2.620,60.0
1339876980,59.9,83,54.7,30.252,2,5,180,0.000,0.000,2.620,2.620,59.9
1339877040,59.9,84,55.1,30.253,2,3,180,0.000,0.000,2.620,2.620,59.9
1339877100,59.9,84,55.1,30.253,1,3,180,0.000,0.000,2.620,2.620,59.9
1339877160,59.8,84,55.0,30.254,2,3,180,0.000,0.000,2.620,2.620,59.8
1339877220,59.8,84,55.0,30.255,2,5,158,0.000,0.000,2.620,2.620,59.8
1339877280,59.8,84,55.0,30.254,3,3,180,0.000,0.000,2.620,2.620,59.8
1339877340,59.7,84,54.9,30.256,2,3,180,0.000,0.000,2.620,2.620,59.7
1339877400,59.7,84,54.9,30.255,2,3,158,0.000,0.000,2.620,2.620,59.7
1339877460,59.6,84,54.8,30.254,2,5,202,0.000,0.000,2.620,2.620,59.6
1339877520,59.7,84,54.9,30.256,1,3,135,0.000,0.000,2.620,2.620,59.7
1339877580,59.7,84,54.9,30.256,1,2,135,0.000,0.000,2.620,2.620,59.7
1339877640,59.6,84,54.8,30.255,1,3,158,0.000,0.000,2.620,2.620,59.6
1339877700,59.6,84,54.8,30.256,3,5,180,0.000,0.000,2.620,2.620,59.6
1339877760,59.5,84,54.7,30.255,3,3,248,0.000,0.000,2.620,2.620,59.5
1339877820,59.5,84,54.7,30.256,1,3,248,0.000,0.000,2.620,2.620,59.5
1339877880,59.5,85,55.0,30.256,1,2,202,0.000,0.000,2.620,2.620,59.5
1339877940,59.5,85,55.0,30.253,2,3,180,0.000,0.000,2.620,2.620,59.5
1339878000,59.5,85,55.0,30.255,1,3,180,0.000,0.000,2.620,2.620,59.5
1339878060,59.4,85,54.9,30.255,1,3,180,0.000,0.000,2.620,2.620,59.4
1339878120,59.4,85,54.9,30.255,1,2,180,0.000,0.000,2.620,2.620,59.4
1339878180,59.3,84,54.5,30.255,2,6,180,0.000,0.000,2.620,2.620,59.3
1339878240,59.3,84,54.5,30.255,1,3,158,0.000,0.000,2.620,2.620,59.3
1339878300,59.1,84,54.3,30.256,2,3,180,0.000,0.000,2.620,2.620,59.1
1339878360,59.0,84,54.2,30.254,2,5,180,0.000,0.000,2.620,2.620,59.0
1339878420,59.0,84,54.2,30.255,3,7,158,0.000,0.000,2.620,2.620,59.0
1339878480,59.0,84,54.2,30.255,1,3,158,0.000,0.000,2.620,2.620,59.0
1339878540,59.0,84,54.2,30.255,1,2,158,0.000,0.000,2.620,2.620,59.0
1339878600,59.0,85,54.5,30.257,3,5,158,0.000,0.000,2.620,2.620,59.0
1339878660,59.0,84,54.2,30.258,0,3,158,0.000,0.000,2.620,2.620,59.0
1339878720,59.0,85,54.5,30.257,1,2,180,0.000,0.000,2.620,2.620,59.0
1339878780,59.0,85,54.5,30.257,0,2,180,0.000,0.000,2.620,2.620,59.0
1339878840,59.0,85,54.5,30.258,1,3,158,0.000,0.000,2.620,2.620,59.0
1339878900,59.0,85,54.5,30.257,2,3,158,0.000,0.000,2.620,2.620,59.0
1339878960,59.0,85,54.5,30.257,3,5,158,0.000,0.000,2.620,2.620,59.0
1339879020,58.9,85,54.4,30.257,2,3,158,0.000,0.000,2.620,2.620,58.9
1339879080,58.8,85,54.3,30.255,2,5,180,0.000,0.000,2.620,2.620,58.8
1339879140,58.7,85,54.2,30.256,0,0,180,0.000,0.000,2.620,2.620,58.7
1339879200,58.7,85,54.2,30.255,0,2,180,0.000,0.000,2.620,2.620,58.7
1339879260,58.7,85,54.2,30.254,2,3,180,0.000,0.000,2.620,2.620,58.7
1339879320,58.7,85,54.2,30.255,0,2,180,0.000,0.000,2.620,2.620,58.7
1339879380,58.6,85,54.1,30.254,2,5,202,0.000,0.000,2.620,2.620,58.6
1339879440,58.6,85,54.1,30.254,1,3,202,0.000,0.000,2.620,2.620,58.6
1339879500,58.6,86,54.4,30.255,2,3,158,0.000,0.000,2.620,2.620,58.6
1339879560,58.6,85,54.1,30.257,3,7,158,0.000,0.000,2.620,2.620,58.6
1339879620,58.5,85,54.0,30.255,2,3,180,0.000,0.000,2.620,2.620,58.5
1339879680,58.5,85,54.0,30.254,1,3,180,0.000,0.000,2.620,2.620,58.5
1339879740,58.5,86,54.3,30.255,2,3,180,0.000,0.000,2.620,2.620,58.5
1339879800,58.5,85,54.0,30.256,1,3,180,0.000,0.000,2.620,2.620,58.5
1339879860,58.4,85,53.9,30.255,1,3,180,0.000,0.000,2.620,2.620,58.4
1339879920,58.4,85,53.9,30.255,0,0,180,0.000,0.000,2.620,2.620,58.4
1339879980,58.4,86,54.2,30.254,1,3,45,0.000,0.000,2.620,2.620,58.4
1339880040,58.4,86,54.2,30.253,1,3,135,0.000,0.000,2.620,2.620,58.4
1339880100,58.4,86,54.2,30.252,0,1,158,0.000,0.000,2.620,2.620,58.4
1339880160,58.4,86,54.2,30.253,0,0,158,0.000,0.000,2.620,2.620,58.4
1339880220,58.3,86,54.1,30.251,1,5,158,0.000,0.000,2.620,2.620,58.3
1339880280,58.3,85,53.8,30.251,2,3,180,0.000,0.000,2.620,2.620,58.3
1339880340,58.2,86,54.0,30.253,5,10,180,0.000,0.000,2.620,2.620,58.2
1339880400,58.2,86,54.0,30.253,2,5,158,0.000,0.000,2.620,2.620,58.2
1339880460,58.2,86,54.0,30.254,1,3,158,0.000,0.000,2.620,2.620,58.2
1339880520,58.2,86,54.0,30.255,2,3,158,0.000,0.000,2.620,2.620,58.2
1339880580,58.2,86,54.0,30.254,2,7,158,0.000,0.000,2.620,2.620,58.2
1339880640,58.1,86,53.9,30.255,2,7,158,0.000,0.000,2.620,2.620,58.1
1339880700,58.1,86,53.9,30.254,2,3,158,0.000,0.000,2.620,2.620,58.1
1339880760,58.1,86,53.9,30.255,2,3,180,0.000,0.000,2.620,2.620,58.1
1339880820,58.0,86,53.8,30.254,3,5,180,0.000,0.000,2.620,2.620,58.0
1339880880,58.0,86,53.8,30.254,1,3,180,0.000,0.000,2.620,2.620,58.0
1339880940,58.0,86,53.8,30.254,1,2,180,0.000,0.000,2.620,2.620,58.0
1339881000,58.0,86,53.8,30.255,1,2,180,0.000,0.000,2.620,2.620,58.0
1339881060,58.0,86,53.8,30.254,2,5,180,0.000,0.000,2.620,2.620,58.0
1339881120,57.9,86,53.7,30.255,2,3,180,0.000,0.000,2.620,2.620,57.9
1339881180,57.9,86,53.7,30.253,0,3,158,0.000,0.000,2.620,2.620,57.9
1339881240,57.9,86,53.7,30.254,1,3,158,0.000,0.000,2.620,2.620,57.9
1339881300,57.8,86,53.6,30.253,1,3,158,0.000,0.000,2.620,2.620,57.8
1339881360,57.8,86,53.6,30.255,0,1,135,0.000,0.000,2.620,2.620,57.8
1339881420,57.8,86,53.6,30.253,1,3,135,0.000,0.000,2.620,2.620,57.8
1339881480,57.8,86,53.6,30.253,3,9,180,0.000,0.000,2.620,2.620,57.8
1339881540,57.7,85,53.2,30.253,2,3,180,0.000,0.000,2.620,2.620,57.7
1339881600,57.6,85,53.1,30.254,2,3,158,0.000,0.000,2.620,2.620,57.6
1339881660,57.6,86,53.4,30.252,2,7,158,0.000,0.000,2.620,2.620,57.6
1339881720,57.5,86,53.3,30.251,2,3,180,0.000,0.000,2.620,2.620,57.5
1339881780,57.5,86,53.3,30.252,2,3,180,0.000,0.000,2.620,2.620,57.5
1339881840,57.4,86,53.2,30.253,2,3,180,0.000,0.000,2.620,2.620,57.4
1339881900,57.3,86,53.1,30.252,2,3,180,0.000,0.000,2.620,2.620,57.3
1339881960,57.3,86,53.1,30.252,2,3,180,0.000,0.000,2.620,2.620,57.3
1339882020,57.2,86,53.0,30.250,2,3,158,0.000,0.000,2.620,2.620,57.2
1339882080,57.2,86,53.0,30.250,2,3,180,0.000,0.000,2.620,2.620,57.2
1339882140,57.2,86,53.0,30.251,1,5,202,0.000,0.000,2.620,2.620,57.2
1339882200,57.2,86,53.0,30.250,2,5,180,0.000,0.000,2.620,2.620,57.2
1339882260,57.1,86,53.0,30.249,1,3,180,0.000,0.000,2.620,2.620,57.1
1339882320,57.1,86,53.0,30.250,1,3,180,0.000,0.000,2.620,2.620,57.1
1339882380,57.1,86,53.0,30.249,0,0,180,0.000,0.000,2.620,2.620,57.1
1339882440,57.1,87,53.3,30.248,0,1,202,0.000,0.000,2.620,2.620,57.1
1339882500,57.1,87,53.3,30.249,1,3,158,0.000,0.000,2.620,2.620,57.1
1339882560,57.0,87,53.2,30.248,2,3,180,0.000,0.000,2.620,2.620,57.0
1339882620,57.0,86,52.9,30.248,2,3,202,0.000,0.000,2.620,2.620,57.0
1339882680,56.9,86,52.8,30.249,3,3,180,0.000,0.000,2.620,2.620,56.9
1339882740,56.9,87,53.1,30.249,0,1,202,0.000,0.000,2.620,2.620,56.9
1339882800,56.9,87,53.1,30.249,0,1,202,0.000,0.000,2.620,2.620,56.9
1339882860,56.9,87,53.1,30.250,2,3,202,0.000,0.000,2.620,2.620,56.9
1339882920,56.9,87,53.1,30.250,2,3,202,0.000,0.000,2.620,2.620,56.9
1339882980,56.8,87,53.0,30.251,2,3,225,0.000,0.000,2.620,2.620,56.8
1339883040,56.8,87,53.0,30.249,1,2,225,0.000,0.000,2.620,2.620,56.8
1339883100,56.8,87,53.0,30.249,1,2,225,0.000,0.000,2.620,2.620,56.8
1339883160,56.7,87,52.9,30.248,1,2,112,0.000,0.000,2.620,2.620,56.7
1339883220,56.8,87,53.0,30.247,2,3,180,0.000,0.000,2.620,2.620,56.8
1339883280,56.8,87,53.0,30.246,2,3,180,0.000,0.000,2.620,2.620,56.8
1339883340,56.8,87,53.0,30.245,2,3,180,0.000,0.000,2.620,2.620,56.8
1339883400,56.8,87,53.0,30.246,1,3,180,0.000,0.000,2.620,2.620,56.8
1339883460,56.8,87,53.0,30.244,1,3,158,0.000,0.000,2.620,2.620,56.8
1339883520,56.8,87,53.0,30.244,3,6,180,0.000,0.000,2.620,2.620,56.8
1339883580,56.7,87,52.9,30.244,2,3,158,0.000,0.000,2.620,2.620,56.7
1339883640,56.7,87,52.9,30.242,2,3,225,0.000,0.000,2.620,2.620,56.7
1339883700,56.7,86,52.6,30.246,1,3,158,0.000,0.000,2.620,2.620,56.7
1339883760,56.7,87,52.9,30.243,1,3,180,0.000,0.000,2.620,2.620,56.7
1339883820,56.6,87,52.8,30.246,0,2,180,0.000,0.000,2.620,2.620,56.6
1339883880,56.6,87,52.8,30.245,1,3,180,0.000,0.000,2.620,2.620,56.6
1339883940,56.6,87,52.8,30.245,0,1,248,0.000,0.000,2.620,2.620,56.6
1339884000,56.6,87,52.8,30.246,1,3,248,0.000,0.000,2.620,2.620,56.6
1339884060,56.6,87,52.8,30.245,1,3,158,0.000,0.000,2.620,2.620,56.6
1339884120,56.5,87,52.7,30.245,0,2,158,0.000,0.000,2.620,2.620,56.5
1339884180,56.5,87,52.7,30.243,1,2,158,0.000,0.000,2.620,2.620,56.5
1339884240,56.4,87,52.6,30.245,0,2,158,0.000,0.000,2.620,2.620,56.4
1339884300,56.5,87,52.7,30.245,1,2,158,0.000,0.000,2.620,2.620,56.5
1339884360,56.4,87,52.6,30.244,2,3,158,0.000,0.000,2.620,2.620,56.4
1339884420,56.4,87,52.6,30.245,1,2,158,0.000,0.000,2.620,2.620,56.4
1339884480,56.4,87,52.6,30.244,1,3,158,0.000,0.000,2.620,2.620,56.4
1339884540,56.3,87,52.5,30.245,0,0,158,0.000,0.000,2.620,2.620,56.3
1339884600,56.3,87,52.5,30.243,1,3,158,0.000,0.000,2.620,2.620,56.3
1339884660,56.3,87,52.5,30.244,1,2,202,0.000,0.000,2.620,2.620,56.3
1339884720,56.3,87,52.5,30.243,1,3,202,0.000,0.000,2.620,2.620,56.3
1339884780,56.2,87,52.4,30.241,1,2,202,0.000,0.000,2.620,2.620,56.2
1339884840,56.2,87,52.4,30.241,0,1,202,0.000,0.000,2.620,2.620,56.2
1339884900,56.2,87,52.4,30.242,0,1,202,0.000,0.000,2.620,2.620,56.2
1339884960,56.2,87,52.4,30.241,0,2,202,0.000,0.000,2.620,2.620,56.2
1339885020,56.2,87,52.4,30.242,1,2,225,0.000,0.000,2.620,2.620,56.2
1339885080,56.2,87,52.4,30.242,0,2,225,0.000,0.000,2.620,2.620,56.2
1339885140,56.2,87,52.4,30.241,1,2,225,0.000,0.000,2.620,2.620,56.2
1339885200,56.1,87,52.3,30.240,1,2,225,0.000,0.000,2.620,2.620,56.1
1339885260,56.1,87,52.3,30.240,0,1,225,0.000,0.000,2.620,2.620,56.1
1339885320,56.1,87,52.3,30.240,2,3,180,0.000,0.000,2.620,2.620,56.1
1339885380,56.1,87,52.3,30.241,0,2,202,0.000,0.000,2.620,2.620,56.1
1339885440,56.0,87,52.2,30.241,0,2,202,0.000,0.000,2.620,2.620,56.0
1339885500,56.0,87,52.2,30.241,1,3,225,0.000,0.000,2.620,2.620,56.0
1339885560,56.0,87,52.2,30.242,1,3,202,0.000,0.000,2.620,2.620,56.0
1339885620,56.0,87,52.2,30.241,0,1,202,0.000,0.000,2.620,2.620,56.0
1339885680,56.0,87,52.2,30.242,0,3,135,0.000,0.000,2.620,2.620,56.0
1339885740,56.0,87,52.2,30.243,1,3,158,0.000,0.000,2.620,2.620,56.0
1339885800,56.0,87,52.2,30.244,0,1,158,0.000,0.000,2.620,2.620,56.0
1339885860,56.0,87,52.2,30.245,1,2,158,0.000,0.000,2.620,2.620,56.0
1339885920,55.9,87,52.1,30.245,0,1,158,0.000,0.000,2.620,2.620,55.9
1339885980,55.9,87,52.1,30.244,0,0,158,0.000,0.000,2.620,2.620,55.9
1339886040,55.9,87,52.1,30.247,0,0,158,0.000,0.000,2.620,2.620,55.9
1339886100,55.9,87,52.1,30.246,0,0,158,0.000,0.000,2.620,2.620,55.9
1339886160,55.9,87,52.1,30.247,0,0,158,0.000,0.000,2.620,2.620,55.9
1339886220,55.9,87,52.1,30.248,0,2,158,0.000,0.000,2.620,2.620,55.9
1339886280,55.9,87,52.1,30.248,2,3,180,0.000,0.000,2.620,2.620,55.9
1339886340,55.9,87,52.1,30.247,1,2,158,0.000,0.000,2.620,2.620,55.9
1339886400,55.9,87,52.1,30.246,0,1,158,0.000,0.000,2.620,2.620,55.9
1339886460,55.9,87,52.1,30.245,0,0,158,0.000,0.000,2.620,2.620,55.9
1339886520,55.9,87,52.1,30.246,0,2,158,0.000,0.000,2.620,2.620,55.9
1339886580,55.9,87,52.1,30.245,1,2,158,0.000,0.000,2.620,2.620,55.9
1339886640,55.9,87,52.1,30.244,1,2,158,0.000,0.000,2.620,2.620,55.9
1339886700,55.9,87,52.1,30.246,0,1,158,0.000,0.000,2.620,2.620,55.9
1339886760,55.9,87,52.1,30.246,0,1,158,0.000,0.000,2.620,2.620,55.9
1339886820,55.9,87,52.1,30.245,0,1,158,0.000,0.000,2.620,2.620,55.9
1339886880,55.8,87,52.0,30.246,0,2,158,0.000,0.000,2.620,2.620,55.8
1339886940,55.8,87,52.0,30.245,0,0,158,0.000,0.000,2.620,2.620,55.8
1339887000,55.8,87,52.0,30.245,0,1,158,0.000,0.000,2.620,2.620,55.8
1339887060,55.8,87,52.0,30.245,0,2,158,0.000,0.000,2.620,2.620,55.8
1339887120,55.8,88,52.3,30.245,0,1,158,0.000,0.000,2.620,2.620,55.8
1339887180,55.8,88,52.3,30.245,0,3,158,0.000,0.000,2.620,2.620,55.8
1339887240,55.8,87,52.0,30.244,1,2,158,0.000,0.000,2.620,2.620,55.8
1339887300,55.8,87,52.0,30.244,0,0,158,0.000,0.000,2.620,2.620,55.8
1339887360,55.8,88,52.3,30.243,0,0,158,0.000,0.000,2.620,2.620,55.8
1339887420,55.8,88,52.3,30.243,0,1,158,0.000,0.000,2.620,2.620,55.8
1339887480,55.8,87,52.0,30.239,0,0,158,0.000,0.000,2.620,2.620,55.8
1339887540,55.8,87,52.0,30.240,0,0,158,0.000,0.000,2.620,2.620,55.8
1339887600,55.8,87,52.0,30.240,0,1,158,0.000,0.000,2.620,2.620,55.8
1339887660,55.8,88,52.3,30.240,1,2,158,0.000,0.000,2.620,2.620,55.8
1339887720,55.8,87,52.0,30.240,0,0,158,0.000,0.000,2.620,2.620,55.8
1339887780,55.8,88,52.3,30.240,0,1,158,0.000,0.000,2.620,2.620,55.8
1339887840,55.8,88,52.3,30.240,1,2,158,0.000,0.000,2.620,2.620,55.8
1339887900,55.7,87,51.9,30.239,1,2,180,0.000,0.000,2.620,2.620,55.7
1339887960,55.7,87,51.9,30.239,1,2,180,0.000,0.000,2.620,2.620,55.7
1339888020,55.7,87,51.9,30.240,0,0,180,0.000,0.000,2.620,2.620,55.7
1339888080,55.7,88,52.2,30.238,0,0,180,0.000,0.000,2.620,2.620,55.7
1339888140,55.7,88,52.2,30.239,0,1,180,0.000,0.000,2.620,2.620,55.7
1339888200,55.7,88,52.2,30.241,0,1,180,0.000,0.000,2.620,2.620,55.7
1339888260,55.7,88,52.2,30.241,0,1,112,0.000,0.000,2.620,2.620,55.7
1339888320,55.7,88,52.2,30.241,1,2,112,0.000,0.000,2.620,2.620,55.7
1339888380,55.6,88,52.1,30.240,0,0,112,0.000,0.000,2.620,2.620,55.6
1339888440,55.6,88,52.1,30.240,0,0,112,0.000,0.000,2.620,2.620,55.6
1339888500,55.6,88,52.1,30.241,0,0,112,0.000,0.000,2.620,2.620,55.6
1339888560,55.6,88,52.1,30.242,0,1,112,0.000,0.000,2.620,2.620,55.6
1339888620,55.6,88,52.1,30.239,0,1,112,0.000,0.000,2.620,2.620,55.6
1339888680,55.6,88,52.1,30.240,1,2,135,0.000,0.000,2.620,2.620,55.6
1339888740,55.5,88,52.0,30.239,1,3,135,0.000,0.000,2.620,2.620,55.5
1339888800,55.5,88,52.0,30.239,1,2,135,0.000,0.000,2.620,2.620,55.5
1339888860,55.5,88,52.0,30.240,0,0,135,0.000,0.000,2.620,2.620,55.5
1339888920,55.5,88,52.0,30.239,0,0,135,0.000,0.000,2.620,2.620,55.5
1339888980,55.5,88,52.0,30.239,0,0,135,0.000,0.000,2.620,2.620,55.5
1339889040,55.5,88,52.0,30.240,0,0,135,0.000,0.000,2.620,2.620,55.5
1339889100,55.5,88,52.0,30.239,0,1,135,0.000,0.000,2.620,2.620,55.5
1339889160,55.5,88,52.0,30.239,1,3,180,0.000,0.000,2.620,2.620,55.5
1339889220,55.6,88,52.1,30.238,0,0,180,0.000,0.000,2.620,2.620,55.6
1339889280,55.5,88,52.0,30.238,0,2,180,0.000,0.000,2.620,2.620,55.5
1339889340,55.5,88,52.0,30.236,0,0,180,0.000,0.000,2.620,2.620,55.5
1339889400,55.5,88,52.0,30.235,0,0,180,0.000,0.000,2.620,2.620,55.5
1339889460,55.5,88,52.0,30.236,0,0,180,0.000,0.000,2.620,2.620,55.5
1339889520,55.5,88,52.0,30.234,0,2,180,0.000,0.000,2.620,2.620,55.5
1339889580,55.5,88,52.0,30.236,1,2,180,0.000,0.000,2.620,2.620,55.5
1339889640,55.4,88,51.9,30.235,0,1,180,0.000,0.000,2.620,2.620,55.4
1339889700,55.4,88,51.9,30.238,0,1,180,0.000,0.000,2.620,2.620,55.4
1339889760,55.4,88,51.9,30.237,1,2,180,0.000,0.000,2.620,2.620,55.4
1339889820,55.4,88,51.9,30.237,0,2,180,0.000,0.000,2.620,2.620,55.4
1339889880,55.3,88,51.8,30.239,0,1,180,0.000,0.000,2.620,2.620,55.3
1339889940,55.3,88,51.8,30.238,0,1,180,0.000,0.000,2.620,2.620,55.3
1339890000,55.3,88,51.8,30.238,0,0,180,0.000,0.000,2.620,2.620,55.3
1339890060,55.3,88,51.8,30.238,0,0,180,0.000,0.000,2.620,2.620,55.3
1339890120,55.3,88,51.8,30.237,0,2,180,0.000,0.000,2.620,2.620,55.3
1339890180,55.3,88,51.8,30.237,2,3,180,0.000,0.000,2.620,2.620,55.3
1339890240,55.2,88,51.7,30.237,0,1,180,0.000,0.000,2.620,2.620,55.2
1339890300,55.2,88,51.7,30.237,0,1,202,0.000,0.000,2.620,2.620,55.2
1339890360,55.2,88,51.7,30.237,0,2,202,0.000,0.000,2.620,2.620,55.2
1339890420,55.1,88,51.6,30.236,1,3,180,0.000,0.000,2.620,2.620,55.1
1339890480,55.1,88,51.6,30.237,0,2,158,0.000,0.000,2.620,2.620,55.1
1339890540,55.1,88,51.6,30.237,0,1,158,0.000,0.000,2.620,2.620,55.1
1339890600,55.1,88,51.6,30.237,0,1,158,0.000,0.000,2.620,2.620,55.1
1339890660,55.1,88,51.6,30.235,1,3,202,0.000,0.000,2.620,2.620,55.1
1339890720,55.1,88,51.6,30.233,1,3,202,0.000,0.000,2.620,2.620,55.1
1339890780,55.0,88,51.5,30.236,1,3,180,0.000,0.000,2.620,2.620,55.0
1339890840,55.0,88,51.5,30.234,1,2,180,0.000,0.000,2.620,2.620,55.0
1339890900,55.0,88,51.5,30.234,1,3,180,0.000,0.000,2.620,2.620,55.0
1339890960,54.9,88,51.4,30.233,2,3,180,0.000,0.000,2.620,2.620,54.9
1339891020,54.9,87,51.1,30.235,1,3,158,0.000,0.000,2.620,2.620,54.9
1339891080,54.9,87,51.1,30.235,1,2,158,0.000,0.000,2.620,2.620,54.9
1339891140,54.9,88,51.4,30.234,1,3,158,0.000,0.000,2.620,2.620,54.9
